product_code,product_name,responsible_agency,in_calendar,last_publish_date,active,documents,sources,kd_count,kd_latest_year,kd_latest_url,bas_count,bas_latest_year,bas_latest_url,staf_count,staf_latest_year,staf_latest_url,scbdok_count,scbdok_latest_year,scbdok_latest_url,metaplus_count,metaplus_latest_year,metaplus_latest_url
AA0003,Registerdata för integration,Statistiska centralbyrån,True,2026-02-18,True,0,[],0,,,0,,,0,,,0,,,0,,
AA0101,SCB-indikatorer,Statistiska centralbyrån,True,2020-12-02,False,0,[],0,,,0,,,0,,,0,,,0,,
AA9998,Temarapporter,Statistiska centralbyrån,True,2014-02-24,False,0,[],0,,,0,,,0,,,0,,,0,,
AA9999,"Övriga publikationer, statistik",Statistiska centralbyrån,True,2014-11-19,False,0,[],0,,,0,,,0,,,0,,,0,,
AM0000,Arbetsmarknad allmän statistik,Statistiska centralbyrån,True,2007-11-20,False,0,[],0,,,0,,,0,,,0,,,0,,
AM0101,"Konjunkturstatistik, löner för privat sektor",Medlingsinstitutet,True,2026-12-22,True,55,"[""scb""]",10,2026,https://www.scb.se/contentassets/b04d77415f7b4a53ba98d02e9727fa98/am0101_kd_2026.pdf,17,2016,https://www.scb.se/contentassets/b04d77415f7b4a53ba98d02e9727fa98/am0101_bs_2016_es_160415.pdf,9,2026,https://www.scb.se/contentassets/b04d77415f7b4a53ba98d02e9727fa98/am0101_staf_2026.pdf,18,2017,https://www.scb.se/contentassets/b04d77415f7b4a53ba98d02e9727fa98/am0101_do_2017_es_170515.pdf,1,,https://metadata.scb.se/?produkt=AM0101
AM0102,"Konjunkturstatistik, löner för statlig sektor",Medlingsinstitutet,True,2026-12-22,True,55,"[""scb""]",10,2026,https://www.scb.se/contentassets/7d51b38bac6a4c1abae438f06ea84d81/am0102_kd_2026.pdf,17,2016,https://www.scb.se/contentassets/7d51b38bac6a4c1abae438f06ea84d81/am0102_bs_2016_al_160311.pdf,9,2026,https://www.scb.se/contentassets/7d51b38bac6a4c1abae438f06ea84d81/am0102_staf_2026.pdf,18,2017,https://www.scb.se/contentassets/7d51b38bac6a4c1abae438f06ea84d81/am0102_do_2017_lo_170410.pdf,1,,https://metadata.scb.se/?produkt=AM0102
AM0103,"Lönestrukturstatistik, privat sektor",Medlingsinstitutet,True,2026-05-19,True,54,"[""scb""]",10,2025,https://www.scb.se/contentassets/97b958f7258b45d284f96669d5e4590d/am0103_kd_2025_dw_260519.pdf,17,2015,https://www.scb.se/contentassets/97b958f7258b45d284f96669d5e4590d/am0103_bs_2015.pdf,9,2025,https://www.scb.se/contentassets/97b958f7258b45d284f96669d5e4590d/am0103_staf_2025_dw_260519.pdf,17,2016,https://www.scb.se/contentassets/97b958f7258b45d284f96669d5e4590d/am0103_do_2016_dw_170428.pdf,1,,https://metadata.scb.se/?produkt=AM0103
AM0104,"Lönestrukturstatistik, statlig sektor",Medlingsinstitutet,True,2026-05-19,True,56,"[""scb""]",9,2025,https://www.scb.se/contentassets/22d9141dc4274fdfa53009185dca990e/am0104_kd_2025.pdf,17,2015,https://www.scb.se/contentassets/22d9141dc4274fdfa53009185dca990e/am0104_bs_2015_ln_160427.pdf,8,2025,https://www.scb.se/contentassets/22d9141dc4274fdfa53009185dca990e/am0104_staf_2025.pdf,21,2016,https://www.scb.se/contentassets/22d9141dc4274fdfa53009185dca990e/am0104_do_2016_ln_170512.pdf,1,,https://metadata.scb.se/?produkt=AM0104
AM0105,Lönestrukturstatistik för regioner,Medlingsinstitutet,True,2026-05-19,True,50,"[""scb""]",10,2025,https://www.scb.se/contentassets/beb2e8c431c542b89d17a7c3ee72a860/am0105_kd_2025.pdf,17,2015,https://www.scb.se/contentassets/beb2e8c431c542b89d17a7c3ee72a860/am0105_bs_2015_es_160520.pdf,9,2025,https://www.scb.se/contentassets/beb2e8c431c542b89d17a7c3ee72a860/am0105_staf_2025.pdf,13,2016,https://www.scb.se/contentassets/beb2e8c431c542b89d17a7c3ee72a860/am0105_do_2016_es_170526.pdf,1,,https://metadata.scb.se/?produkt=AM0105
AM0106,Lönestrukturstatistik för kommuner,Medlingsinstitutet,True,2026-05-19,True,61,"[""scb""]",10,2025,https://www.scb.se/contentassets/5df4fe725ad848e6864569a465ebba17/am0106_kd_2025.pdf,20,2015,https://www.scb.se/contentassets/5df4fe725ad848e6864569a465ebba17/am0106_bs_2015_lo_160511.pdf,9,2025,https://www.scb.se/contentassets/5df4fe725ad848e6864569a465ebba17/am0106_staf_2025.pdf,21,2016,https://www.scb.se/contentassets/5df4fe725ad848e6864569a465ebba17/am0106_do_2016_lo_170526.pdf,1,,https://metadata.scb.se/?produkt=AM0106
AM0108,"Konjunkturstatistik, löner för kommuner",Medlingsinstitutet,True,2026-12-22,True,52,"[""scb""]",10,2026,https://www.scb.se/contentassets/34d2483e8ede42869f75497566dab92f/am0108_kd_2026_v1_20260330.pdf,16,2016,https://www.scb.se/contentassets/34d2483e8ede42869f75497566dab92f/am0108_bs_2016_ln_160322.pdf,9,2026,https://www.scb.se/contentassets/34d2483e8ede42869f75497566dab92f/am0108_staf_2026_v1_20260330.pdf,16,2017,https://www.scb.se/contentassets/34d2483e8ede42869f75497566dab92f/am0108_do_2017_ln_170330.pdf,1,,https://metadata.scb.se/?produkt=AM0108
AM0109,"Konjunkturstatistik, löner för regioner",Medlingsinstitutet,True,2026-12-22,True,52,"[""scb""]",10,2026,https://www.scb.se/contentassets/aa84a50879554da7ab774818348b9fa1/am0109_kd_2026_v1_20260330.pdf,16,2016,https://www.scb.se/contentassets/aa84a50879554da7ab774818348b9fa1/am0109_bs_2016_ln_160322.pdf,9,2026,https://www.scb.se/contentassets/aa84a50879554da7ab774818348b9fa1/am0109_staf_2026_v1_20260330.pdf,16,2017,https://www.scb.se/contentassets/aa84a50879554da7ab774818348b9fa1/am0109_do_2017_ln_170330.pdf,1,,https://metadata.scb.se/?produkt=AM0109
AM0110,"Lönestrukturstatistik, hela ekonomin",Medlingsinstitutet,True,2026-06-16,True,22,"[""scb""]",10,2025,https://www.scb.se/contentassets/866428f1e4c346ccabe0c37ec2f33170/am0110_kd_2025.pdf,11,2015,https://www.scb.se/contentassets/866428f1e4c346ccabe0c37ec2f33170/am0110_bs_2015.pdf,0,,,0,,,1,,https://metadata.scb.se/?produkt=AM0110
AM0114,Labour cost index,Medlingsinstitutet,True,2026-12-09,True,45,"[""scb""]",10,2026,https://www.scb.se/contentassets/208d55e7fe584167ac239a03e86689f8/am0114_kd_2026_ls_260610.pdf,12,2016,https://www.scb.se/contentassets/208d55e7fe584167ac239a03e86689f8/am0114_bs_2016.pdf,9,2026,https://www.scb.se/contentassets/208d55e7fe584167ac239a03e86689f8/am0114_staf_2026_sh_260610.pdf,13,2017,https://www.scb.se/contentassets/208d55e7fe584167ac239a03e86689f8/am0114_do_2017_ls_171027.pdf,1,,https://metadata.scb.se/?produkt=AM0114
AM0116,,,False,,False,2,"[""scb""]",0,,,0,,,0,,,1,2010,https://www.scb.se/contentassets/53f9a9a5dbcb4da98af7f33d0cb1ee03/am0116_do_2010.pdf,1,,https://metadata.scb.se/?produkt=AM0116
AM0117,Labour Cost Survey,Medlingsinstitutet,True,2020-05-22,False,5,"[""scb""]",0,,,2,2012,https://www.scb.se/contentassets/f3fea9f51c374b35aa775b4f91e811e5/am0117_bs_2012_160121.pdf,0,,,2,2012,https://www.scb.se/contentassets/f3fea9f51c374b35aa775b4f91e811e5/am0117_do_2012.pdf,1,,https://metadata.scb.se/?produkt=AM0117
AM0118,Konjunkturlöner för privat och offentlig sektor,Medlingsinstitutet,True,2008-12-30,False,0,[],0,,,0,,,0,,,0,,,0,,
AM0201,Kortperiodisk sysselsättningsstatistik,Statistiska centralbyrån,True,2024-02-23,False,40,"[""scb""]",7,2023,https://www.scb.se/contentassets/5031de6464a746bfb6d2e1098ef3ddfa/am0201_kd_2023.pdf,14,2016,https://www.scb.se/contentassets/5031de6464a746bfb6d2e1098ef3ddfa/am0201_bs_2016_dh_160517.pdf,6,2023,https://www.scb.se/contentassets/5031de6464a746bfb6d2e1098ef3ddfa/am0201_staf_2023.pdf,12,2017,https://www.scb.se/contentassets/5031de6464a746bfb6d2e1098ef3ddfa/am0201_do_2017_dh_170913.pdf,1,,https://metadata.scb.se/?produkt=AM0201
AM0206,"Lönesummor, arbetsgivaravgifter och preliminär A-skatt",Statistiska centralbyrån,True,2025-02-21,False,41,"[""scb""]",8,2024,https://www.scb.se/contentassets/ed9c9ec77ef8447f9fd3e4d3964768c3/am0206_kd_2024_v1_20240524.pdf,14,2016,https://www.scb.se/contentassets/ed9c9ec77ef8447f9fd3e4d3964768c3/am0206_bs_2016_mb_160421.pdf,7,2024,https://www.scb.se/contentassets/ed9c9ec77ef8447f9fd3e4d3964768c3/am0206_staf_2024_v1_20240524.pdf,11,2017,https://www.scb.se/contentassets/ed9c9ec77ef8447f9fd3e4d3964768c3/am0206_do_2017_mb_170830.pdf,1,,https://metadata.scb.se/?produkt=AM0206
AM0207,Registerbaserad arbetsmarknadsstatistik,Statistiska centralbyrån,True,2022-11-24,False,53,"[""scb""]",6,2021,https://www.scb.se/contentassets/a5f118521a3145c0bcb008ff39805e15/am0207_kd_2021.pdf,21,2015,https://www.scb.se/contentassets/a5f118521a3145c0bcb008ff39805e15/am0207_bs_2015.pdf,5,2021,https://www.scb.se/contentassets/a5f118521a3145c0bcb008ff39805e15/am0207_staf_2021.pdf,20,2016,https://www.scb.se/contentassets/a5f118521a3145c0bcb008ff39805e15/am0207_do_2016_171211_se.pdf,1,,https://metadata.scb.se/?produkt=AM0207
AM0208,Yrkesregistret med yrkesstatistik,Statistiska centralbyrån,True,2027-01-19,True,51,"[""scb""]",10,2024,https://www.scb.se/contentassets/ba5b9a35c5e54a13bc711de91af92828/am0208_kd_2024_20260116.pdf,15,2014,https://www.scb.se/contentassets/ba5b9a35c5e54a13bc711de91af92828/am0208_bs_2014_le_160310.pdf,9,2024,https://www.scb.se/contentassets/ba5b9a35c5e54a13bc711de91af92828/am0208_staf_2024_20260116.pdf,16,2015,https://www.scb.se/contentassets/ba5b9a35c5e54a13bc711de91af92828/am0208_do_2015_le_170406.pdf,1,,https://metadata.scb.se/?produkt=AM0208
AM0209,Konjunkturstatistik över sjuklöner,Statistiska centralbyrån,True,2024-03-05,False,39,"[""scb""]",7,2023,https://www.scb.se/contentassets/18792506066d4f7eb037781ff4321a69/am0209_kd_2023_230608.pdf,12,2016,https://www.scb.se/contentassets/18792506066d4f7eb037781ff4321a69/am0209_bs_2016.pdf,6,2023,https://www.scb.se/contentassets/18792506066d4f7eb037781ff4321a69/am0209_staf_2023_230608.pdf,13,2017,https://www.scb.se/contentassets/18792506066d4f7eb037781ff4321a69/am0209_do_2017_hz_170919.pdf,1,,https://metadata.scb.se/?produkt=AM0209
AM0210,Befolkningens arbetsmarknadsstatus,Statistiska centralbyrån,True,2026-12-22,True,35,"[""scb""]",17,2026,https://www.scb.se/contentassets/592dcafe2a3b4e65b8e5434796bab0af/am0210_kd_2026_prel_man_20260528.pdf,0,,,17,2026,https://www.scb.se/contentassets/592dcafe2a3b4e65b8e5434796bab0af/am0210_staf_2026.pdf,0,,,1,,https://metadata.scb.se/?produkt=AM0210
AM0211,Anställningar,Statistiska centralbyrån,True,2026-12-22,True,15,"[""scb""]",7,2026,https://www.scb.se/contentassets/25e98a5fc02e431cbc77e1146773b047/am0211_kd_2026_wn_260331.pdf,0,,,7,2026,https://www.scb.se/contentassets/25e98a5fc02e431cbc77e1146773b047/am0211_staf_2026_wn_260331.pdf,0,,,1,,https://metadata.scb.se/?produkt=AM0211
AM0301,Arbetskostnadsindex för arbetare och tjänstemän inom privat sektor,Statistiska centralbyrån,True,2026-12-22,True,49,"[""scb""]",10,2026,https://www.scb.se/contentassets/0b8168815be949e89a20deecfb8aa2d1/am0301_kd_2026_260429.pdf,16,2016,https://www.scb.se/contentassets/0b8168815be949e89a20deecfb8aa2d1/am0301_bs_2016_ls_160429.pdf,9,2026,https://www.scb.se/contentassets/0b8168815be949e89a20deecfb8aa2d1/am0301_staf_2026_260429.pdf,13,2017,https://www.scb.se/contentassets/0b8168815be949e89a20deecfb8aa2d1/am0301_do_2017_ls_170621.pdf,1,,https://metadata.scb.se/?produkt=AM0301
AM0302,Registerbaserad lönesummestatistik,Statistiska centralbyrån,True,2026-12-03,True,59,"[""scb""]",9,2024,https://www.scb.se/contentassets/1badb9e0dca24c0686f6932b5408657a/am0302_kd_2024_le_20251203.pdf,20,2015,https://www.scb.se/contentassets/1badb9e0dca24c0686f6932b5408657a/am0302_bs_2015.pdf,8,2024,https://www.scb.se/contentassets/1badb9e0dca24c0686f6932b5408657a/am0302_staf_2024_le_20251203.pdf,21,2016,https://www.scb.se/contentassets/1badb9e0dca24c0686f6932b5408657a/am0302_do_2016_mn_171218.pdf,1,,https://metadata.scb.se/?produkt=AM0302
AM0401,Arbetskraftsundersökningarna,Statistiska centralbyrån,True,2027-12-17,True,52,"[""scb""]",10,2026,https://www.scb.se/contentassets/c12fd0d28d604529b2b4ffc2eb742fbe/am0401_kd_2026_20260216.pdf,14,2016,https://www.scb.se/contentassets/a0b66217ccac455ab68eeacb21a7758a/am0401_bs_2016_ck_160219.pdf,9,2026,https://www.scb.se/contentassets/c12fd0d28d604529b2b4ffc2eb742fbe/am0401_staf_2026_v2_20260216.pdf,18,2017,https://www.scb.se/contentassets/a0b66217ccac455ab68eeacb21a7758a/am0401_do_2017_fo_170420.pdf,1,,https://metadata.scb.se/?produkt=AM0401
AM0403,,,False,,False,1,"[""scb""]",0,,,0,,,0,,,0,,,1,,https://metadata.scb.se/?produkt=AM0403
AM0501,Arbetsmiljöundersökningen,Arbetsmiljöverket,True,2025-05-05,False,28,"[""scb""]",4,2024,https://www.scb.se/contentassets/a2ad4e9c34774bb096179640bd44a6f1/am0501_2024_kvalitetsdeklaration.pdf,9,2015,https://www.scb.se/contentassets/a2ad4e9c34774bb096179640bd44a6f1/am0501_bs_2015.pdf,4,2024,https://www.scb.se/contentassets/a2ad4e9c34774bb096179640bd44a6f1/am0501_staf_2024-.pdf,10,2015,https://www.scb.se/contentassets/a2ad4e9c34774bb096179640bd44a6f1/am0501_do_2015.pdf,1,,https://metadata.scb.se/?produkt=AM0501
AM0502,Arbetsorsakade besvär,Arbetsmiljöverket,True,2025-10-08,True,31,"[""sam"", ""scb""]",5,2024,https://www.scb.se/contentassets/6c54975b70534fa6a19b1c266a207430/am0502_kd_2024_v1_20251018.pdf,11,2016,https://www.scb.se/contentassets/6c54975b70534fa6a19b1c266a207430/am0502_bs_2016_ip_161005.pdf,4,2024,https://www.scb.se/contentassets/6c54975b70534fa6a19b1c266a207430/am0502_staf_2024_v1_20251018.pdf,10,2016,https://www.scb.se/contentassets/6c54975b70534fa6a19b1c266a207430/am0502_do_2016.pdf,1,,https://metadata.scb.se/?produkt=AM0502
AM0503,Situationen på arbetsmarknaden för personer med funktionsnedsättning - äldre statistik,Statistiska centralbyrån,True,2025-04-28,False,11,"[""scb""]",3,2024,https://www.scb.se/contentassets/257c960709b747fe8ba98ffbd6f466f0/am0503_kd_2024_20250428.pdf,3,2008,https://www.scb.se/contentassets/6e8c4d830dfd4b3fbbf43b2651e165c0/am0503_bs_2008.pdf,3,2024,https://www.scb.se/contentassets/257c960709b747fe8ba98ffbd6f466f0/am0503_staf_2024_20250428.pdf,1,2004,https://www.scb.se/contentassets/6e8c4d830dfd4b3fbbf43b2651e165c0/am0503_do_2004.pdf,1,,https://metadata.scb.se/?produkt=AM0503
AM0602,Arbetsskador,Arbetsmiljöverket,True,2026-06-10,True,0,[],0,,,0,,,0,,,0,,,0,,
AM0701,Konjunkturstatistik över vakanser,Statistiska centralbyrån,True,2024-05-24,False,44,"[""scb""]",8,2024,https://www.scb.se/contentassets/694093014c57449d98d8f0d0e3d439a0/am0701_kd_2024_20240524.pdf,15,2016,https://www.scb.se/contentassets/694093014c57449d98d8f0d0e3d439a0/am0701_bs_2016_pa_160510.pdf,7,2024,https://www.scb.se/contentassets/694093014c57449d98d8f0d0e3d439a0/am0701_staf_2024_20240524.pdf,13,2017,https://www.scb.se/contentassets/694093014c57449d98d8f0d0e3d439a0/am0701_do_2017_dh_170913.pdf,1,,https://metadata.scb.se/?produkt=AM0701
AM0702,Lediga jobb och rekryteringsbehov,Statistiska centralbyrån,True,2026-11-27,True,8,"[""scb""]",3,2026,https://www.scb.se/contentassets/02b7a5279b2947638230be9a0ccb0927/am0702_kd_2026_v2_20260828.pdf,0,,,4,2026,https://www.scb.se/contentassets/02b7a5279b2947638230be9a0ccb0927/am0702_staf_2026_v2_20260828.pdf,0,,,1,,https://metadata.scb.se/?produkt=AM0702
AM7001,Situationen på arbetsmarknaden för personer med funktionsnedsättning,Statistiska centralbyrån,True,2026-09-24,True,3,"[""scb""]",1,2025,https://www.scb.se/contentassets/257c960709b747fe8ba98ffbd6f466f0/am7001_kd_2025_v1_20260427.pdf,0,,,1,2025,https://www.scb.se/contentassets/257c960709b747fe8ba98ffbd6f466f0/am7001_staf_2025_v1_20260427.pdf,0,,,1,,https://metadata.scb.se/?produkt=AM7001
AM9901,Longitudinell Integrationsdatabas för sjukförsäkrings- och arbetsmarknadsstudier,Statistiska centralbyrån,True,2016-02-01,False,5,"[""scb""]",0,,,4,2010,https://www.scb.se/contentassets/6e6d2915b9534359b88521c58095101f/am9901_bs_2010.pdf,0,,,0,,,1,,https://metadata.scb.se/?produkt=AM9901
AM9903,Fokus på näringsliv och arbetsmarknad,Statistiska centralbyrån,True,2017-02-10,False,7,"[""scb""]",0,,,6,2012,https://www.scb.se/contentassets/499655a8ec5a49cbb71a054423bdce89/am9903_bs_2012.pdf,0,,,0,,,1,,https://metadata.scb.se/?produkt=AM9903
AM9906,Regionala Matchningsindikatorer,Statistiska centralbyrån,True,2026-12-02,True,0,[],0,,,0,,,0,,,0,,,0,,
AM9999,Arbetsmarknad övrigt,Statistiska centralbyrån,True,2003-08-11,False,0,[],0,,,0,,,0,,,0,,,0,,
BE0000,Befolkning allmän statistik,Statistiska centralbyrån,True,2004-10-04,False,0,[],0,,,0,,,0,,,0,,,0,,
BE0001,Namnstatistik,Statistiska centralbyrån,True,2023-01-31,False,49,"[""scb""]",6,2022,https://www.scb.se/contentassets/c14a4b2b07ca49e7975f4af29bf48409/be0001_kd_2022.pdf,18,2016,https://www.scb.se/contentassets/c14a4b2b07ca49e7975f4af29bf48409/be0001_bs_2016_mc_170118.pdf,6,2022,https://www.scb.se/contentassets/c14a4b2b07ca49e7975f4af29bf48409/be0001_staf_2022.pdf,18,2016,https://www.scb.se/contentassets/c14a4b2b07ca49e7975f4af29bf48409/be0001_do_2016_mc_170317.pdf,1,,https://metadata.scb.se/?produkt=BE0001
BE0101,Befolkningsstatistik,Statistiska centralbyrån,True,2027-12-08,True,77,"[""scb""]",19,2026,https://www.scb.se/contentassets/9299bfcd87ba4c828a8d46b4db49d67a/be0101_-kd_2026_ma_260310.pdf,26,2016,https://www.scb.se/contentassets/9299bfcd87ba4c828a8d46b4db49d67a/be0101_bs_2016_tj_160310_prel.pdf,9,2026,https://www.scb.se/contentassets/9299bfcd87ba4c828a8d46b4db49d67a/be0101_staf_2026_gs_260310.pdf,22,2017,https://www.scb.se/contentassets/9299bfcd87ba4c828a8d46b4db49d67a/be0101_do_2017_tj_170419.pdf,1,,https://metadata.scb.se/?produkt=BE0101
BE0103,,,False,,False,2,"[""scb""]",0,,,0,,,0,,,1,2011,https://www.scb.se/contentassets/70a2e15f331d49c78df107fb12baa4e9/be0103_do_2011.pdf,1,,https://metadata.scb.se/?produkt=BE0103
BE0205,,,False,,False,9,"[""scb""]",0,,,1,2000,https://www.scb.se/contentassets/c0dbe46b69f64b90b221bfaaff678d45/be0205_bs_2000.pdf,2,1985,https://www.scb.se/contentassets/c0dbe46b69f64b90b221bfaaff678d45/be0205_d_1985.pdf,5,1990,https://www.scb.se/contentassets/c0dbe46b69f64b90b221bfaaff678d45/be0205_do_1990.pdf,1,,https://metadata.scb.se/?produkt=BE0205
BE0401,Befolkningsframskrivningar,Statistiska centralbyrån,True,2026-04-16,True,53,"[""scb""]",16,2070,https://www.scb.se/contentassets/77d1f12a07214b528b2141df9bb818cf/be0401_kd_2026-2070_ll_260416.pdf,14,2060,https://www.scb.se/contentassets/77d1f12a07214b528b2141df9bb818cf/be0401_bs_2015-2060.pdf,16,2070,https://www.scb.se/contentassets/77d1f12a07214b528b2141df9bb818cf/be0401_staf_2026-2070_ll_260416.pdf,6,2060,https://www.scb.se/contentassets/77d1f12a07214b528b2141df9bb818cf/be0401_do_2017-2060_ll_170511.pdf,1,,https://metadata.scb.se/?produkt=BE0401
BE0701,Demografisk analys,Statistiska centralbyrån,True,2026-05-27,True,29,"[""scb""]",11,2025,https://www.scb.se/contentassets/67bbc721377f47659568254a88e28627/be0701_kd_2025_26052_0831.pdf,4,2015,https://www.scb.se/contentassets/67bbc721377f47659568254a88e28627/be0701_bs_2015_oh_160608.pdf,9,2025,https://www.scb.se/contentassets/67bbc721377f47659568254a88e28627/be0701_staf_2025_260527_0831.pdf,4,2015,https://www.scb.se/contentassets/67bbc721377f47659568254a88e28627/be0701_do_2015.pdf,1,,https://metadata.scb.se/?produkt=BE0701
BE9999,Befolkning övrigt,Statistiska centralbyrån,True,2013-10-31,False,0,[],0,,,0,,,0,,,0,,,0,,
BO0101,"Bygglov, nybyggnad och ombyggnad",Statistiska centralbyrån,True,2026-11-23,True,63,"[""scb""]",10,2026,https://www.scb.se/contentassets/34907586e4474520bd074ffdeb0de61b/bo0101_kd_2026_jj_20260525.pdf,18,2016,https://www.scb.se/contentassets/34907586e4474520bd074ffdeb0de61b/bo0101_bs_2016_jj_160520.pdf,8,2026,https://www.scb.se/contentassets/34907586e4474520bd074ffdeb0de61b/bo0101_staf_2026_ck_20260525.pdf,26,2017,https://www.scb.se/contentassets/34907586e4474520bd074ffdeb0de61b/bo0101_do_2017_al_170713.pdf,1,,https://metadata.scb.se/?produkt=BO0101
BO0102,Ombyggnad och rivning av flerbostadshus,Statistiska centralbyrån,True,2023-02-24,False,37,"[""scb""]",3,2021,https://www.scb.se/contentassets/34907586e4474520bd074ffdeb0de61b/bo0102_kd_2021.pdf,18,2016,https://www.scb.se/contentassets/34907586e4474520bd074ffdeb0de61b/bo0102_bs_2016.pdf,0,,,16,2016,https://www.scb.se/contentassets/34907586e4474520bd074ffdeb0de61b/bo0102_do_2016_jj_160711.pdf,0,,
BO0104,Bostadsbestånd,Statistiska centralbyrån,True,2026-04-17,True,34,"[""scb""]",10,2025,https://www.scb.se/contentassets/70390a71b4e4494a953bf46d0aa36fff/bo0104_kd_2025.pdf,10,2015,https://www.scb.se/contentassets/70390a71b4e4494a953bf46d0aa36fff/bo0104_bs_2015.pdf,9,2025,https://www.scb.se/contentassets/70390a71b4e4494a953bf46d0aa36fff/bo0104_staf_2025.pdf,4,2016,https://www.scb.se/contentassets/70390a71b4e4494a953bf46d0aa36fff/bo0104_do_2016_mv_170510.pdf,1,,https://metadata.scb.se/?produkt=BO0104
BO0201,Priser för nyproducerade bostäder,Statistiska centralbyrån,True,2026-12-04,True,57,"[""scb""]",9,2024,https://www.scb.se/contentassets/7a3774522128424eb8e303a548ee3abb/bo0201_kd_2024_260217.pdf,17,2015,https://www.scb.se/contentassets/7a3774522128424eb8e303a548ee3abb/bo0201_bs_2015.pdf,8,2024,https://www.scb.se/contentassets/7a3774522128424eb8e303a548ee3abb/bo0201_staf_2024_260217.pdf,22,2016,https://www.scb.se/contentassets/7a3774522128424eb8e303a548ee3abb/bo0201_do_2016_171220_tl.pdf,1,,https://metadata.scb.se/?produkt=BO0201
BO0301,Intäkts- och kostnadsundersökning för flerbostadshus,Statistiska centralbyrån,True,2017-06-02,False,23,"[""scb""]",1,2015,https://www.scb.se/contentassets/0ad2ba43f02b4efda63e3deedd17e151/bo0301_kd_2015_ms_170602.pdf,13,2013,https://www.scb.se/contentassets/0ad2ba43f02b4efda63e3deedd17e151/bo0301_bs_2013__150609.pdf,0,,,8,2015,https://www.scb.se/contentassets/0ad2ba43f02b4efda63e3deedd17e151/bo0301_do_2015_ms_170627.pdf,1,,https://metadata.scb.se/?produkt=BO0301
BO0303,Outhyrda bostadslägenheter i flerbostadshus,Statistiska centralbyrån,True,2024-12-10,False,33,"[""scb""]",4,2024,https://www.scb.se/contentassets/190f0f72a2c3434794f7841cb28d6582/bo0303_kd_2024_v1_20241210.pdf,12,2015,https://www.scb.se/contentassets/190f0f72a2c3434794f7841cb28d6582/bo0303_bs_2015.pdf,4,2024,https://www.scb.se/contentassets/190f0f72a2c3434794f7841cb28d6582/bo0303_staf_2024_v1_20241210.pdf,12,2015,https://www.scb.se/contentassets/190f0f72a2c3434794f7841cb28d6582/bo0303_do_2015_160127.pdf,1,,https://metadata.scb.se/?produkt=BO0303
BO0404,Avgifter/hyror för nybyggda lägenheter,Statistiska centralbyrån,True,2026-10-02,True,45,"[""scb""]",11,2025,https://www.scb.se/contentassets/90ccf2c3383a48b6b8e7cdb209ce680c/bo0404_kd_2025_v01_261002.pdf,16,2015,https://www.scb.se/contentassets/90ccf2c3383a48b6b8e7cdb209ce680c/bo0404_bs_2015_tl_161006.pdf,9,2025,https://www.scb.se/contentassets/90ccf2c3383a48b6b8e7cdb209ce680c/bo0404_staf_2025_v01_261002.pdf,8,2016,https://www.scb.se/contentassets/90ccf2c3383a48b6b8e7cdb209ce680c/bo0404_do_2016_171221_tl.pdf,1,,https://metadata.scb.se/?produkt=BO0404
BO0405,,,False,,False,4,"[""scb""]",0,,,4,2002,https://www.scb.se/contentassets/b4164424f3344c6a9b6ee9bf7c5029fa/bo0405_bs_2002.pdf,0,,,0,,,0,,
BO0406,Hyror i bostadslägenheter,Statistiska centralbyrån,True,2026-10-02,True,42,"[""scb""]",10,2026,https://www.scb.se/contentassets/b4164424f3344c6a9b6ee9bf7c5029fa/bo0406_kd_2026_v1_20261002.pdf,12,2016,https://www.scb.se/contentassets/b4164424f3344c6a9b6ee9bf7c5029fa/bo0406_bs_2016_kk_161109.pdf,9,2026,https://www.scb.se/contentassets/b4164424f3344c6a9b6ee9bf7c5029fa/bo0406_staf_2026_v1_20261002.pdf,10,2017,https://www.scb.se/contentassets/b4164424f3344c6a9b6ee9bf7c5029fa/bo0406_do_2017_171110_at2.pdf,1,,https://metadata.scb.se/?produkt=BO0406
BO0501,Fastighetspriser och lagfarter,Statistiska centralbyrån,True,2026-12-03,True,54,"[""scb""]",10,2026,https://www.scb.se/contentassets/8ae0112f2fed4f6ba9608253d794d286/bo0501_kd_2026_v1_20260205.pdf,17,2016,https://www.scb.se/contentassets/8ae0112f2fed4f6ba9608253d794d286/bo0501_bs_2016.pdf,9,2026,https://www.scb.se/contentassets/8ae0112f2fed4f6ba9608253d794d286/bo0501_staf_2026_v1_20260205.pdf,17,2017,https://www.scb.se/contentassets/8ae0112f2fed4f6ba9608253d794d286/bo0501_do_2017_ns_170529.pdf,1,,https://metadata.scb.se/?produkt=BO0501
BO0601,Fastighetstaxeringar,Statistiska centralbyrån,True,2026-12-16,True,52,"[""scb""]",9,2025,https://www.scb.se/contentassets/5dbb23096d3d438781b18ead7733da99/bo0601_kd_2025_v1_20251211.pdf,17,2016,https://www.scb.se/contentassets/5dbb23096d3d438781b18ead7733da99/bo0601_bs_2016.pdf,9,2025,https://www.scb.se/contentassets/5dbb23096d3d438781b18ead7733da99/bo0601_staf_2025_v1_20251211.pdf,16,2016,https://www.scb.se/contentassets/5dbb23096d3d438781b18ead7733da99/bo0601_do_2016_1701110_mw.pdf,1,,https://metadata.scb.se/?produkt=BO0601
BO0701,Bygglovsstatistik för bostäder och lokaler,Statistiska centralbyrån,True,2023-02-24,False,32,"[""scb""]",3,2021,https://www.scb.se/contentassets/34907586e4474520bd074ffdeb0de61b/bo0701_kd_2021.pdf,18,2016,https://www.scb.se/contentassets/34907586e4474520bd074ffdeb0de61b/bo0701_bs_2016_jj_160517.pdf,1,2023,https://www.scb.se/contentassets/34907586e4474520bd074ffdeb0de61b/bo0701_staf_2023_kc_230525.pdf,10,2016,https://www.scb.se/globalassets/bo0701_do_2016_jj_160706.pdf,0,,
BO0801,Bostads- och byggnadsstatistisk årsbok,Statistiska centralbyrån,True,2012-03-16,False,0,[],0,,,0,,,0,,,0,,,0,,
BO9999,"Boende, byggande och bebyggelse övrigt",Statistiska centralbyrån,True,2003-09-11,False,0,[],0,,,0,,,0,,,0,,,0,,
EN0101,Energistatistik för flerbostadshus,Statens energimyndighet,True,2026-06-10,True,15,"[""sam""]",9,2025,https://www.energimyndigheten.se/49ccbc/globalassets/statistik/officiell-statistik/statistikprodukter/energistatistik-i-flerbostadshus/bas/en0101-kvalitetsdeklaration-2025.pdf,6,2015,https://www.energimyndigheten.se/4a4857/globalassets/statistik/officiell-statistik/statistikprodukter/energistatistik-i-flerbostadshus/bas/bas-flerbostadshus-2015.pdf,0,,,0,,,0,,
EN0102,Energistatistik för småhus,Statens energimyndighet,True,2026-10-15,True,17,"[""sam""]",8,2024,https://www.energimyndigheten.se/49cdec/globalassets/statistik/officiell-statistik/statistikprodukter/energistatistik-i-smahus/bas/smh_kvalitetsdeklaration_2024.docx,9,2015,https://www.energimyndigheten.se/4a48c8/globalassets/statistik/officiell-statistik/statistikprodukter/energistatistik-i-smahus/bas/bas-energistatistik-for-smahus-2015.pdf,0,,,0,,,0,,
EN0103,Energistatistik för lokaler,Statens energimyndighet,True,2026-09-10,True,16,"[""sam""]",9,2025,https://www.energimyndigheten.se/4a5539/globalassets/statistik/officiell-statistik/statistikprodukter/energistatistik-i-lokaler/bas/en0103-kvalitetsdeklaration-2025.pdf,7,2015,https://www.energimyndigheten.se/4a4569/globalassets/statistik/officiell-statistik/statistikprodukter/energistatistik-i-lokaler/bas/bas-lokaler-2015.pdf,0,,,0,,,0,,
EN0105,"Årlig energistatistik (el, gas och fjärrvärme)",Statens energimyndighet,True,2026-10-08,True,43,"[""scb""]",9,2024,https://www.scb.se/contentassets/431d8fb7c82442e59a73739bd6aff3b4/en0105_kd_2024a_20251008.pdf,17,2015,https://www.scb.se/contentassets/431d8fb7c82442e59a73739bd6aff3b4/en0105_bs_2015.pdf,8,2024,https://www.scb.se/contentassets/431d8fb7c82442e59a73739bd6aff3b4/en0105_staf_2024a_20251008.pdf,8,2016,https://www.scb.se/contentassets/431d8fb7c82442e59a73739bd6aff3b4/en0105_do_2016_171211_se.pdf,1,,https://metadata.scb.se/?produkt=EN0105
EN0106,Kvartalsvis bränslestatistik,Statens energimyndighet,True,2026-12-10,True,51,"[""scb""]",10,2026,https://www.scb.se/contentassets/3d45b2b636f24890b75d52af993577d9/en0106_kd_2026_260611.pdf,18,2016,https://www.scb.se/contentassets/3d45b2b636f24890b75d52af993577d9/en0106_bs_2016.pdf,9,2026,https://www.scb.se/contentassets/3d45b2b636f24890b75d52af993577d9/en0106_staf_2026_260611.pdf,13,2017,https://www.scb.se/contentassets/3d45b2b636f24890b75d52af993577d9/en0106_do_2017_ma_180523.pdf,1,,https://metadata.scb.se/?produkt=EN0106
EN0107,"Månatlig bränsle-, gas- och lagerstatistik",Statens energimyndighet,True,2026-12-17,True,48,"[""scb""]",10,2026,https://www.scb.se/contentassets/9e29b2d84fd7491e89609f103bd6464a/en0107_kd_2026_wso_260317.pdf,16,2016,https://www.scb.se/contentassets/9e29b2d84fd7491e89609f103bd6464a/en0107_bs_2016.pdf,10,2026,https://www.scb.se/contentassets/9e29b2d84fd7491e89609f103bd6464a/en0107_staf_2026_wso_260318.pdf,11,2016,https://www.scb.se/contentassets/9e29b2d84fd7491e89609f103bd6464a/en0107_do_2016.pdf,1,,https://metadata.scb.se/?produkt=EN0107
EN0108,Månatlig elstatistik och byten av elleverantör,Statens energimyndighet,True,2026-12-10,True,52,"[""scb""]",10,2026,https://www.scb.se/contentassets/4e78c2a9e2b746ad9b41ddb2bc09e54f/en0108_kd_2026_v1_20260312.pdf,16,2016,https://www.scb.se/contentassets/4e78c2a9e2b746ad9b41ddb2bc09e54f/en0108_bs_2016.pdf,10,2026,https://www.scb.se/contentassets/4e78c2a9e2b746ad9b41ddb2bc09e54f/en0108_st_2026_v1_20260312.pdf,15,2016,https://www.scb.se/contentassets/4e78c2a9e2b746ad9b41ddb2bc09e54f/en0108_do_2016_ma_170221.pdf,1,,https://metadata.scb.se/?produkt=EN0108
EN0109,Oljeleveranser - kommunvis redovisning,Statens energimyndighet,True,2026-06-18,True,43,"[""scb""]",10,2025,https://www.scb.se/contentassets/b520b09e924c4e2d87ca5ad016f7574b/en0109_kd_2025_wso_260618.pdf,14,2015,https://www.scb.se/contentassets/b520b09e924c4e2d87ca5ad016f7574b/en0109_bs_2015.pdf,9,2025,https://www.scb.se/contentassets/b520b09e924c4e2d87ca5ad016f7574b/en0109_staf_2025_va_260618.pdf,9,2016,https://www.scb.se/contentassets/b520b09e924c4e2d87ca5ad016f7574b/en0109_do_2016_aj_170927.pdf,1,,https://metadata.scb.se/?produkt=EN0109
EN0110,Energistatistik för fritidshus,Statens energimyndighet,True,2024-10-08,False,1,"[""sam""]",1,2023,https://www.energimyndigheten.se/4a865b/globalassets/statistik/officiell-statistik/statistikprodukter/energistatistik-for-fritidshus/kvalitetsdeklaration-2023_v2.pdf,0,,,0,,,0,,,0,,
EN0112,"Energistatistik för småhus, flerbostadshus och lokaler",Statens energimyndighet,True,2026-10-15,True,17,"[""sam""]",10,2024,https://www.energimyndigheten.se/4aade2/globalassets/statistik/officiell-statistik/statistikprodukter/energistatistik-i-smh-fbhlok/bas/sam_2024_kvalitetsdeklaration_slut.docx,7,2015,https://www.energimyndigheten.se/4a48e2/globalassets/statistik/officiell-statistik/statistikprodukter/energistatistik-i-smh-fbhlok/bas/bas_energistatistik-for-smahus-flerbostadshus-och-lokaler-2015.pdf,0,,,0,,,0,,
EN0113,Industrins energianvändning,Statens energimyndighet,True,2026-10-08,True,73,"[""sam"", ""scb""]",17,2024,https://www.scb.se/contentassets/c837d2ceb9fc44fab501cb316295c181/en0113_kd_2024_v1_20251114.pdf,24,2015,https://www.scb.se/contentassets/c837d2ceb9fc44fab501cb316295c181/en0113_bs_2015_171220_jp.pdf,15,2024,https://www.scb.se/contentassets/c837d2ceb9fc44fab501cb316295c181/en0113_staf_2024_v1_20251114.pdf,16,2015,https://www.scb.se/contentassets/c837d2ceb9fc44fab501cb316295c181/en0113_do_2015_ma_170221.pdf,1,,https://metadata.scb.se/?produkt=EN0113
EN0114,Energianvändningen inom byggsektorn,Statens energimyndighet,True,2023-11-17,False,8,"[""sam"", ""scb""]",3,2023,https://www.energimyndigheten.se/49cfb4/globalassets/statistik/officiell-statistik/statistikprodukter/byggsektorns-energianvandning/kvalitetsdeklaration-2023.pdf,1,2004,https://www.scb.se/contentassets/af244d946c514ecaa9a7e02bd9384453/en0114_bs_2004.pdf,3,2023,https://www.energimyndigheten.se/49cfc3/globalassets/statistik/officiell-statistik/statistikprodukter/byggsektorns-energianvandning/statistikens-framstallning-2023.pdf,0,,,1,,https://metadata.scb.se/?produkt=EN0114
EN0115,Energianvändningen inom fiskesektorn,Statens energimyndighet,True,2023-08-31,False,4,"[""sam""]",2,2022,https://www.energimyndigheten.se/4a5169/globalassets/statistik/officiell-statistik/statistikprodukter/fiskesektorns-energianvandning/en0115_kd_2022_slutlig.pdf,0,,,2,2022,https://www.energimyndigheten.se/4a5169/globalassets/statistik/officiell-statistik/statistikprodukter/fiskesektorns-energianvandning/en0115_staf_2022_slutlig.pdf,0,,,0,,
EN0116,Energianvändningen inom skogsbruket,Statens energimyndighet,True,2026-11-11,True,1,"[""sam""]",1,2024,https://www.energimyndigheten.se/4ab9bf/globalassets/statistik/officiell-statistik/statistikprodukter/energianvandningen-inom-skogsbruk/kvalitetsdeklaration_en0116_2005_2024.pdf,0,,,0,,,0,,,0,,
EN0117,Energianvändning för inrikes sjöfart,Statens energimyndighet,True,2007-06-21,False,0,[],0,,,0,,,0,,,0,,,0,,
EN0118,Transportsektorns energianvändning,Statens energimyndighet,True,2026-09-15,True,7,"[""sam""]",5,2025,https://www.energimyndigheten.se/4a5959/globalassets/statistik/officiell-statistik/statistikprodukter/transportsektorns-energianvandning/kvalitetsdeklaration---bantrafikens-energianvandning-2019-2025.pdf,0,,,2,2025,https://www.energimyndigheten.se/4a5953/globalassets/statistik/officiell-statistik/statistikprodukter/transportsektorns-energianvandning/statistikens-framstallning---elanvandning-vagtransporter-2019-2025.pdf,0,,,0,,
EN0119,Energianvändningen inom jordbruket,Statens energimyndighet,True,2025-11-17,True,6,"[""sam""]",3,2024,https://www.energimyndigheten.se/4a475a/globalassets/statistik/officiell-statistik/statistikprodukter/jordbrukets-energianvandning/en0119_-kd_ar_2024_v2.pdf,0,,,3,2024,https://www.energimyndigheten.se/4a4661/globalassets/statistik/officiell-statistik/statistikprodukter/jordbrukets-energianvandning/en0119_staf_2024_ar_v2.pdf,0,,,0,,
EN0120,Leveranser av fordonsgas och vätgas,Statens energimyndighet,True,2026-12-17,True,33,"[""scb""]",10,2026,https://www.scb.se/contentassets/30084f7470354b34bcfe75cc71a4d0a2/en0120_kd_2026_ml_260318.pdf,6,2016,https://www.scb.se/contentassets/30084f7470354b34bcfe75cc71a4d0a2/en0120_bas_2016_20141230.pdf,10,2026,https://www.scb.se/contentassets/30084f7470354b34bcfe75cc71a4d0a2/en0120_staf_2026_sh_260318.pdf,6,2016,https://www.scb.se/contentassets/30084f7470354b34bcfe75cc71a4d0a2/en0120_do_2016_aq_171201.pdf,1,,https://metadata.scb.se/?produkt=EN0120
EN0121,Industrins energianvändning i småföretag,Statens energimyndighet,True,2020-12-17,False,0,[],0,,,0,,,0,,,0,,,0,,
EN0122,Oförädlat trädbränsle,Statens energimyndighet,True,2026-11-19,True,19,"[""sam""]",10,2024,https://www.energimyndigheten.se/4afbb2/globalassets/statistik/officiell-statistik/statistikprodukter/oforadlade-tradbranslen/en0122_kd_2024a.pdf,3,2015,https://www.energimyndigheten.se/4a5720/globalassets/statistik/officiell-statistik/statistikprodukter/oforadlade-tradbranslen/BAS_2015.pdf,6,2022,https://www.energimyndigheten.se/4ad70b/globalassets/statistik/officiell-statistik/statistikprodukter/oforadlade-tradbranslen/en0122_staf_2022.pdf,0,,,0,,
EN0123,Nätanslutna solcellsanläggningar,Statens energimyndighet,True,2026-04-07,True,20,"[""sam""]",10,2025,https://www.energimyndigheten.se/496201/globalassets/statistik/officiell-statistik/statistikprodukter/natanslutna-solceller/en0123_kd_2025.pdf,0,,,9,2025,https://www.energimyndigheten.se/4961e0/globalassets/statistik/officiell-statistik/statistikprodukter/natanslutna-solceller/en0123_staf_2025.pdf,1,2016,https://www.energimyndigheten.se/49be8c/globalassets/statistik/officiell-statistik/statistikprodukter/natanslutna-solceller/en0123_do_2016_se_170327.pdf,0,,
EN0124,Produktion av biogas och rötrester,Statens energimyndighet,True,2026-10-01,True,14,"[""sam""]",7,2024,https://www.energimyndigheten.se/4a83f0/globalassets/statistik/officiell-statistik/statistikprodukter/biogas/kvalitetsdeklaration-2024.pdf,0,,,7,2024,https://www.energimyndigheten.se/4a83f0/globalassets/statistik/officiell-statistik/statistikprodukter/biogas/en0124_staf_2024.pdf,0,,,0,,
EN0201,Kvartalsvisa energibalanser,Statens energimyndighet,True,2020-03-26,False,22,"[""sam"", ""scb""]",3,2019,https://www.energimyndigheten.se/4a2a27/globalassets/statistik/officiell-statistik/statistikprodukter/kvartalsvis-energibalans/en0201_kd_2019.pdf,18,2016,https://www.scb.se/contentassets/9c9d91579a21446f812611a6876caed6/en0201_bs_2016_ma_160701.pdf,0,,,0,,,1,,https://metadata.scb.se/?produkt=EN0201
EN0202,Årliga energibalanser,Statens energimyndighet,True,2026-11-18,True,23,"[""sam"", ""scb""]",9,2024,https://www.energimyndigheten.se/4abd39/globalassets/statistik/officiell-statistik/statistikprodukter/arlig-energibalans/bas/en0202_kvalitetsdeklaration_2024.pdf,13,2015,https://www.energimyndigheten.se/4a56ed/globalassets/statistik/officiell-statistik/statistikprodukter/arlig-energibalans/bas/en0202_bs_2015.pdf,0,,,0,,,1,,https://metadata.scb.se/?produkt=EN0202
EN0203,Kommunal och regional energistatistik,Statens energimyndighet,True,2026-03-06,True,33,"[""scb""]",10,2024,https://www.scb.se/contentassets/37ec814f01fc4f2ca64ab621d13203ec/en0203_kd_2024a_v1_260306.pdf,10,2014,https://www.scb.se/contentassets/37ec814f01fc4f2ca64ab621d13203ec/en0203_bs_2014.pdf,9,2024,https://www.scb.se/contentassets/37ec814f01fc4f2ca64ab621d13203ec/en0203_staf_2024a_v1_260306.pdf,3,2015,https://www.scb.se/contentassets/37ec814f01fc4f2ca64ab621d13203ec/en0203_do_2015_hr_170103.pdf,1,,https://metadata.scb.se/?produkt=EN0203
EN0301,Elpriser och elavtal,Statens energimyndighet,True,2026-12-23,True,68,"[""scb""]",11,2026,https://www.scb.se/contentassets/1e73cca715aa4bfba4f951d86537bf59/en0301/en0301_kd_2026_v1_20260522.pdf,32,2014,https://www.scb.se/contentassets/6798ab15ec944f2ea71cb81d002a2bef/en0301_bs_2014.pdf,4,2026,https://www.scb.se/contentassets/1e73cca715aa4bfba4f951d86537bf59/en0301/en0301_staf_2026_v1_20260522.pdf,20,2016,https://www.scb.se/contentassets/6798ab15ec944f2ea71cb81d002a2bef/en0301_do_-2016.pdf,1,,https://metadata.scb.se/?produkt=EN0301
EN0302,Gaspriser och gasavtal,Statens energimyndighet,True,2026-09-28,True,64,"[""scb""]",9,2026,https://www.scb.se/contentassets/a391adb52c2e4bd6895122e14859be82/en0302_kd_2026_v1_20260928.pdf,30,2016,https://www.scb.se/contentassets/c1363206ff104499afc858c0e19034b4/en0302_bs_2016.pdf,4,2026,https://www.scb.se/contentassets/a391adb52c2e4bd6895122e14859be82/en0302_st_2026_v1_20260928.pdf,20,2017,https://www.scb.se/contentassets/c1363206ff104499afc858c0e19034b4/en0302_do_2017_180221_aj.pdf,1,,https://metadata.scb.se/?produkt=EN0302
EN0304,Prisutveckling på energi samt leverantörsbyten,Statens energimyndighet,True,2017-12-11,False,14,"[""scb""]",0,,,14,2013,https://www.scb.se/contentassets/a391adb52c2e4bd6895122e14859be82/en0304/en0304_bs_2013.pdf,0,,,0,,,0,,
EN0305,Omförhandling och byten av elavtal,Statens energimyndighet,True,2017-06-26,False,20,"[""scb""]",3,2016,https://www.scb.se/contentassets/1e73cca715aa4bfba4f951d86537bf59/en0305/en0305_kd_2016_pa_170626.pdf,7,2012,https://www.scb.se/contentassets/1e73cca715aa4bfba4f951d86537bf59/en0305/en0305_bs_2012.pdf,0,,,10,2016,https://www.scb.se/contentassets/1e73cca715aa4bfba4f951d86537bf59/en0305/en0305_do_2016_pa_170223.pdf,0,,
EN0306,Nätpriser på naturgas och byten av naturgasleverantör,Statens energimyndighet,True,2020-03-13,False,19,"[""scb""]",1,2017,https://www.scb.se/contentassets/a391adb52c2e4bd6895122e14859be82/en0306/en0306_kd_2017_ts_170421.pdf,8,2016,https://www.scb.se/contentassets/a391adb52c2e4bd6895122e14859be82/en0306/en0306_bs_2016.pdf,0,,,10,2017,https://www.scb.se/contentassets/a391adb52c2e4bd6895122e14859be82/en0306/en0306_do_2017_180214_aj.pdf,0,,
EN0307,"Trädbränsle-, torv- och avfallspriser",Statens energimyndighet,True,2026-12-03,True,20,"[""sam""]",10,2026,https://www.energimyndigheten.se/49b829/globalassets/statistik/officiell-statistik/statistikprodukter/tradbransle-och-torvpriser/en0307_kd_2026.pdf,0,,,10,2026,https://www.energimyndigheten.se/49b829/globalassets/statistik/officiell-statistik/statistikprodukter/tradbransle-och-torvpriser/en0307_staf_2026.pdf,0,,,0,,
EN9999,Energi övrigt,Statens energimyndighet,True,2015-10-26,False,0,[],0,,,0,,,0,,,0,,,0,,
FD9901,Artificiell intelligens i Sverige,Statistiska centralbyrån,True,2026-05-21,True,0,[],0,,,0,,,0,,,0,,,0,,
FH0101,Nationella folkhälsoenkäten Hälsa på lika villkor,Folkhälsomyndigheten,True,2026-12-16,True,0,[],0,,,0,,,0,,,0,,,0,,
FH0201,Barnvaccinationer,Folkhälsomyndigheten,True,2026-04-14,True,2,"[""sam""]",1,,https://www.folkhalsomyndigheten.se/globalassets/statistik-uppfoljning/officiell-statistik/barnvaccination/kvalitetsdeklaration-barnvaccinationer.pdf,0,,,1,,https://www.folkhalsomyndigheten.se/globalassets/statistik-uppfoljning/officiell-statistik/barnvaccination/statistikens-framstallning-barnvaccinationer.pdf,0,,,0,,
FH0202,Anmälningspliktiga smittsamma sjukdomar,Folkhälsomyndigheten,True,2026-06-09,True,2,"[""sam""]",1,,https://www.folkhalsomyndigheten.se/globalassets/statistik-uppfoljning/officiell-statistik/kvalitetsdeklaration-anmalningspliktiga-smittsamma-sjukdomar.pdf,0,,,1,,https://www.folkhalsomyndigheten.se/globalassets/statistik-uppfoljning/officiell-statistik/statistikens-framstallning-anmalningspliktiga-smittsamma-sjukdomar.pdf,0,,,0,,
FM0001,Betalningsbalansen,Sveriges riksbank,True,2027-03-05,True,27,"[""scb""]",10,2026,https://www.scb.se/contentassets/c51f670aba0346baac44d3c89790014b/fm0001_kd_2026_slutlig.pdf,9,2016,https://www.scb.se/contentassets/c51f670aba0346baac44d3c89790014b/fm0001_bs_2016_mw_150524.pdf,7,2026,https://www.scb.se/contentassets/c51f670aba0346baac44d3c89790014b/fm0001_staf_2026_slutlig.pdf,0,,,1,,https://metadata.scb.se/?produkt=FM0001
FM0002,Kreditdatabas,Sveriges riksbank,True,2027-02-11,True,5,"[""scb""]",2,2026,https://www.scb.se/contentassets/0c9f827169c34c6f9c1b7e03a0d136e2/fm0002_kd_2026_v1_20260313.pdf,0,,,2,2026,https://www.scb.se/contentassets/0c9f827169c34c6f9c1b7e03a0d136e2/fm0002_staf_2026_v1_20260313.pdf,0,,,1,,https://metadata.scb.se/?produkt=FM0002
FM0003,,,False,,False,5,"[""scb""]",2,2026,https://www.scb.se/contentassets/6d0b1ce1e540419fab684dfa0d221a98/fm0003_kd_2026_mu_v1_20260323.pdf,0,,,2,2026,https://www.scb.se/contentassets/6d0b1ce1e540419fab684dfa0d221a98/fm0003_staf_2026_ee_v1_20260323.pdf,0,,,1,,https://metadata.scb.se/?produkt=FM0003
FM0102,"Finansräkenskaper, år",Finansinspektionen,True,2011-03-24,False,3,"[""scb""]",0,,,3,2010,https://www.scb.se/contentassets/84fbfbc8bc9a4fc4b8568e75f1768b52/fm0102_bs_2010.pdf,0,,,0,,,0,,
FM0103,Finansräkenskaper kvartal och år,Finansinspektionen,True,2026-12-17,True,20,"[""scb""]",10,2026,https://www.scb.se/contentassets/84fbfbc8bc9a4fc4b8568e75f1768b52/fm0103_kvalitetsdeklaration_2026_260617.pdf,9,2016,https://www.scb.se/contentassets/84fbfbc8bc9a4fc4b8568e75f1768b52/fm0103_bs_2016.pdf,0,,,0,,,1,,https://metadata.scb.se/?produkt=FM0103
FM0104,,,False,,False,6,"[""scb""]",0,,,6,2002,https://www.scb.se/contentassets/84fbfbc8bc9a4fc4b8568e75f1768b52/fm0104_bs_2002.pdf,0,,,0,,,0,,
FM0105,Sparbarometern,Finansinspektionen,True,2026-11-19,True,20,"[""scb""]",10,2026,https://www.scb.se/contentassets/96800819c473415e8aa4c8b2f7996c2c/fm0105_kd_2026.pdf,9,2016,https://www.scb.se/contentassets/96800819c473415e8aa4c8b2f7996c2c/fm0105_bs_2016_ca_160516.pdf,0,,,0,,,1,,https://metadata.scb.se/?produkt=FM0105
FM0201,Aktieägarstatistik,Finansinspektionen,True,2026-08-27,True,40,"[""scb""]",10,2026,https://www.scb.se/contentassets/e79a6a2809b9492b81a8dc85bd330dbb/fm0201_kd_2026_klar_20260827.pdf,17,2016,https://www.scb.se/contentassets/e79a6a2809b9492b81a8dc85bd330dbb/fm0201_bs_2016_ss_161221.pdf,8,2026,https://www.scb.se/contentassets/e79a6a2809b9492b81a8dc85bd330dbb/fm0201_staf_2026_klar_20260827.pdf,4,2016,https://www.scb.se/contentassets/e79a6a2809b9492b81a8dc85bd330dbb/fm0201_do_2016_ss_161221.pdf,1,,https://metadata.scb.se/?produkt=FM0201
FM0401,"Banker och kreditmarknadsföretag, tillgångar och skulder",Finansinspektionen,True,2026-12-29,True,27,"[""scb""]",10,2026,https://www.scb.se/contentassets/23befae3a5974f358ae2e05a8456aee4/fm0401_kd_2026_v3_20260904.pdf,16,2016,https://www.scb.se/contentassets/23befae3a5974f358ae2e05a8456aee4/fm0401_bs_2016.pdf,0,,,0,,,1,,https://metadata.scb.se/?produkt=FM0401
FM0402,"Finansiella företag, årsbokslut",Finansinspektionen,True,2026-05-27,True,43,"[""scb""]",10,2025,https://www.scb.se/contentassets/10b898616631438c8402cc0c644d620d/fm0402_kd_2025_260527.pdf,15,2015,https://www.scb.se/contentassets/10b898616631438c8402cc0c644d620d/fm0402_bs_2015_ap_170317.pdf,9,2025,https://www.scb.se/contentassets/10b898616631438c8402cc0c644d620d/fm0402_staf_2025.pdf,8,2016,https://www.scb.se/contentassets/10b898616631438c8402cc0c644d620d/fm0402_do_2016_171207_ap.pdf,1,,https://metadata.scb.se/?produkt=FM0402
FM0403,"Investeringsfonder, tillgångar och skulder",Finansinspektionen,True,2026-11-25,True,47,"[""scb""]",10,2026,https://www.scb.se/contentassets/a0ebfcfdc9a645fca24a6290c3aed217/fm0403_kd_2026_nhj_260522.pdf,17,2016,https://www.scb.se/contentassets/a0ebfcfdc9a645fca24a6290c3aed217/fm0403_bs_2016_kv_170504.pdf,8,2026,https://www.scb.se/contentassets/a0ebfcfdc9a645fca24a6290c3aed217/fm0403_staf_2026_nhj_260522.pdf,11,2017,https://www.scb.se/contentassets/a0ebfcfdc9a645fca24a6290c3aed217/fm0403_do_2017_kv_170323.pdf,1,,https://metadata.scb.se/?produkt=FM0403
FM0501,Försäkringsföretagens kapitalplaceringar,Finansinspektionen,True,2026-11-27,True,46,"[""scb""]",10,2026,https://www.scb.se/contentassets/165cf0f81cf44e87a713c73fbaf54cba/fm0501_kd_2026_20260601.pdf,15,2016,https://www.scb.se/contentassets/165cf0f81cf44e87a713c73fbaf54cba/fm0501_bs_2016_jk_170309.pdf,9,2026,https://www.scb.se/contentassets/165cf0f81cf44e87a713c73fbaf54cba/fm0501_staf_2026_20260601.pdf,11,2017,https://www.scb.se/contentassets/165cf0f81cf44e87a713c73fbaf54cba/fm0501_do_2017_oe_180601.pdf,1,,https://metadata.scb.se/?produkt=FM0501
FM0502,Försäkringsföretagens årsredogörelse,Finansinspektionen,True,2026-08-28,True,46,"[""scb""]",11,2025,https://www.scb.se/contentassets/19f3dac9d5f74350907d182428c98725/fm0502_kd_2025_250828.pdf,15,2014,https://www.scb.se/contentassets/19f3dac9d5f74350907d182428c98725/fm0502_bs_2014_150909.pdf,9,2025,https://www.scb.se/contentassets/19f3dac9d5f74350907d182428c98725/fm0502_staf_2025_250828.pdf,10,2016,https://www.scb.se/contentassets/19f3dac9d5f74350907d182428c98725/fm0502_do_2016_180131_oh.pdf,1,,https://metadata.scb.se/?produkt=FM0502
FM5001,Finansmarknadsstatistik,Sveriges riksbank,True,2026-12-29,True,53,"[""scb""]",10,2026,https://www.scb.se/contentassets/1e6704b3fcbf482cb2135b2010ce2eab/fm5001_kd_2026_v3_20260904.pdf,18,2016,https://www.scb.se/contentassets/1e6704b3fcbf482cb2135b2010ce2eab/fm5001_bs_2016_js_160414.pdf,9,2026,https://www.scb.se/contentassets/1e6704b3fcbf482cb2135b2010ce2eab/fm5001_staf_2026_v2_20260326.pdf,15,2017,https://www.scb.se/contentassets/1e6704b3fcbf482cb2135b2010ce2eab/fm5001_do_2017_171204_cl.pdf,1,,https://metadata.scb.se/?produkt=FM5001
FM9998,Emitterade värdepapper,Sveriges riksbank,True,2026-12-16,True,29,"[""scb""]",10,2026,https://www.scb.se/contentassets/dca841cf68dc4d718702118f4361bbca/fm9998_kd_2026_20260129.pdf,4,2016,https://www.scb.se/contentassets/dca841cf68dc4d718702118f4361bbca/fm9998_bs_2016_160222_mu.pdf,9,2026,https://www.scb.se/contentassets/dca841cf68dc4d718702118f4361bbca/fm9998_staf_2026_20260129.pdf,5,2017,https://www.scb.se/contentassets/dca841cf68dc4d718702118f4361bbca/fm9998_do_2017_ke_170516.pdf,1,,https://metadata.scb.se/?produkt=FM9998
HA0101,Omsättning inom tjänstesektorn,Statistiska centralbyrån,True,2026-12-22,True,56,"[""scb""]",10,2026,https://www.scb.se/contentassets/b2ce8556eb514c899a0c0e768093cc13/ha0101_kd_2026_v2_20260907_x.pdf,18,2016,https://www.scb.se/contentassets/b2ce8556eb514c899a0c0e768093cc13/ha0101_bs_2016.pdf,7,2026,https://www.scb.se/contentassets/b2ce8556eb514c899a0c0e768093cc13/ha0101_staf_2026_v2_20260907_x.pdf,20,2017,https://www.scb.se/contentassets/b2ce8556eb514c899a0c0e768093cc13/ha0101_do_2017_kf_170404.pdf,1,,https://metadata.scb.se/?produkt=HA0101
HA0103,Livsmedelsförsäljning fördelad på varugrupper,Statistiska centralbyrån,True,2026-09-25,True,49,"[""scb""]",11,2025,https://www.scb.se/contentassets/76c609d265b74f5dbc2747f0a0011e3d/ha0103_kd_2025_20260925.pdf,14,2014,https://www.scb.se/contentassets/76c609d265b74f5dbc2747f0a0011e3d/ha0103_bs_2014.pdf,9,2025,https://www.scb.se/contentassets/76c609d265b74f5dbc2747f0a0011e3d/ha0103_staf_2025_20260925.pdf,14,2016,https://www.scb.se/contentassets/76c609d265b74f5dbc2747f0a0011e3d/ha0103_do_2016_171108_la.pdf,1,,https://metadata.scb.se/?produkt=HA0103
HA0104,Tjänsteproduktionsindex,Statistiska centralbyrån,True,2026-12-10,True,36,"[""scb""]",10,2026,https://www.scb.se/contentassets/11b1da3614e148a197618e1f33e663ca/ha0104_kd_2026_v2_20260907_x.pdf,9,2016,https://www.scb.se/contentassets/11b1da3614e148a197618e1f33e663ca/ha0104_bs_2016.pdf,6,2026,https://www.scb.se/contentassets/11b1da3614e148a197618e1f33e663ca/ha0104_staf_2026_v2_20260907_x.pdf,10,2017,https://www.scb.se/contentassets/11b1da3614e148a197618e1f33e663ca/ha0104_do_2017_js_170331.pdf,1,,https://metadata.scb.se/?produkt=HA0104
HA0201,Utrikeshandel med varor,Statistiska centralbyrån,True,2027-12-28,True,58,"[""scb""]",10,2026,https://www.scb.se/contentassets/4584f3f1df19400a885428aaa914d06e/ha0201_kd_2026_260227.pdf,18,2016,https://www.scb.se/contentassets/4584f3f1df19400a885428aaa914d06e/ha0201_bs_2016_ma_160413.pdf,10,2026,https://www.scb.se/contentassets/4584f3f1df19400a885428aaa914d06e/ha0201_staf_2026_260227.pdf,19,2017,https://www.scb.se/contentassets/4584f3f1df19400a885428aaa914d06e/ha0201_do_2017_ma_170621.pdf,1,,https://metadata.scb.se/?produkt=HA0201
HA0202,Utrikeshandel med tjänster,Sveriges riksbank,True,2026-12-02,True,15,"[""scb""]",10,2026,https://www.scb.se/contentassets/dbfb8c7aae964f2baf83e75b51a6bd8e/ha0202_kd_2026_20260603.pdf,0,,,4,2026,https://www.scb.se/contentassets/dbfb8c7aae964f2baf83e75b51a6bd8e/ha0202_staf_2026_20260603.pdf,0,,,1,,https://metadata.scb.se/?produkt=HA0202
HA9999,Handel med varor och tjänster övrigt,Statistiska centralbyrån,True,2008-12-19,False,0,[],0,,,0,,,0,,,0,,,0,,
HE0000,Hushållens ekonomi allmän statistik,Statistiska centralbyrån,True,2026-02-25,True,2,"[""scb""]",1,2024,https://www.scb.se/contentassets/f150756e08484fcea5bc4ba3c7b7ff74/he0000_kd_2013-2024_260225.pdf,0,,,0,,,0,,,1,,https://metadata.scb.se/?produkt=HE0000
HE0103,Hushållens ekonomi,Statistiska centralbyrån,True,2015-02-20,False,30,"[""scb""]",0,,,15,2013,https://www.scb.se/contentassets/31a89f6471ea4460a1d594db29d433c3/he0103_bs_2013_150220.pdf,0,,,14,2013,https://www.scb.se/contentassets/31a89f6471ea4460a1d594db29d433c3/he0103_do_2013_krk_150218.pdf,1,,https://metadata.scb.se/?produkt=HE0103
HE0104,Hushållens tillgångar och skulder,Statistiska centralbyrån,True,2008-12-18,False,19,"[""scb""]",4,2002,https://www.scb.se/contentassets/f430d1bf3ba44b588a96d821cd8f8fc6/he0104_kd_2002.pdf,5,2007,https://www.scb.se/contentassets/f430d1bf3ba44b588a96d821cd8f8fc6/he0104_bs_2007_x.pdf,0,,,9,2007,https://www.scb.se/contentassets/f430d1bf3ba44b588a96d821cd8f8fc6/he0104_do_2007.pdf,1,,https://metadata.scb.se/?produkt=HE0104
HE0105,Företagsregister och individdatabas,Statistiska centralbyrån,True,2026-11-13,True,33,"[""scb""]",9,2023,https://www.scb.se/contentassets/fa6364b7e5064b6594fe0b0121724d7b/he0105_kd_2023.pdf,8,2014,https://www.scb.se/contentassets/fa6364b7e5064b6594fe0b0121724d7b/he0105_bs_2014_bo_161027.pdf,8,2023,https://www.scb.se/contentassets/fa6364b7e5064b6594fe0b0121724d7b/he0105_staf_2023.pdf,7,2014,https://www.scb.se/contentassets/fa6364b7e5064b6594fe0b0121724d7b/he0105_do_2014.pdf,1,,https://metadata.scb.se/?produkt=HE0105
HE0106,Fördelningsanalytiskt statistiksystem för inkomster och transfereringar,Statistiska centralbyrån,True,2025-12-03,True,8,"[""scb""]",0,,,7,2014,https://www.scb.se/contentassets/046c084226bb42e98bc10de5eb9951cb/he0106_bs_2014_aw_160408.pdf,0,,,0,,,1,,https://metadata.scb.se/?produkt=HE0106
HE0107,Skatter och taxerade inkomster,Statistiska centralbyrån,True,2010-09-29,False,14,"[""scb""]",0,,,6,2008,https://www.scb.se/contentassets/894d4afa900f4123aece341cd10e59e2/he0107_bs_2008.pdf,0,,,8,2008,https://www.scb.se/contentassets/894d4afa900f4123aece341cd10e59e2/he0107_do_2008.pdf,0,,
HE0108,Inkomststatistik - totalräknad,Statistiska centralbyrån,True,2010-09-29,False,12,"[""scb""]",0,,,6,2008,https://www.scb.se/contentassets/894d4afa900f4123aece341cd10e59e2/he0108_bs_2008.pdf,0,,,6,2008,https://www.scb.se/contentassets/894d4afa900f4123aece341cd10e59e2/he0108_do_2008.pdf,0,,
HE0109,Kapitalvinster och kapitalförluster,Statistiska centralbyrån,True,2010-03-03,False,6,"[""scb""]",0,,,4,2008,https://www.scb.se/contentassets/894d4afa900f4123aece341cd10e59e2/he0109_bs_2008.pdf,0,,,2,2008,https://www.scb.se/contentassets/894d4afa900f4123aece341cd10e59e2/he0109_do_2008.pdf,0,,
HE0110,Inkomster och skatter,Statistiska centralbyrån,True,2026-12-16,True,59,"[""scb""]",31,2026,https://www.scb.se/contentassets/894d4afa900f4123aece341cd10e59e2/he0110_mist_kd_2026_jl_260616.pdf,11,2014,https://www.scb.se/contentassets/894d4afa900f4123aece341cd10e59e2/he0110_bs_2014_individer_160204.pdf,8,2024,https://www.scb.se/contentassets/894d4afa900f4123aece341cd10e59e2/he0110_staf_2024_jl_260120.pdf,8,2016,https://www.scb.se/contentassets/894d4afa900f4123aece341cd10e59e2/he0110_do_2016_jl_171128.pdf,1,,https://metadata.scb.se/?produkt=HE0110
HE0111,Hushållens boende,Statistiska centralbyrån,True,2026-04-17,True,29,"[""scb""]",10,2025,https://www.scb.se/contentassets/866982b77909451caf1adfc01409ee79/he0111_kd_2025_260417.pdf,4,2015,https://www.scb.se/contentassets/866982b77909451caf1adfc01409ee79/he0111_bs_2015_krk_160414.pdf,9,2025,https://www.scb.se/contentassets/866982b77909451caf1adfc01409ee79/he0111_staf_2025_260417.pdf,5,2016,https://www.scb.se/contentassets/866982b77909451caf1adfc01409ee79/he0111_do_2016_kr_170502.pdf,1,,https://metadata.scb.se/?produkt=HE0111
HE0112,Antalet helårspersoner som försörjdes med sociala ersättningar och bidrag,Statistiska centralbyrån,True,2026-09-17,True,7,"[""scb""]",3,2026,https://www.scb.se/contentassets/bf4a0c3b7d74450bbc9c49f1ff88619b/he0112_kd_2026_jl_260917.pdf,0,,,3,2026,https://www.scb.se/contentassets/bf4a0c3b7d74450bbc9c49f1ff88619b/he0112_staf_2026_jl_260917.pdf,0,,,1,,https://metadata.scb.se/?produkt=HE0112
HE0201,Hushållens utgifter,Statistiska centralbyrån,True,2022-12-20,False,23,"[""scb""]",1,2021,https://www.scb.se/contentassets/90c71dbdb84c4fb5abb66896f3a478e6/he0201_kd_2021.pdf,9,2012,https://www.scb.se/contentassets/90c71dbdb84c4fb5abb66896f3a478e6/he0201_bs_2012.pdf,1,2021,https://www.scb.se/contentassets/90c71dbdb84c4fb5abb66896f3a478e6/he0201_staf_2021.pdf,11,2012,https://www.scb.se/contentassets/90c71dbdb84c4fb5abb66896f3a478e6/he0201_do_2012.pdf,1,,https://metadata.scb.se/?produkt=HE0201
HE0202,Hushållens boendeutgifter,Statistiska centralbyrån,True,2025-11-19,True,11,"[""scb""]",4,2024,https://www.scb.se/contentassets/92b281304cc7491fa8609d4da888243c/he0202_kd_2024_20251119.pdf,1,2015,https://www.scb.se/contentassets/92b281304cc7491fa8609d4da888243c/he0202_bs_2015.pdf,4,2024,https://www.scb.se/contentassets/92b281304cc7491fa8609d4da888243c/he0202_staf_2024_20251119.pdf,1,2015,https://www.scb.se/contentassets/92b281304cc7491fa8609d4da888243c/he0202_do_2015_krk_170313.pdf,1,,https://metadata.scb.se/?produkt=HE0202
HE0203,Hushållens konsumtion,Statistiska centralbyrån,True,2026-12-22,True,9,"[""scb""]",4,2026,https://www.scb.se/contentassets/71eaab7b3e9a4e1ebf2970bb990d39f5/he0203_kd_2026m_v3_20260916.pdf,0,,,4,2026,https://www.scb.se/contentassets/71eaab7b3e9a4e1ebf2970bb990d39f5/he0203_staf_2026m_v1_20260610.pdf,0,,,1,,https://metadata.scb.se/?produkt=HE0203
HE0501,Total pension,Pensionsmyndigheten,True,2026-12-17,True,5,"[""sam""]",3,2026,https://www.pensionsmyndigheten.se/content/dam/pensionsmyndigheten/blanketter---broschyrer---faktablad/statistik/officiell-statistik/total-pension-kvalitetsdeklaration/Kvalitetsdeklaration_2026_HE0501.pdf,0,,,2,2025,https://www.pensionsmyndigheten.se/content/dam/pensionsmyndigheten/blanketter---broschyrer---faktablad/statistik/officiell-statistik/total-pension-statistikens-framst%C3%A4llning/Statistikens_framstallning_2025_HE0501.pdf,0,,,0,,
HE9999,Hushållens ekonomi övrigt,Statistiska centralbyrån,True,2004-07-30,False,0,[],0,,,0,,,0,,,0,,,0,,
HS0102,Aborter,Socialstyrelsen,True,2012-10-18,False,0,[],0,,,0,,,0,,,0,,,0,,
HS0103,Statistik om amning,Socialstyrelsen,True,2023-09-26,False,1,"[""sam""]",1,2023,https://www.socialstyrelsen.se/contentassets/75305c8f75734bd28e174041e9a70325/2023-9-8757-kvalitetsdeklaration.pdf,0,,,0,,,0,,,0,,
HS0104,Assisterad befruktning,Socialstyrelsen,True,2008-01-31,False,0,[],0,,,0,,,0,,,0,,,0,,
HS0105,Statistik om nyupptäckta cancerfall,Socialstyrelsen,True,2026-11-05,True,1,"[""sam""]",1,2025,https://www.socialstyrelsen.se/contentassets/06ca5be116fc41f7a0326ef92a0715f1/2025-11-9874-kvalitetsdeklaration.pdf,0,,,0,,,0,,,0,,
HS0106,Statistik om spädbarnsföräldrars rökvanor,Socialstyrelsen,True,2023-09-19,False,1,"[""sam""]",1,2023,https://www.socialstyrelsen.se/contentassets/ac93e0bd5ce24551bfe4cec2e13e14c7/2023-9-8729-kvalitetsdeklaration.pdf,0,,,0,,,0,,,0,,
HS0107,"Statistik om graviditeter, förlossningar och nyfödda barn",Socialstyrelsen,True,2025-12-04,True,1,"[""sam""]",1,2025,https://www.socialstyrelsen.se/contentassets/4e1b788f29fe419cb8c5ae29cdbc36d9/2025-12-9920-kvalitetsdeklaration.pdf,0,,,0,,,0,,,0,,
HS0110,Statistik om sjukdomar behandlade i sluten vård,Socialstyrelsen,True,2026-10-06,True,1,"[""sam""]",1,2025,https://www.socialstyrelsen.se/contentassets/0e8398c12745405db5ef49234e93a446/2025-10-9858-kvalitetsdeklaration.pdf,0,,,0,,,0,,,0,,
HS0112,Statistik om skador och förgiftningar behandlade i sluten vård,Socialstyrelsen,True,2026-10-13,True,1,"[""sam""]",1,2025,https://www.socialstyrelsen.se/contentassets/fe205124e49e48608820dd55ffa785f8/2025-10-9839-kvalitetsdeklaration.pdf,0,,,0,,,0,,,0,,
HS0114,Statistik om hjärtinfarkter,Socialstyrelsen,True,2026-11-24,True,1,"[""sam""]",1,2025,https://www.socialstyrelsen.se/contentassets/e9c01356c1b849b8be495412f9a31403/2025-11-9911-kvalitetsdeklaration.pdf,0,,,0,,,0,,,0,,
HS0115,Fosterskador och kromosomavvikelser,Socialstyrelsen,True,2013-11-20,False,0,[],0,,,0,,,0,,,0,,,0,,
HS0118,Statistik om stroke,Socialstyrelsen,True,2026-11-17,True,1,"[""sam""]",1,2025,https://www.socialstyrelsen.se/contentassets/8984a80057994a3090c3d8b62cc23ca9/2025-11-9883-kvalitetsdeklaration.pdf,0,,,0,,,0,,,0,,
HS0119,Statistik om tandhälsa,Socialstyrelsen,True,2026-05-26,True,1,"[""sam""]",1,2026,https://www.socialstyrelsen.se/contentassets/d4efeed233aa482fa6eaeafd5cd42f96/2026-5-10290-kvalitetsdeklaration.pdf,0,,,0,,,0,,,0,,
HS0202,Statistik om läkemedel,Socialstyrelsen,True,2026-04-16,True,1,"[""sam""]",1,2026,https://www.socialstyrelsen.se/contentassets/13ea78bb244f48a28500218c69d827a3/2026-4-10194-kvalitetsdeklaration.pdf,0,,,0,,,0,,,0,,
HS0203,Statistik om legitimerad hälso- och sjukvårdspersonal,Socialstyrelsen,True,2016-06-01,False,0,[],0,,,0,,,0,,,0,,,0,,
HS0205,Hälso- och sjukvårdens verksamhet,Socialstyrelsen,True,2007-11-30,False,0,[],0,,,0,,,0,,,0,,,0,,
HS0206,Statistik om hälso- och sjukvårdspersonal med legitimation eller yrkesbevis samt arbetsmarknadsstatus,Socialstyrelsen,True,2026-10-15,True,1,"[""sam""]",1,2025,https://www.socialstyrelsen.se/contentassets/64884c95823944cc9f505e65a41f6cce/2025-9-9756-kvalitetsdeklaration.pdf,0,,,0,,,0,,,0,,
HS0207,Statistik om kommunala hälso- och sjukvårdsinsatser,Socialstyrelsen,True,2026-06-01,True,1,"[""sam""]",1,2026,https://www.socialstyrelsen.se/contentassets/d1deeebc6db94cf0938faeeb6b140094/2026-6-10295-kvalitetsdeklaration.pdf,0,,,0,,,0,,,0,,
HS0301,Statistik om dödsorsaker,Socialstyrelsen,True,2026-09-08,True,0,[],0,,,0,,,0,,,0,,,0,,
IT0101,,,False,,False,1,"[""scb""]",0,,,0,,,0,,,1,2008,https://www.scb.se/contentassets/9cfc4627e5954d109ab39dda9df1ba69/it0101_do_2008.pdf,0,,
IT0102,,,False,,False,8,"[""scb""]",0,,,6,2008,https://www.scb.se/contentassets/e990c2fbd1e14545804150efd6208bb9/it0102_bs_2008.pdf,0,,,2,2008,https://www.scb.se/contentassets/e990c2fbd1e14545804150efd6208bb9/it0102_do_2008.pdf,0,,
JO0101,,,False,,False,5,"[""scb""]",0,,,4,2007,https://www.scb.se/contentassets/e0b99118ba4349e1a0ce132dd47dee83/jo0101_bs_2007.pdf,0,,,0,,,1,,https://metadata.scb.se/?produkt=JO0101
JO0102,Trädgårdssektorn,Statens jordbruksverk,True,2021-06-29,False,10,"[""scb""]",3,2020,https://www.scb.se/contentassets/a58b518ccae64633acc6304ed02d4130/jo0102_kd_2020_jp_210629.pdf,3,2014,https://www.scb.se/contentassets/a58b518ccae64633acc6304ed02d4130/jo0102_bs_2014.pdf,3,2020,https://www.scb.se/contentassets/a58b518ccae64633acc6304ed02d4130/jo0102_staf_2020_jp_210629.pdf,0,,,1,,https://metadata.scb.se/?produkt=JO0102
JO0103,Lantbrukets djur i juni,Statens jordbruksverk,True,2026-10-15,True,28,"[""scb""]",4,2023,https://www.scb.se/contentassets/694a1038bc1c4651b8949d412ee1a0b4/jo0103_kd_2023_20231011.pdf,20,2016,https://www.scb.se/contentassets/694a1038bc1c4651b8949d412ee1a0b4/jo0103_bs_2016.pdf,3,2023,https://www.scb.se/contentassets/694a1038bc1c4651b8949d412ee1a0b4/jo0103_staf_2023_20231011.pdf,0,,,1,,https://metadata.scb.se/?produkt=JO0103
JO0104,Jordbruksmarkens användning,Statens jordbruksverk,True,2026-05-12,True,31,"[""scb""]",8,2023,https://www.scb.se/contentassets/54cc11d818244348aa02bd1c7f15554b/jo0104_kd_2023_yo_230524.pdf,17,2015,https://www.scb.se/contentassets/54cc11d818244348aa02bd1c7f15554b/jo0104_bs_2015.pdf,5,2023,https://www.scb.se/contentassets/54cc11d818244348aa02bd1c7f15554b/jo0104_staf_2023_yo_230524.pdf,0,,,1,,https://metadata.scb.se/?produkt=JO0104
JO0105,Jordbruksföretagens driftsinriktning,Statens jordbruksverk,True,2024-03-07,False,8,"[""scb""]",2,2020,https://www.scb.se/contentassets/7dd45282465e47dd8c48b4b34a0d2c42/jo0105_kd_2020.pdf,4,2010,https://www.scb.se/contentassets/7dd45282465e47dd8c48b4b34a0d2c42/jo0105_bs_2010.pdf,1,2020,https://www.scb.se/contentassets/7dd45282465e47dd8c48b4b34a0d2c42/jo0105_staf_2020.pdf,0,,,1,,https://metadata.scb.se/?produkt=JO0105
JO0106,Företag och företagare i jordbruket,Statens jordbruksverk,True,2025-11-11,True,13,"[""scb""]",4,2022,https://www.scb.se/contentassets/daa4db51f51c4bceb5e4cf910fbf9d86/jo0106_kd_2022_221110.pdf,5,2013,https://www.scb.se/contentassets/daa4db51f51c4bceb5e4cf910fbf9d86/jo0106_bs_2013.pdf,3,2022,https://www.scb.se/contentassets/daa4db51f51c4bceb5e4cf910fbf9d86/jo0106_staf_2022_221110.pdf,0,,,1,,https://metadata.scb.se/?produkt=JO0106
JO0107,Hästar,Statens jordbruksverk,True,2017-02-02,False,3,"[""scb""]",0,,,2,2016,https://www.scb.se/contentassets/44acf0ef699e4e39ae8e0c5d84c51cd4/jo0107_bs_2016.pdf,0,,,0,,,1,,https://metadata.scb.se/?produkt=JO0107
JO0108,Jordbruksföretagens kombinationsverksamhet,Statens jordbruksverk,True,2024-06-11,False,7,"[""scb""]",1,2020,https://www.scb.se/contentassets/4b894fc8f12d4bdb80e07e2db98ea24d/jo0108_kd_2020.pdf,4,2016,https://www.scb.se/contentassets/4b894fc8f12d4bdb80e07e2db98ea24d/jo0108_bs_2016.pdf,1,2020,https://www.scb.se/contentassets/4b894fc8f12d4bdb80e07e2db98ea24d/jo0108_staf_2020.pdf,0,,,1,,https://metadata.scb.se/?produkt=JO0108
JO0109,Heltidsjordbruket i Sverige,Statens jordbruksverk,True,2024-06-18,False,6,"[""scb""]",2,2020,https://www.scb.se/contentassets/6485158751e7406297ac82ed20d35adf/jo0109_kd_2020.pdf,2,2013,https://www.scb.se/contentassets/6485158751e7406297ac82ed20d35adf/jo0109_bs_2013.pdf,1,2020,https://www.scb.se/contentassets/6485158751e7406297ac82ed20d35adf/jo0109_staf_2020.pdf,0,,,1,,https://metadata.scb.se/?produkt=JO0109
JO0110,Höstsådda arealer,Statens jordbruksverk,True,2026-11-26,True,24,"[""scb""]",9,2025,https://www.scb.se/contentassets/c9a882665ecf4a98a60f4495ed536a35/jo0110-kd-2025-251128_klar.pdf,6,2016,https://www.scb.se/contentassets/c9a882665ecf4a98a60f4495ed536a35/jo0110_bs_2016_gl_161130.pdf,8,2025,https://www.scb.se/contentassets/c9a882665ecf4a98a60f4495ed536a35/jo0110-staf-2025-251128_klar.pdf,0,,,1,,https://metadata.scb.se/?produkt=JO0110
JO0111,Nötkreatur i december,Statens jordbruksverk,True,2026-02-13,True,13,"[""scb""]",7,2022,https://www.scb.se/contentassets/a24493db3353484794abe604dc218fdf/jo0111_kd_2022_ag_230214.pdf,5,2015,https://www.scb.se/contentassets/a24493db3353484794abe604dc218fdf/jo0111_bs_2015.pdf,0,,,0,,,1,,https://metadata.scb.se/?produkt=JO0111
JO0112,Dränering av jordbruksmark,Statens jordbruksverk,True,2024-11-20,False,2,"[""scb""]",0,,,1,2013,https://www.scb.se/contentassets/6d3aaad5296541aba3b96b7261421e93/jo0112_bs_2013.pdf,0,,,0,,,1,,https://metadata.scb.se/?produkt=JO0112
JO0113,Ekologisk växtodling och djurhållning,Statens jordbruksverk,True,2017-06-20,False,9,"[""scb""]",2,2017,https://www.scb.se/contentassets/8c57ec99226049d1beb38948fd27cf07/jo0113_kd_2017-05-23.pdf,6,2015,https://www.scb.se/contentassets/8c57ec99226049d1beb38948fd27cf07/jo0113_bs_2015_160524.pdf,0,,,0,,,1,,https://metadata.scb.se/?produkt=JO0113
JO0114,Ekologisk växtodling,Statens jordbruksverk,True,2026-05-13,True,12,"[""scb""]",6,2022,https://www.scb.se/contentassets/f208123ad4b64c9c9c081731907a632f/jo0114_kd_2022_us_230516.pdf,0,,,5,2022,https://www.scb.se/contentassets/f208123ad4b64c9c9c081731907a632f/jo0114_staf_2022_us_230516.pdf,0,,,1,,https://metadata.scb.se/?produkt=JO0114
JO0115,Ekologisk djurhållning,Statens jordbruksverk,True,2026-06-15,True,12,"[""scb""]",6,2022,https://www.scb.se/contentassets/839de3af1d6b4df997113beac1812889/jo0115_kd_2022_230620.pdf,0,,,5,2022,https://www.scb.se/contentassets/839de3af1d6b4df997113beac1812889/jo0115_staf_2022_230620.pdf,0,,,1,,https://metadata.scb.se/?produkt=JO0115
JO0116,Får i december,Statens jordbruksverk,True,2026-03-16,True,0,[],0,,,0,,,0,,,0,,,0,,
JO0117,Trädgårdsodlingens struktur,Statens jordbruksverk,True,2024-07-04,False,0,[],0,,,0,,,0,,,0,,,0,,
JO0118,Trädgårdsodlingens växthus,Statens jordbruksverk,True,2024-09-12,False,0,[],0,,,0,,,0,,,0,,,0,,
JO0119,Trädgårdsodlingens fruktträd,Statens jordbruksverk,True,2024-11-07,False,0,[],0,,,0,,,0,,,0,,,0,,
JO0202,Jordbruksekonomiska undersökningen,Statens jordbruksverk,True,2026-10-23,True,20,"[""scb""]",5,2021,https://www.scb.se/contentassets/e4e4e848704e4025928b504915e9df4c/jo0202_kd_2021_dp_230224.pdf,10,2015,https://www.scb.se/contentassets/e4e4e848704e4025928b504915e9df4c/jo0202_bas_2015_.pdf,4,2021,https://www.scb.se/contentassets/e4e4e848704e4025928b504915e9df4c/jo0202_staf_2021_dp_230224.pdf,0,,,1,,https://metadata.scb.se/?produkt=JO0202
JO0203,Trädgårdsundersökningen. Kvantiteter och värden i trädgårdsproduktionen,Statens jordbruksverk,True,2021-09-07,False,15,"[""scb""]",5,2020,https://www.scb.se/contentassets/ff1910d4342141e38d724fa546cde959/jo0203_kd_2020_jp_210907.pdf,6,2015,https://www.scb.se/contentassets/ff1910d4342141e38d724fa546cde959/jo0203_bs_2015.pdf,3,2020,https://www.scb.se/contentassets/ff1910d4342141e38d724fa546cde959/jo0203_staf_2020_jp_210907.pdf,0,,,1,,https://metadata.scb.se/?produkt=JO0203
JO0204,Jordbrukarhushållens inkomster,Statens jordbruksverk,True,2026-06-17,True,10,"[""scb""]",4,2018,https://www.scb.se/contentassets/db1b736a554e46f18684e64ab9637315/jo42sm2001_kvalitet_2018.pdf,3,2013,https://www.scb.se/contentassets/db1b736a554e46f18684e64ab9637315/jo0204_bs_2013.pdf,2,2018,https://www.scb.se/contentassets/db1b736a554e46f18684e64ab9637315/jo42sm2001_staf_2018.pdf,0,,,1,,https://metadata.scb.se/?produkt=JO0204
JO0205,Ekonomisk kalkyl för jordbrukssektorn,Statens jordbruksverk,True,2026-12-03,True,19,"[""scb""]",8,2023,https://www.scb.se/contentassets/66fc07063bf3407cb97e1e415ff94913/jo0205_kd_2023_20231205.pdf,5,2015,https://www.scb.se/contentassets/66fc07063bf3407cb97e1e415ff94913/jo0205_bs_2015.pdf,5,2023,https://www.scb.se/contentassets/66fc07063bf3407cb97e1e415ff94913/jo0205_staf_2023_20231205.pdf,0,,,1,,https://metadata.scb.se/?produkt=JO0205
JO0301,Åtgärder i skogsbruket,Skogsstyrelsen,True,2026-06-30,True,0,[],0,,,0,,,0,,,0,,,0,,
JO0303,Rundvirkespriser,Skogsstyrelsen,True,2026-11-03,True,0,[],0,,,0,,,0,,,0,,,0,,
JO0304,Åtgärds- och sysselsättningsstatistik småskaligt skogsbruk,Skogsstyrelsen,True,2020-10-21,False,13,"[""scb""]",1,2019,https://www.scb.se/contentassets/1c7342dde7e244ef9ecedcdd5ccd9acc/jo0304_kd_2019_sc_201021.pdf,11,2014,https://www.scb.se/contentassets/1c7342dde7e244ef9ecedcdd5ccd9acc/jo0304_bs_2014_tt_140702.pdf,0,,,0,,,1,,https://metadata.scb.se/?produkt=JO0304
JO0305,Lager av barrsågtimmer,Skogsstyrelsen,True,2013-11-28,False,0,[],0,,,0,,,0,,,0,,,0,,
JO0306,Lager av rundvirke och massaflis,Skogsstyrelsen,True,2026-11-10,True,0,[],0,,,0,,,0,,,0,,,0,,
JO0307,Kostnader och intäkter i det storskaliga skogsbruket,Skogsstyrelsen,True,2026-06-16,True,0,[],0,,,0,,,0,,,0,,,0,,
JO0308,Skogsstatistisk årsbok,Skogsstyrelsen,True,2014-09-29,False,0,[],0,,,0,,,0,,,0,,,0,,
JO0310,Polytax - återväxtresultat efter föryngringsavverkning,Skogsstyrelsen,True,2007-03-02,False,0,[],0,,,0,,,0,,,0,,,0,,
JO0311,Återväxternas kvalitet,Skogsstyrelsen,True,2026-11-24,True,0,[],0,,,0,,,0,,,0,,,0,,
JO0312,Avverkning,Skogsstyrelsen,True,2026-09-22,True,0,[],0,,,0,,,0,,,0,,,0,,
JO0313,Levererade skogsplantor,Skogsstyrelsen,True,2026-04-14,True,0,[],0,,,0,,,0,,,0,,,0,,
JO0314,Avverkningsanmälningar,Skogsstyrelsen,True,2026-12-10,True,0,[],0,,,0,,,0,,,0,,,0,,
JO0401,Sysselsättning i jordbruket,Statens jordbruksverk,True,2024-06-13,False,8,"[""scb""]",1,2020,https://www.scb.se/contentassets/1fb7d2689a0246e8adf5647c45606824/jo0401_kd_2020.pdf,5,2010,https://www.scb.se/contentassets/1fb7d2689a0246e8adf5647c45606824/jo0401_bs_2010.pdf,1,2020,https://www.scb.se/contentassets/1fb7d2689a0246e8adf5647c45606824/jo0401_staf_2020.pdf,0,,,1,,https://metadata.scb.se/?produkt=JO0401
JO0501,Sysselsättning i skogsbruket,Skogsstyrelsen,True,2026-12-08,True,0,[],0,,,0,,,0,,,0,,,0,,
JO0504,"Skogsentreprenörer, äldre statistik",Skogsstyrelsen,True,2019-07-02,False,0,[],0,,,0,,,0,,,0,,,0,,
JO0601,"Skörd av spannmål, trindsäd och oljeväxter",Statens jordbruksverk,True,2026-12-11,True,46,"[""scb""]",13,2025,https://www.scb.se/contentassets/462f77b26e0d4febbbaab8b204d960f5/jo0601_kd_2025_260422.pdf,18,2015,https://www.scb.se/contentassets/462f77b26e0d4febbbaab8b204d960f5/jo0601_bs_2015.pdf,14,2025,https://www.scb.se/contentassets/462f77b26e0d4febbbaab8b204d960f5/jo0601_staf_2025_260422.pdf,0,,,1,,https://metadata.scb.se/?produkt=JO0601
JO0602,Normskördar,Statens jordbruksverk,True,2026-05-29,True,38,"[""scb""]",10,2026,https://www.scb.se/contentassets/d4cee96b4ec94bc2998f604cbddc1415/jo0602-kd-2026.pdf,18,2016,https://www.scb.se/contentassets/d4cee96b4ec94bc2998f604cbddc1415/jo0602_bs_2016_gl_160610.pdf,9,2026,https://www.scb.se/contentassets/d4cee96b4ec94bc2998f604cbddc1415/jo0602-staf-2026.pdf,0,,,1,,https://metadata.scb.se/?produkt=JO0602
JO0603,Skörd av potatis,Statens jordbruksverk,True,2026-12-04,True,35,"[""scb""]",10,2024,https://www.scb.se/contentassets/5314c2bc702042bb81710a19ca22d97a/jo0603_kd_2024_20241206_prel_v1.pdf,16,2015,https://www.scb.se/contentassets/5314c2bc702042bb81710a19ca22d97a/jo0603_bs_2015.pdf,8,2025,https://www.scb.se/contentassets/5314c2bc702042bb81710a19ca22d97a/jo0603-staf-2025-260422.pdf,0,,,1,,https://metadata.scb.se/?produkt=JO0603
JO0604,Animalieproduktion,Statens jordbruksverk,True,2026-12-11,True,23,"[""scb""]",5,2020,https://www.scb.se/contentassets/5be88c7e4c3c48b3b4520b41a37d66f9/jo0604_kd_2020_200710.pdf,15,2015,https://www.scb.se/contentassets/5be88c7e4c3c48b3b4520b41a37d66f9/jo0604_bs_2015.pdf,2,2020,https://www.scb.se/contentassets/5be88c7e4c3c48b3b4520b41a37d66f9/jo0604_staf_2020.pdf,0,,,1,,https://metadata.scb.se/?produkt=JO0604
JO0605,Skördeprognos för spannmål och oljeväxter,Statens jordbruksverk,True,2026-08-14,True,22,"[""scb""]",4,2021,https://www.scb.se/contentassets/7fe4cb318306421e8f9b361a0fc9ccc4/jo0605_kd_2021.pdf,14,2015,https://www.scb.se/contentassets/7fe4cb318306421e8f9b361a0fc9ccc4/jo0605_bs_2015.pdf,3,2021,https://www.scb.se/contentassets/7fe4cb318306421e8f9b361a0fc9ccc4/jo0605_staf_2021.pdf,0,,,1,,https://metadata.scb.se/?produkt=JO0605
JO0606,Skörd av slåttervall,Statens jordbruksverk,True,2026-04-22,True,32,"[""scb""]",11,2025,https://www.scb.se/contentassets/d9818587b196445baa2d659a44e69347/jo0606-kd-2025-260422.pdf,12,2015,https://www.scb.se/contentassets/d9818587b196445baa2d659a44e69347/jo0606_bs_2015.pdf,8,2025,https://www.scb.se/contentassets/d9818587b196445baa2d659a44e69347/jo0606-staf-2025-260422.pdf,0,,,1,,https://metadata.scb.se/?produkt=JO0606
JO0607,Skörd av trädgårdsväxter,Statens jordbruksverk,True,2023-03-28,False,17,"[""scb""]",5,2022,https://www.scb.se/contentassets/9326bb8be744428bbdcd77ad7ec37e90/jo0607_kd_2022_jp_20230328.pdf,7,2015,https://www.scb.se/contentassets/9326bb8be744428bbdcd77ad7ec37e90/jo0607_bs_2015.pdf,4,2022,https://www.scb.se/contentassets/9326bb8be744428bbdcd77ad7ec37e90/jo0607_staf_2022_jp_20230328.pdf,0,,,1,,https://metadata.scb.se/?produkt=JO0607
JO0608,Skörd för ekologisk och konventionell odling,Statens jordbruksverk,True,2026-06-16,True,33,"[""scb""]",10,2025,https://www.scb.se/contentassets/87e5097452c44cb8b2e09980a98f6bbb/kd-jo0608-2025_.pdf,13,2015,https://www.scb.se/contentassets/87e5097452c44cb8b2e09980a98f6bbb/jo0608_bs_2015.pdf,9,2025,https://www.scb.se/contentassets/87e5097452c44cb8b2e09980a98f6bbb/staf-jo0608-2025_.pdf,0,,,1,,https://metadata.scb.se/?produkt=JO0608
JO0609,Ekologisk animalieproduktion,Statens jordbruksverk,True,2026-06-26,True,16,"[""scb""]",7,2022,https://www.scb.se/contentassets/e99b67c437074160b4dfd9c6484aa5f5/jo0609_kd_2022_230629.pdf,3,2015,https://www.scb.se/contentassets/e99b67c437074160b4dfd9c6484aa5f5/jo0609_bs_2015.pdf,5,2022,https://www.scb.se/contentassets/e99b67c437074160b4dfd9c6484aa5f5/jo0609_staf_2022_230629.pdf,0,,,1,,https://metadata.scb.se/?produkt=JO0609
JO0610,Trädgårdsodlingens produktion,Statens jordbruksverk,True,2026-04-08,True,0,[],0,,,0,,,0,,,0,,,0,,
JO0611,Lagerhållning av spannmål och raps,Statens jordbruksverk,True,2026-03-26,True,0,[],0,,,0,,,0,,,0,,,0,,
JO0701,,,False,,False,9,"[""scb""]",0,,,9,2011,https://www.scb.se/contentassets/5be88c7e4c3c48b3b4520b41a37d66f9/jo0701_bs_2011.pdf,0,,,0,,,0,,
JO0702,,,False,,False,6,"[""scb""]",0,,,6,2010,https://www.scb.se/contentassets/a24493db3353484794abe604dc218fdf/jo0702_bs_2010.pdf,0,,,0,,,0,,
JO0801,Skogsdata - aktuella uppgifter om de svenska skogarna,Sveriges lantbruksuniversitet,True,2026-05-27,True,1,"[""sam""]",0,,,1,,https://www.slu.se/globalassets/slu.se/om-slu/organisation/institutioner/skoglig-resurshushallning/riksskogstaxeringen/dokument/dokument/jo0801_bs.pdf,0,,,0,,,0,,
JO0802,Arealförhållanden,Sveriges lantbruksuniversitet,True,2026-05-27,True,1,"[""sam""]",0,,,1,,https://www.slu.se/globalassets/slu.se/om-slu/organisation/institutioner/skoglig-resurshushallning/riksskogstaxeringen/dokument/dokument/jo0802_bs.pdf,0,,,0,,,0,,
JO0803,Virkesförråd och trädbiomassa,Sveriges lantbruksuniversitet,True,2026-05-27,True,1,"[""sam""]",0,,,1,,https://www.slu.se/globalassets/slu.se/om-slu/organisation/institutioner/skoglig-resurshushallning/riksskogstaxeringen/dokument/dokument/jo0803_bs.pdf,0,,,0,,,0,,
JO0804,Årlig tillväxt,Sveriges lantbruksuniversitet,True,2026-05-27,True,1,"[""sam""]",0,,,1,,https://www.slu.se/globalassets/slu.se/om-slu/organisation/institutioner/skoglig-resurshushallning/riksskogstaxeringen/dokument/dokument/jo0804_bs.pdf,0,,,0,,,0,,
JO0805,Vegetations- och ståndortsförhållanden,Sveriges lantbruksuniversitet,True,2026-05-27,True,1,"[""sam""]",0,,,1,,https://www.slu.se/globalassets/slu.se/om-slu/organisation/institutioner/skoglig-resurshushallning/riksskogstaxeringen/dokument/dokument/jo0805_bs.pdf,0,,,0,,,0,,
JO0806,Skogsskador,Sveriges lantbruksuniversitet,True,2026-05-27,True,1,"[""sam""]",0,,,1,,https://www.slu.se/globalassets/slu.se/om-slu/organisation/institutioner/skoglig-resurshushallning/riksskogstaxeringen/dokument/dokument/jo0806_bs.pdf,0,,,0,,,0,,
JO0901,,,False,,False,15,"[""scb""]",1,2006,https://www.scb.se/contentassets/e4e4e848704e4025928b504915e9df4c/jo0901-bs--2006-x.pdf,14,2009,https://www.scb.se/contentassets/e4e4e848704e4025928b504915e9df4c/jo0901_bs_2009_def.pdf,0,,,0,,,0,,
JO0903,,,False,,False,11,"[""scb""]",1,2005,https://www.scb.se/contentassets/db1b736a554e46f18684e64ab9637315/jo0903_-bs_-2005.pdf,10,2008,https://www.scb.se/contentassets/db1b736a554e46f18684e64ab9637315/jo0903_bs_2008.pdf,0,,,0,,,0,,
JO0904,,,False,,False,7,"[""scb""]",0,,,7,2010,https://www.scb.se/contentassets/66fc07063bf3407cb97e1e415ff94913/jo0904_bs_2010.pdf,0,,,0,,,0,,
JO1001,Prisindex och priser på livsmedelsområdet,Statens jordbruksverk,True,2026-12-15,True,22,"[""scb""]",4,2020,https://www.scb.se/contentassets/73c2591ba1cf4dfd81640a043667667b/jo1001_kd_2020.pdf,14,2016,https://www.scb.se/contentassets/73c2591ba1cf4dfd81640a043667667b/jo1001_bs_2016.pdf,3,2020,https://www.scb.se/contentassets/73c2591ba1cf4dfd81640a043667667b/jo1001_staf_2020.pdf,0,,,1,,https://metadata.scb.se/?produkt=JO1001
JO1002,Markpriser,Statens jordbruksverk,True,2026-08-20,True,26,"[""scb""]",7,2022,https://www.scb.se/contentassets/8b87b88232624be78af0fafa76a95bc3/jo1002_kd_2022_20230824.pdf,13,2015,https://www.scb.se/contentassets/8b87b88232624be78af0fafa76a95bc3/jo1002_bs_2015.pdf,5,2022,https://www.scb.se/contentassets/8b87b88232624be78af0fafa76a95bc3/jo1002_staf_2022_20230824.pdf,0,,,1,,https://metadata.scb.se/?produkt=JO1002
JO1003,Arrendepriser för jordbruksmark,Statens jordbruksverk,True,2025-02-28,False,9,"[""scb""]",3,2022,https://www.scb.se/contentassets/dc18c8cee7c04ae0b04d707621544ab0/jo1003_kd_2022_230228.pdf,3,2014,https://www.scb.se/contentassets/dc18c8cee7c04ae0b04d707621544ab0/jo1003_bs_2014.pdf,2,2022,https://www.scb.se/contentassets/dc18c8cee7c04ae0b04d707621544ab0/jo1003_staf_2022_230228.pdf,0,,,1,,https://metadata.scb.se/?produkt=JO1003
JO1101,Det yrkesmässiga fisket i havet,Havs- och vattenmyndigheten,True,2026-11-27,True,10,"[""sam"", ""scb""]",1,,https://www.havochvatten.se/download/18.4edbca9b19e4aff867fbdbf5/1780382582728/officiell-statistik-JO55SM2601.pdf,8,2014,https://www.scb.se/contentassets/30764871fd0e43ae9a4c9dcbfb84f6bf/jo1101_bs_2014.pdf,0,,,0,,,1,,https://metadata.scb.se/?produkt=JO1101
JO1102,Det yrkesmässiga fisket i sötvatten,Havs- och vattenmyndigheten,True,2026-06-12,True,9,"[""sam"", ""scb""]",1,,https://www.havochvatten.se/download/18.4edbca9b19e4aff867fbdbf3/1780382561324/officiell-statistik-JO56SM2601.pdf,7,2014,https://www.scb.se/contentassets/79a799b3eed8420283d4bac340eb441f/jo1102_bs_2014.pdf,0,,,0,,,1,,https://metadata.scb.se/?produkt=JO1102
JO1104,Fritidsfiske,Havs- och vattenmyndigheten,True,2026-06-17,True,39,"[""sam"", ""scb""]",22,2025,https://www.scb.se/contentassets/c57eb1c55a4b48c3b0ef4ee263534296/jo1104_kd_2025_v2_20260929.pdf,0,,,16,2025,https://www.scb.se/contentassets/c57eb1c55a4b48c3b0ef4ee263534296/jo1104_staf_2025_v2_20260929.pdf,0,,,1,,https://metadata.scb.se/?produkt=JO1104
JO1201,Vattenbruk,Statens jordbruksverk,True,2026-06-25,True,35,"[""scb""]",9,2024,https://www.scb.se/contentassets/1053bf51c1744233b29e7b17172a5c30/jo1201_kd_2024.pdf,17,2015,https://www.scb.se/contentassets/1053bf51c1744233b29e7b17172a5c30/jo1201_bs_2015_he_160818.pdf,8,2024,https://www.scb.se/contentassets/1053bf51c1744233b29e7b17172a5c30/jo1201_staf_2024.pdf,0,,,1,,https://metadata.scb.se/?produkt=JO1201
JO1301,Livsmedelsstatistik,Statens jordbruksverk,True,2026-12-10,True,11,"[""scb""]",4,2021,https://www.scb.se/contentassets/0833bc0df83048d6971af83c3d09e003/jo1301_kd_2021_20221209.pdf,4,2015,https://www.scb.se/contentassets/0833bc0df83048d6971af83c3d09e003/jo1301_bs_2015.pdf,2,2021,https://www.scb.se/contentassets/0833bc0df83048d6971af83c3d09e003/jo1301_staf_2021_20221209.pdf,0,,,1,,https://metadata.scb.se/?produkt=JO1301
JO1302,Djurhälsa,Statens jordbruksverk,True,2024-10-24,False,12,"[""scb""]",2,2020,https://www.scb.se/contentassets/6729ec42eb6244ac8982d69b2d590d34/jo1302_kd_2020_yo_20211020.pdf,7,2013,https://www.scb.se/contentassets/6729ec42eb6244ac8982d69b2d590d34/jo1302_bs_2013.pdf,2,2020,https://www.scb.se/contentassets/6729ec42eb6244ac8982d69b2d590d34/jo1302_staf_2020_yo_20211020.pdf,0,,,1,,https://metadata.scb.se/?produkt=JO1302
JO1402,Skogsstyrelsens formella skydd och ersättningar,Skogsstyrelsen,True,2026-02-03,True,0,[],0,,,0,,,0,,,0,,,0,,
JO1403,Miljöhänsyn vid föryngringsavverkning,Skogsstyrelsen,True,2026-03-24,True,0,[],0,,,0,,,0,,,0,,,0,,
JO1404,Frivilliga avsättningar och certifierad areal,Skogsstyrelsen,True,2026-05-19,True,0,[],0,,,0,,,0,,,0,,,0,,
JO1405,Fastighets- och ägarstruktur i skogsbruk,Skogsstyrelsen,True,2026-05-26,True,0,[],0,,,0,,,0,,,0,,,0,,
JO1406,Kulturmiljöhänsyn vid föryngringsavverkning,Skogsstyrelsen,True,2026-12-15,True,0,[],0,,,0,,,0,,,0,,,0,,
JO1901,Allmän jordbruksstatistik,Statens jordbruksverk,True,2026-06-23,True,14,"[""scb""]",0,,,13,2014,https://www.scb.se/contentassets/e90354056d1141ab8c91ea10023ddfb3/jo1901_bs_2014.pdf,0,,,0,,,1,1901,https://metadata.scb.se/?produkt=JO1901
JO2001,Priser på skogsmark,Skogsstyrelsen,True,2026-09-01,True,0,[],0,,,0,,,0,,,0,,,0,,
JO2101,Skogsentreprenörer,Skogsstyrelsen,True,2026-11-05,True,0,[],0,,,0,,,0,,,0,,,0,,
JO9999,"Jord- och skogsbruk, fiske övrigt",Statistiska centralbyrån,True,2007-03-07,False,0,[],0,,,0,,,0,,,0,,,0,,
KB2023,,,False,,False,2,"[""scb""]",1,2022,https://www.scb.se/contentassets/0833bc0df83048d6971af83c3d09e003/anpassad-kb2023ref2022---kvalitetsdeklaration.pdf,0,,,1,2022,https://www.scb.se/contentassets/0833bc0df83048d6971af83c3d09e003/kb2023ref2022---tillganglig-staf.pdf,0,,,0,,
KU0101,Folkbiblioteksstatistik,Kungliga biblioteket,True,2014-05-27,False,21,"[""scb""]",0,,,20,2011,https://www.scb.se/contentassets/910366517ea94cdf9bd8fcb8dbece605/ku0101_bs_2011.pdf,0,,,0,,,1,,https://metadata.scb.se/?produkt=KU0101
KU0102,Forskningsbiblioteksstatistik,Kungliga biblioteket,True,2014-05-27,False,6,"[""scb""]",0,,,5,2009,https://www.scb.se/contentassets/3aac5621029a4e158fe9dc12ef6cf31b/ku0102_bs_2009.pdf,0,,,0,,,1,,https://metadata.scb.se/?produkt=KU0102
KU0103,Skolbiblioteksstatistik,Kungliga biblioteket,True,2012-06-12,False,0,[],0,,,0,,,0,,,0,,,0,,
KU0104,Sjukhusbiblioteksstatistik,Kungliga biblioteket,True,2014-05-27,False,2,"[""scb""]",0,,,1,2010,https://www.scb.se/contentassets/d5cd089d24c64c4a83d0074b0282ddb9/ku0104_bs_2010.pdf,0,,,0,,,1,,https://metadata.scb.se/?produkt=KU0104
KU0105,"Folk-, lärosätes- och sjukhusbibliotek",Kungliga biblioteket,True,2026-05-13,True,1,"[""scb""]",0,,,0,,,0,,,0,,,1,,https://metadata.scb.se/?produkt=KU0105
KU0106,Skolbiblioteksstatistik,Kungliga biblioteket,True,2026-09-22,True,0,[],0,,,0,,,0,,,0,,,0,,
KU0201,Kulturmiljöstatistik,Myndigheten för kulturanalys,True,2025-12-11,True,0,[],0,,,0,,,0,,,0,,,0,,
KU0301,Museer,Myndigheten för kulturanalys,True,2026-06-17,True,0,[],0,,,0,,,0,,,0,,,0,,
KU0401,Studieförbundsstatistik,Statistiska centralbyrån,True,2026-04-30,True,19,"[""scb""]",6,2025,https://www.scb.se/contentassets/b55e15285977442d8e8884ab4bc73332/ku0401_kd_2025.pdf,6,2015,https://www.scb.se/contentassets/b55e15285977442d8e8884ab4bc73332/ku0401_bs_2015.pdf,6,2025,https://www.scb.se/contentassets/b55e15285977442d8e8884ab4bc73332/ku0401_staf_2025.pdf,0,,,1,,https://metadata.scb.se/?produkt=KU0401
KU0402,"Studieförbundens verksamhet, tidsserier",Statistiska centralbyrån,True,2026-02-24,True,0,[],0,,,0,,,0,,,0,,,0,,
KU0501,Offentliga utgifter för kultur,Myndigheten för kulturanalys,True,2026-11-05,True,0,[],0,,,0,,,0,,,0,,,0,,
LE0000,Levnadsförhållanden allmän statistik,Statistiska centralbyrån,True,2003-10-07,False,0,[],0,,,0,,,0,,,0,,,0,,
LE0001,"Välfärd - SCB:s tidskrift om arbetsliv, demografi och välfärd",Statistiska centralbyrån,True,2018-12-10,False,0,[],0,,,0,,,0,,,0,,,0,,
LE0101,Undersökningarna av levnadsförhållanden,Statistiska centralbyrån,True,2026-10-12,True,55,"[""scb""]",10,2025,https://www.scb.se/contentassets/35da017ddbc3439a932bd8af95c58601/le0101_kd_2025_20260206.pdf,13,2015,https://www.scb.se/contentassets/35da017ddbc3439a932bd8af95c58601/le0101_bs_2015_pa_160525.pdf,9,2025,https://www.scb.se/contentassets/35da017ddbc3439a932bd8af95c58601/le0101_staf_2025_20260206.pdf,22,2016,https://www.scb.se/contentassets/35da017ddbc3439a932bd8af95c58601/le0101_do_2016_pa_170609.pdf,1,,https://metadata.scb.se/?produkt=LE0101
LE0102,Barn- och familjestatistik,Statistiska centralbyrån,True,2026-06-25,True,39,"[""scb""]",11,2025,https://www.scb.se/contentassets/7ba82395dcad4a00801226fa9dfb03e5/le0102_kd_2025_v3_260625.pdf,9,2015,https://www.scb.se/contentassets/7ba82395dcad4a00801226fa9dfb03e5/le0102_bs_2015.pdf,9,2025,https://www.scb.se/contentassets/7ba82395dcad4a00801226fa9dfb03e5/staf_le102_2025.pdf,9,2016,https://www.scb.se/contentassets/7ba82395dcad4a00801226fa9dfb03e5/le0102_do_2016_an_170516.pdf,1,,https://metadata.scb.se/?produkt=LE0102
LE0103,Tidsundersökningar,Statistiska centralbyrån,True,2022-05-02,False,5,"[""scb""]",1,2001,https://www.scb.se/contentassets/3757f18d00444e688f7358101aa145f0/le0103_kd_2000-2001_dk_200327.pdf,1,2010,https://www.scb.se/contentassets/3757f18d00444e688f7358101aa145f0/le0103_bs_2010_dk_161115.pdf,0,,,2,2010,https://www.scb.se/contentassets/3757f18d00444e688f7358101aa145f0/le0103_do_2010-11_dk_160629.pdf,1,,https://metadata.scb.se/?produkt=LE0103
LE0105,Integration - statistik och analys,Statistiska centralbyrån,True,2026-12-21,True,19,"[""scb""]",9,2026,https://www.scb.se/contentassets/e64f19a874024fdcb5a89e6e630562b4/le0105_kd_2026_v1_20260630.pdf,0,,,9,2026,https://www.scb.se/contentassets/e64f19a874024fdcb5a89e6e630562b4/le0105_staf_2026_v1_20260630.pdf,0,,,1,,https://metadata.scb.se/?produkt=LE0105
LE0106,Undersökningarna av barns levnadsförhållanden,Statistiska centralbyrån,True,2026-04-28,True,27,"[""scb""]",5,2023,https://www.scb.se/contentassets/35c7a3179ee948e79211f11f8c894f13/le0106_kd_2023.pdf,8,2015,https://www.scb.se/contentassets/35c7a3179ee948e79211f11f8c894f13/le0106_bs_2015.pdf,4,2023,https://www.scb.se/contentassets/35c7a3179ee948e79211f11f8c894f13/le0106_staf_2023.pdf,9,2016,https://www.scb.se/contentassets/35c7a3179ee948e79211f11f8c894f13/le0106_do_2016_hr_170531.pdf,1,,https://metadata.scb.se/?produkt=LE0106
LE0108,Befolkningens it-användning,Statistiska centralbyrån,True,2026-10-05,True,37,"[""scb""]",10,2026,https://www.scb.se/contentassets/e990c2fbd1e14545804150efd6208bb9/le0108_kd_2026_v1_20261005.pdf,8,2016,https://www.scb.se/contentassets/e990c2fbd1e14545804150efd6208bb9/le0108_bs_2016.pdf,9,2026,https://www.scb.se/contentassets/e990c2fbd1e14545804150efd6208bb9/le0108_st_2026_v1_20261005.pdf,9,2017,https://www.scb.se/contentassets/e990c2fbd1e14545804150efd6208bb9/le0108_do_-2017_180110_jv.pdf,1,,https://metadata.scb.se/?produkt=LE0108
LE0201,Jämställdhetsstatistik,Statistiska centralbyrån,True,2026-12-10,True,26,"[""scb""]",9,2026,https://www.scb.se/contentassets/2a4d8b96c4cf4ee88d05034b77717d1e/le0201_kd_2026_260326.pdf,8,2016,https://www.scb.se/contentassets/2a4d8b96c4cf4ee88d05034b77717d1e/le0201_bs_2016_cn_160704.pdf,8,2026,https://www.scb.se/contentassets/2a4d8b96c4cf4ee88d05034b77717d1e/le0201_staf_2026q2.pdf,0,,,1,,https://metadata.scb.se/?produkt=LE0201
LE0202,På tal om kvinnor och män. Lathund om jämställdhet,Statistiska centralbyrån,True,2000-09-19,False,0,[],0,,,0,,,0,,,0,,,0,,
LE0203,Regional jämställdhetsstatistik,Statistiska centralbyrån,True,2022-12-21,False,5,"[""scb""]",2,2022,https://www.scb.se/contentassets/64ae09ef74c84461a663e7e08c03ec65/le0203_kd_2022.pdf,0,,,2,2022,https://www.scb.se/contentassets/64ae09ef74c84461a663e7e08c03ec65/le0203_staf_2022.pdf,0,,,1,,https://metadata.scb.se/?produkt=LE0203
LE1900,Longitudinell individdatabas,Statistiska centralbyrån,True,2007-12-18,False,26,"[""scb""]",0,,,10,2008,https://www.scb.se/contentassets/036acadac619486a9f0cbbb79f9dc658/le1900_bs_2008.pdf,0,,,15,2016,https://www.scb.se/contentassets/036acadac619486a9f0cbbb79f9dc658/le1900_do_2016_sa_180309.pdf,1,1900,https://metadata.scb.se/?produkt=LE1900
ME0001,Undersökning av förtroendevalda i kommuner och regioner,Statistiska centralbyrån,True,2024-03-15,False,12,"[""scb""]",2,2023,https://www.scb.se/contentassets/3b29c19a4f85464e8d0a821503eb1a2a/me0001_kd_2023.pdf,4,2015,https://www.scb.se/contentassets/3b29c19a4f85464e8d0a821503eb1a2a/me0001_bs_2015.pdf,2,2023,https://www.scb.se/contentassets/3b29c19a4f85464e8d0a821503eb1a2a/me0001_staf_2023.pdf,3,2015,https://www.scb.se/contentassets/3b29c19a4f85464e8d0a821503eb1a2a/me0001_do_2015_am_161222.pdf,1,,https://metadata.scb.se/?produkt=ME0001
ME0002,Undersökningen om den lokala demokratin i kommuner och regioner,Statistiska centralbyrån,True,2025-03-06,False,12,"[""scb""]",2,2024,https://www.scb.se/contentassets/03510cd7e402424e83a6c5c0ccc85be1/me0002_kd_2024.pdf,4,2016,https://www.scb.se/contentassets/03510cd7e402424e83a6c5c0ccc85be1/me0002_bs_2016.pdf,2,2024,https://www.scb.se/contentassets/03510cd7e402424e83a6c5c0ccc85be1/me0002_staf_2024.pdf,3,2016,https://www.scb.se/contentassets/03510cd7e402424e83a6c5c0ccc85be1/me0002_do_2016_jo_170616.pdf,1,,https://metadata.scb.se/?produkt=ME0002
ME0003,Medborgarundersökningen,Statistiska centralbyrån,True,2026-12-14,True,0,[],0,,,0,,,0,,,0,,,0,,
ME0104,"Allmänna val, valresultat",Statistiska centralbyrån,True,2026-11-23,True,30,"[""scb""]",8,2026,https://www.scb.se/contentassets/0306ea5d06f34dfab00ef2ca653a5284/me0104_kd_prel_rbr_2026_20250915.pdf,7,2014,https://www.scb.se/contentassets/0306ea5d06f34dfab00ef2ca653a5284/me0104_bs_2014_rostberattigade_150317.pdf,6,2026,https://www.scb.se/contentassets/0306ea5d06f34dfab00ef2ca653a5284/me0104_staf_prel_rbr_2026_20150915.pdf,8,2018,https://www.scb.se/contentassets/0306ea5d06f34dfab00ef2ca653a5284/me0104_do_2018_jo_171030.pdf,1,,https://metadata.scb.se/?produkt=ME0104
ME0105,"Allmänna val, valdeltagandeundersökningen",Statistiska centralbyrån,True,2023-06-05,False,14,"[""scb""]",2,2022,https://www.scb.se/contentassets/3018939e6c974a6282bd8f313ba37c79/me0105_kd_2022_230531.pdf,4,2014,https://www.scb.se/contentassets/3018939e6c974a6282bd8f313ba37c79/me0105_bs_2014_150313.pdf,2,2022,https://www.scb.se/contentassets/3018939e6c974a6282bd8f313ba37c79/me0105_staf_2022_230531.pdf,5,2014,https://www.scb.se/contentassets/3018939e6c974a6282bd8f313ba37c79/me0105_do_2014_150701.pdf,1,,https://metadata.scb.se/?produkt=ME0105
ME0106,"Allmänna val, valundersökningen",Göteborgs universitet,True,2016-02-01,False,5,"[""scb""]",0,,,4,2014,https://www.scb.se/contentassets/191f07fbc8a848f3ad3adff64f9e3acc/me0106_bs_2014_20151118.pdf,0,,,0,,,1,,https://metadata.scb.se/?produkt=ME0106
ME0107,"Allmänna val, nominerade och valda",Statistiska centralbyrån,True,2026-01-28,True,14,"[""scb""]",3,2022,https://www.scb.se/globalassets/me0107_kd_2022.pdf,4,2014,https://www.scb.se/contentassets/4df37246f586465991189fc7d4f1593d/me0107_bs_2014_jo_190114.pdf,3,2022,https://www.scb.se/contentassets/4df37246f586465991189fc7d4f1593d/me0107_staf_2022_230227.pdf,3,2014,https://www.scb.se/contentassets/4df37246f586465991189fc7d4f1593d/me0107_do_2014_jo_190114.pdf,1,,https://metadata.scb.se/?produkt=ME0107
ME0109,"Europaparlamentsval, valresultat",Statistiska centralbyrån,True,2024-10-01,False,23,"[""scb""]",5,2024,https://www.scb.se/contentassets/9b59d1d59fec44e6bdbbbdc825694f68/me0109_kd_2024_rostberattigade_20240830.pdf,6,2014,https://www.scb.se/contentassets/9b59d1d59fec44e6bdbbbdc825694f68/me0109_bs_2014_rostberattigade_150317.pdf,5,2024,https://www.scb.se/contentassets/9b59d1d59fec44e6bdbbbdc825694f68/me0109_staf_2024_rostberattigade_20240830.pdf,6,2014,https://www.scb.se/contentassets/9b59d1d59fec44e6bdbbbdc825694f68/me0109_do_2014_prel_rost.pdf,1,,https://metadata.scb.se/?produkt=ME0109
ME0110,"Europaparlamentsval, valdeltagandeundersökningen",Statistiska centralbyrån,True,2025-12-19,True,12,"[""scb""]",2,2024,https://www.scb.se/contentassets/f1b4b11164714754a4cd1bf76cec309c/me0110_kd_2024_251219.pdf,4,2014,https://www.scb.se/contentassets/f1b4b11164714754a4cd1bf76cec309c/me0110_bs_2014_150313.pdf,2,2024,https://www.scb.se/contentassets/f1b4b11164714754a4cd1bf76cec309c/me0110_staf_2024_251219.pdf,3,2014,https://www.scb.se/contentassets/f1b4b11164714754a4cd1bf76cec309c/me0110_do_2014_150701.pdf,1,,https://metadata.scb.se/?produkt=ME0110
ME0111,"Europaparlamentsval, valundersökningen",Göteborgs universitet,True,2015-05-22,False,4,"[""scb""]",0,,,3,2014,https://www.scb.se/contentassets/ade49882f79145d28eeb4d2e58ed6549/me0111_bs_2014_151214.pdf,0,,,0,,,1,,https://metadata.scb.se/?produkt=ME0111
ME0113,"Folkomröstningar, valresultat",Statistiska centralbyrån,True,2004-10-21,False,3,"[""scb""]",0,,,1,2003,https://www.scb.se/contentassets/92ac4724897944c6a5f370ad1bebb357/me0113_bs_2003.pdf,0,,,1,2003,https://www.scb.se/contentassets/92ac4724897944c6a5f370ad1bebb357/me0113_do_2003.pdf,1,,https://metadata.scb.se/?produkt=ME0113
ME0114,"Folkomröstningar, valdeltagandeundersökningen",Statistiska centralbyrån,True,2004-03-31,False,3,"[""scb""]",0,,,1,2003,https://www.scb.se/contentassets/50660c79fe6240db8b12b80da7ba3951/me0114_bs_2003_150127.pdf,0,,,1,2003,https://www.scb.se/contentassets/50660c79fe6240db8b12b80da7ba3951/me0114_do_2003_150127.pdf,1,,https://metadata.scb.se/?produkt=ME0114
ME0115,"Folkomröstningar, valundersökningen",Statistiska centralbyrån,True,2005-11-04,False,2,"[""scb""]",0,,,1,2003,https://www.scb.se/contentassets/ed3ebe88a72e45b493aa880079e9ce35/me0115_bs_2003.pdf,0,,,0,,,1,,https://metadata.scb.se/?produkt=ME0115
ME0116,"Europaparlamentsval, nominerade och valda",Statistiska centralbyrån,True,2024-10-01,False,9,"[""scb""]",2,2024,https://www.scb.se/contentassets/9ad4806466f142079cfc428f8823e172/me0116_kd_2024_20241001.pdf,2,2014,https://www.scb.se/contentassets/9ad4806466f142079cfc428f8823e172/me0116_bs_2014_150317.pdf,2,2024,https://www.scb.se/contentassets/9ad4806466f142079cfc428f8823e172/me0116_staf_2024_20241001.pdf,2,2014,https://www.scb.se/contentassets/9ad4806466f142079cfc428f8823e172/me0116_do_2014.pdf,1,,https://metadata.scb.se/?produkt=ME0116
ME0201,Partisympatiundersökningen,Statistiska centralbyrån,True,2026-06-10,True,48,"[""scb""]",10,2026,https://www.scb.se/contentassets/ed452064a5a54c189df3da7e576cdf4c/me0201_kd_2026_maj_klar.pdf,16,2016,https://www.scb.se/contentassets/ed452064a5a54c189df3da7e576cdf4c/me0201_bs_2016.pdf,9,2026,https://www.scb.se/contentassets/ed452064a5a54c189df3da7e576cdf4c/me0201_staf_2026_maj__klar.pdf,12,2017,https://www.scb.se/contentassets/ed452064a5a54c189df3da7e576cdf4c/me0201_do_2017_rv_170929.pdf,1,,https://metadata.scb.se/?produkt=ME0201
MI0000,Miljö allmän statistik,Statistiska centralbyrån,True,2000-08-30,False,0,[],0,,,0,,,0,,,0,,,0,,
MI0103,Utsläpp till luft av ammoniak i Sverige,Naturvårdsverket,True,2011-03-15,False,0,[],0,,,0,,,0,,,0,,,0,,
MI0106,"Utsläpp till vatten och slamproduktion – Kommunala reningsverk, skogsindustri samt viss övrig industri",Naturvårdsverket,True,2025-02-19,False,11,"[""sam"", ""scb""]",4,2022,https://www.scb.se/contentassets/341c0ce5f3e541819b5e12938e32fe44/mi0106_kd_2022_cs_20250219.pdf,6,2014,https://www.scb.se/contentassets/341c0ce5f3e541819b5e12938e32fe44/mi0106_bs_2014_jh_160415.pdf,0,,,0,,,1,,https://metadata.scb.se/?produkt=MI0106
MI0107,Utsläpp och upptag av växthusgaser,Naturvårdsverket,True,2026-12-17,True,10,"[""sam"", ""scb""]",9,2025,https://www.scb.se/contentassets/7bee1820d3d5403ea361ad5f2c4f840e/mi0107_kd_2025_ag_251210.pdf,0,,,0,,,0,,,1,,https://metadata.scb.se/?produkt=MI0107
MI0108,Utsläpp av luftföroreningar,Naturvårdsverket,True,2026-12-15,True,10,"[""sam"", ""scb""]",9,2025,https://www.scb.se/contentassets/5d9ebb835a76400e92e5c74325e1a945/mi0108_kd_2025_ag_20251210.pdf,0,,,0,,,0,,,1,,https://metadata.scb.se/?produkt=MI0108
MI0110,Preliminära årsvisa utsläpp av växthusgaser,Naturvårdsverket,True,2023-06-15,False,0,[],0,,,0,,,0,,,0,,,0,,
MI0206,Statistik för avrinningsområden,Statistiska centralbyrån,True,2008-01-30,False,2,"[""scb""]",0,,,1,2005,https://www.scb.se/contentassets/61d3eeb7f4ed49aea1c800e64488ec61/mi0206_bs_2005.pdf,0,,,1,2005,https://www.scb.se/contentassets/61d3eeb7f4ed49aea1c800e64488ec61/mi0206_do_2005.pdf,0,,
MI0305,"Avfall, uppkommet och behandlat",Naturvårdsverket,True,2026-06-15,True,7,"[""sam"", ""scb""]",6,2026,https://www.scb.se/contentassets/d643da232a8d493b8f07ea1890f4820b/mi0305_kd_2026.pdf,0,,,0,,,0,,,1,,https://metadata.scb.se/?produkt=MI0305
MI0307,"Avfall, förpackningar",Naturvårdsverket,True,2026-12-04,True,13,"[""sam"", ""scb""]",10,2024,https://www.scb.se/contentassets/bfe765e440e340069570cc3fc3f39952/mi0307_kd_2024_v1_20251205.pdf,2,2015,https://www.scb.se/contentassets/bfe765e440e340069570cc3fc3f39952/mi0307_bs_2015.pdf,0,,,0,,,1,,https://metadata.scb.se/?produkt=MI0307
MI0308,"Avfall, gränsöverskridande transporter",Naturvårdsverket,True,2020-06-01,False,4,"[""scb""]",3,2018,https://www.scb.se/contentassets/09dd1aa26728428589835eb971e0e299/mi0308_kd_2018_bn_200601.pdf,0,,,0,,,0,,,1,,https://metadata.scb.se/?produkt=MI0308
MI0309,"Avfall, elutrustning och batterier",Naturvårdsverket,True,2026-11-20,True,9,"[""scb""]",8,2024,https://www.scb.se/contentassets/d432cc0fd0d0496bba8cfed5f11da72e/kvalitetsdeklaration_mi0309_2023-2024.pdf,0,,,0,,,0,,,1,,https://metadata.scb.se/?produkt=MI0309
MI0401,Luft - miljötillstånd,Naturvårdsverket,True,2026-12-30,True,1,"[""sam""]",1,,https://www.naturvardsverket.se/48cf21/globalassets/data-och-statistik/luft/kvalitetsdeklaration_mi0401-luftkvalitet-tillstand-i-miljon.pdf,0,,,0,,,0,,,0,,
MI0403,Miljötillståndet relaterat till hälsa,Naturvårdsverket,True,2023-03-31,False,0,[],0,,,0,,,0,,,0,,,0,,
MI0405,Kust och hav - miljötillstånd miljögifter,Naturvårdsverket,True,2023-07-06,False,0,[],0,,,0,,,0,,,0,,,0,,
MI0406,Sötvatten - miljötillstånd miljögifter,Naturvårdsverket,True,2022-12-16,False,0,[],0,,,0,,,0,,,0,,,0,,
MI0501,"Växtskyddsmedel i jordbruket, beräknat antal hektardoser",Kemikalieinspektionen,True,2026-06-26,True,33,"[""scb""]",10,2025,https://www.scb.se/contentassets/a4d6782ce9d94bdebef23df7c8820245/mi0501_kd_2025_260626.pdf,13,2015,https://www.scb.se/contentassets/a4d6782ce9d94bdebef23df7c8820245/mi0501_bs_2015_he_160704.pdf,9,2025,https://www.scb.se/contentassets/a4d6782ce9d94bdebef23df7c8820245/mi0501_staf_2025-260626.pdf,0,,,1,,https://metadata.scb.se/?produkt=MI0501
MI0502,Växtskyddsmedel i jord- och trädgårdsbruket - användning i grödor,Kemikalieinspektionen,True,2022-12-02,False,11,"[""scb""]",2,2021,https://www.scb.se/contentassets/d3d0885942d94253842d92d56234b514/mi0502_kd_2021_ar_221202.pdf,3,2010,https://www.scb.se/contentassets/d3d0885942d94253842d92d56234b514/mi0502_bs_2010.pdf,2,2021,https://www.scb.se/contentassets/d3d0885942d94253842d92d56234b514/mi0502_staf_2021_ar_221202.pdf,3,2010,https://www.scb.se/contentassets/d3d0885942d94253842d92d56234b514/scbdok_mi0502_2010.pdf,1,,https://metadata.scb.se/?produkt=MI0502
MI0503,Försålda kvantiteter av bekämpningsmedel,Kemikalieinspektionen,True,2026-06-26,True,0,[],0,,,0,,,0,,,0,,,0,,
MI0504,Miljö- och hälsofarliga kemikalier,Kemikalieinspektionen,True,2012-05-03,False,14,"[""scb""]",0,,,13,2010,https://www.scb.se/contentassets/30762ee2d8ad4c638a8a9bf7400f890c/mi0504_bs_2010.pdf,0,,,0,,,1,,https://metadata.scb.se/?produkt=MI0504
MI0505,Överblick över kemikalier,Kemikalieinspektionen,True,2026-10-12,True,4,"[""sam""]",4,2022,https://www.kemi.se/kemikaliestatistik/overblick-over-kemikalier/kvalitetsdeklaration-for-overblicksstatistiken,0,,,0,,,0,,,0,,
MI0506,Flödesanalyser för kemiska ämnen,Kemikalieinspektionen,True,2026-11-06,True,1,"[""sam""]",1,,https://www.kemi.se/download/18.43415f2e19a0f6035621e694/1761839595539/Kvalitetsdeklaration-Flodesanalyser-for-kemiska-amnen.pdf,0,,,0,,,0,,,0,,
MI0603,Skyddad natur,Statistiska centralbyrån,True,2026-05-29,True,46,"[""scb""]",10,2025,https://www.scb.se/contentassets/9335da8f14fa4cb3bce584a756f428bb/mi0603_kd_2025_kh_260529.pdf,16,2015,https://www.scb.se/contentassets/9335da8f14fa4cb3bce584a756f428bb/mi0603_bs_2015_kh_160530.pdf,9,2025,https://www.scb.se/contentassets/9335da8f14fa4cb3bce584a756f428bb/mi0603_staf_2025_kh_260529.pdf,10,2016,https://www.scb.se/contentassets/9335da8f14fa4cb3bce584a756f428bb/mi0603_do_2016_kh_170627.pdf,1,,https://metadata.scb.se/?produkt=MI0603
MI0604,Miljösanktionsavgifter,Naturvårdsverket,True,2011-03-31,False,0,[],0,,,0,,,0,,,0,,,0,,
MI0605,Skogsmark för naturvårdsändamål,Statistiska centralbyrån,True,2026-06-26,True,16,"[""scb""]",8,2025,https://www.scb.se/contentassets/334d1349b54740768038ebc0c8031323/mi0605_kd_2025_kh_20260626_v1.0.pdf,0,,,7,2025,https://www.scb.se/contentassets/334d1349b54740768038ebc0c8031323/mi0605_staf_2025_kh_20260626_v1.0.pdf,0,,,1,,https://metadata.scb.se/?produkt=MI0605
MI0701,,,False,,False,6,"[""scb""]",0,,,4,2003,https://www.scb.se/contentassets/5c671de894c247a7aa6560cdb0b06e34/mi0701_bs_2003.pdf,0,,,2,2001,https://www.scb.se/contentassets/5c671de894c247a7aa6560cdb0b06e34/mi0701_do_2001.pdf,0,,
MI0802,Land- och vattenarealer,Statistiska centralbyrån,True,2026-01-29,True,48,"[""scb""]",10,2026,https://www.scb.se/contentassets/e4f47ca7e71d4bcd94513446a092849f/mi0802_kd_2026a01_v1_20260129.pdf,17,2016,https://www.scb.se/contentassets/e4f47ca7e71d4bcd94513446a092849f/mi0802_bs_2016.pdf,9,2026,https://www.scb.se/contentassets/e4f47ca7e71d4bcd94513446a092849f/mi0802_staf_2026a01_v1_20260129.pdf,11,2017,https://www.scb.se/contentassets/e4f47ca7e71d4bcd94513446a092849f/mi0802_do_2017_th_170321.pdf,1,,https://metadata.scb.se/?produkt=MI0802
MI0803,Markanvändningen i Sverige,Statistiska centralbyrån,True,2026-06-02,True,14,"[""scb""]",5,2025,https://www.scb.se/contentassets/6a2d974b8a5d4620a548900714736131/mi0803_kd_2025_byggnader_260602.pdf,3,2010,https://www.scb.se/contentassets/6a2d974b8a5d4620a548900714736131/mi0803_bs_2010.pdf,5,2025,https://www.scb.se/contentassets/6a2d974b8a5d4620a548900714736131/mi0803_staf_2025_byggnader_260602.pdf,0,,,1,,https://metadata.scb.se/?produkt=MI0803
MI0804,Detaljhandelns geografi,Statistiska centralbyrån,True,2018-12-21,False,5,"[""scb""]",1,2015,https://www.scb.se/contentassets/bcd0e32c9588488a95d896659d41a39d/mi0804_kd_2015_kh_181116.pdf,2,2010,https://www.scb.se/contentassets/bcd0e32c9588488a95d896659d41a39d/mi0804_bs_2010.pdf,1,2015,https://www.scb.se/contentassets/bcd0e32c9588488a95d896659d41a39d/mi0804_staf_2015_kh_181129.pdf,1,2010,https://www.scb.se/contentassets/bcd0e32c9588488a95d896659d41a39d/mi0804_do_2010.pdf,0,,
MI0805,Grönytor i och omkring tätorter,Statistiska centralbyrån,True,2025-12-16,True,10,"[""scb""]",2,2020,https://www.scb.se/contentassets/825560b0f60e4e7c9546c12ceb917440/mi0805_kd_2020_kh_251216.pdf,3,2010,https://www.scb.se/contentassets/825560b0f60e4e7c9546c12ceb917440/mi0805_bs_2010_150916.pdf,2,2020,https://www.scb.se/contentassets/825560b0f60e4e7c9546c12ceb917440/mi0805_staf_2020_kh_251216.pdf,2,2010,https://www.scb.se/contentassets/825560b0f60e4e7c9546c12ceb917440/mi0805_do_2010.pdf,1,,https://metadata.scb.se/?produkt=MI0805
MI0806,Fritidshusområden,Statistiska centralbyrån,True,2022-11-24,False,10,"[""scb""]",1,2020,https://www.scb.se/contentassets/39f8da4883df4c1c9ef8e489b3b355b0/mi0806_kd_2020a_v1_20221124.pdf,4,2015,https://www.scb.se/contentassets/39f8da4883df4c1c9ef8e489b3b355b0/mi0806_bs_2015.pdf,1,2020,https://www.scb.se/contentassets/39f8da4883df4c1c9ef8e489b3b355b0/mi0806_staf_2020a_v1_20221124.pdf,3,2015,https://www.scb.se/contentassets/39f8da4883df4c1c9ef8e489b3b355b0/mi0806_do_2015.pdf,1,,https://metadata.scb.se/?produkt=MI0806
MI0807,Bebyggd mark i strandskyddsområden,Statistiska centralbyrån,True,2015-11-11,False,19,"[""scb""]",0,,,10,2014,https://www.scb.se/contentassets/f60381f140a74acba03b92caab4f9d17/mi0807_bs_2010-2014_151104.pdf,0,,,8,2014,https://www.scb.se/contentassets/f60381f140a74acba03b92caab4f9d17/mi0807_do_2010-2014_151211.pdf,1,,https://metadata.scb.se/?produkt=MI0807
MI0808,,,False,,False,3,"[""scb""]",0,,,2,2004,https://www.scb.se/contentassets/c20ca3e304df4e24b1ea6d6bfc14ed57/mi0808_bs_2004.pdf,0,,,0,,,1,,https://metadata.scb.se/?produkt=MI0808
MI0809,Torv,Statistiska centralbyrån,True,2026-06-18,True,31,"[""scb""]",10,2025,https://www.scb.se/contentassets/553b0691ea484a439e1270318508bfa5/mi0809_kd.pdf,14,2015,https://www.scb.se/contentassets/553b0691ea484a439e1270318508bfa5/mi0809_bs_2015_fk_160614.pdf,6,2025,https://www.scb.se/contentassets/553b0691ea484a439e1270318508bfa5/mi0809_staf.pdf,0,,,1,,https://metadata.scb.se/?produkt=MI0809
MI0810,Tätorter och småorter,Statistiska centralbyrån,True,2026-11-26,True,18,"[""scb""]",4,2023,https://www.scb.se/contentassets/48ad89a072bd4779bf19cd94d06a7130/mi0810_smaorter_kd_2023a_v1_20241128.pdf,5,2015,https://www.scb.se/contentassets/48ad89a072bd4779bf19cd94d06a7130/mi0810_bs_2015_kh_170516.pdf,4,2023,https://www.scb.se/contentassets/48ad89a072bd4779bf19cd94d06a7130/mi0810_staf_2023a_v2_20260325.pdf,4,2015,https://www.scb.se/contentassets/48ad89a072bd4779bf19cd94d06a7130/mi0810_do_2015_kh_161107.pdf,1,,https://metadata.scb.se/?produkt=MI0810
MI0811,"Småorter; arealer, befolkning",Statistiska centralbyrån,True,2022-03-31,False,10,"[""scb""]",1,2020,https://www.scb.se/contentassets/48ad89a072bd4779bf19cd94d06a7130/mi0811_kd_2020.pdf,4,2015,https://www.scb.se/contentassets/48ad89a072bd4779bf19cd94d06a7130/mi0811_bs_2015.pdf,1,2020,https://www.scb.se/contentassets/48ad89a072bd4779bf19cd94d06a7130/mi0811_staf_2020.pdf,4,2015,https://www.scb.se/contentassets/48ad89a072bd4779bf19cd94d06a7130/mi0811_do_2015.pdf,0,,
MI0812,Strandnära markanvändning,Statistiska centralbyrån,True,2026-12-10,True,31,"[""scb""]",10,2024,https://www.scb.se/contentassets/9fe9b2bd0d8042b5807593cb28dc54ed/mi0812_kd_2024_kh_241219.pdf,6,2013,https://www.scb.se/contentassets/9fe9b2bd0d8042b5807593cb28dc54ed/mi0812_bs_2013_150122.pdf,10,2024,https://www.scb.se/contentassets/9fe9b2bd0d8042b5807593cb28dc54ed/mi0812_staf_2024_kh_241219.pdf,4,2013,https://www.scb.se/contentassets/9fe9b2bd0d8042b5807593cb28dc54ed/mi0812_do_2013_150204.pdf,1,,https://metadata.scb.se/?produkt=MI0812
MI0814,Övrig statistik om markanvändning,Statistiska centralbyrån,True,2006-03-20,False,2,"[""scb""]",0,,,1,2000,https://www.scb.se/contentassets/61d3eeb7f4ed49aea1c800e64488ec61/mi0814_bs_2000.pdf,0,,,0,,,1,,https://metadata.scb.se/?produkt=MI0814
MI0815,Verksamhetsområden och handelsområden,Statistiska centralbyrån,True,2023-12-18,False,12,"[""scb""]",3,2020,https://www.scb.se/contentassets/bcd0e32c9588488a95d896659d41a39d/mi0815_kd_2020_vo_231218.pdf,3,2010,https://www.scb.se/contentassets/bcd0e32c9588488a95d896659d41a39d/mi0815_bs_2010_kh_20131025.pdf,3,2020,https://www.scb.se/contentassets/bcd0e32c9588488a95d896659d41a39d/mi0815_staf_2020_vo_231218.pdf,2,2010,https://www.scb.se/contentassets/bcd0e32c9588488a95d896659d41a39d/mi0815_do_2010.pdf,1,,https://metadata.scb.se/?produkt=MI0815
MI0816,Transportinfrastrukturens markanvändning,Statistiska centralbyrån,True,2014-01-21,False,4,"[""scb""]",0,,,3,2010,https://www.scb.se/contentassets/6a2d974b8a5d4620a548900714736131/mi0816_bs_2010.pdf,0,,,1,2010,https://www.scb.se/contentassets/6a2d974b8a5d4620a548900714736131/mi0816_do_2010.pdf,0,,
MI0817,,,False,,False,3,"[""scb""]",0,,,2,2005,https://www.scb.se/contentassets/61d3eeb7f4ed49aea1c800e64488ec61/mi0817_bs_2005.pdf,0,,,0,,,1,,https://metadata.scb.se/?produkt=MI0817
MI0901,,,False,,False,1,"[""scb""]",0,,,1,2000,https://www.scb.se/contentassets/6212195289bb44b28ea5f3fd46242d74/mi0901_bs_2000.pdf,0,,,0,,,0,,
MI0902,Vattenuttag och vattenanvändning i Sverige,Statistiska centralbyrån,True,2026-06-02,True,19,"[""scb""]",8,2024,https://www.scb.se/contentassets/6212195289bb44b28ea5f3fd46242d74/mi0902_kd_2024_vatten_avlopp_260602.pdf,3,2014,https://www.scb.se/contentassets/6212195289bb44b28ea5f3fd46242d74/mi0902_bs_2014_jm_160623.pdf,7,2024,https://www.scb.se/contentassets/6212195289bb44b28ea5f3fd46242d74/mi0902_staf_2024_vatten_avlopp_260602.pdf,0,,,1,,https://metadata.scb.se/?produkt=MI0902
MI0903,Industrins vattenanvändning,Statistiska centralbyrån,True,2016-09-19,False,6,"[""scb""]",0,,,3,2015,https://www.scb.se/contentassets/6212195289bb44b28ea5f3fd46242d74/mi0903_bs_2015.pdf,0,,,3,2015,https://www.scb.se/contentassets/6212195289bb44b28ea5f3fd46242d74/mi0903_do_2015_jm_170620.pdf,0,,
MI0904,Jordbrukets vattenanvändning,Statistiska centralbyrån,True,2008-07-04,False,2,"[""scb""]",0,,,1,2006,https://www.scb.se/contentassets/6212195289bb44b28ea5f3fd46242d74/mi0904_bs_2006.pdf,0,,,1,2006,https://www.scb.se/contentassets/6212195289bb44b28ea5f3fd46242d74/mi0904_do_2006.pdf,0,,
MI1001,Gödselmedel och odlingsåtgärder i jordbruket,Statistiska centralbyrån,True,2026-11-26,True,40,"[""scb""]",8,2025,https://www.scb.se/contentassets/522f034797674a488e3b0d9d64bd9715/mi1001_kd_2025_ya_250618_ver1.pdf,12,2014,https://www.scb.se/contentassets/522f034797674a488e3b0d9d64bd9715/mi1001_bs_2014_ar_150625-2.pdf,5,2025,https://www.scb.se/contentassets/522f034797674a488e3b0d9d64bd9715/mi1001_staf_2025_yar_20260618_ver1.pdf,14,2014,https://www.scb.se/contentassets/522f034797674a488e3b0d9d64bd9715/mi1001_do_2014.pdf,1,,https://metadata.scb.se/?produkt=MI1001
MI1002,Försäljning av mineralgödsel för jord- och trädgårdsbruk,Statistiska centralbyrån,True,2026-05-07,True,57,"[""scb""]",10,2024,https://www.scb.se/contentassets/6a503f80090540ac894832bf9b48da70/mi1002_kd_2425_lw_20260507.pdf,16,2015,https://www.scb.se/contentassets/6a503f80090540ac894832bf9b48da70/mi1002_bs_2014-2015_gw_160428.pdf,9,2024,https://www.scb.se/contentassets/6a503f80090540ac894832bf9b48da70/mi1002_staf_2425_20260507.pdf,21,2016,https://www.scb.se/contentassets/6a503f80090540ac894832bf9b48da70/mi1002_do_2015_2016_gw_20170428.pdf,1,,https://metadata.scb.se/?produkt=MI1002
MI1003,"Försäljning av kalk för jord- och trädgårdsbruk, sjöar och vattendrag samt skog",Statistiska centralbyrån,True,2013-07-12,False,26,"[""scb""]",0,,,11,2014,https://www.scb.se/contentassets/5e3a75af9e1e40f084bdd6a2b2778e94/mi1003_bs_2012_2014-01-31.pdf,0,,,14,2012,https://www.scb.se/contentassets/5e3a75af9e1e40f084bdd6a2b2778e94/mi1003_do_2012.pdf,1,,https://metadata.scb.se/?produkt=MI1003
MI1004,Kväve- och fosforbalanser för jordbruksmark,Statistiska centralbyrån,True,2024-12-12,False,12,"[""scb""]",3,2022,https://www.scb.se/contentassets/61ebf43598b6438786a3bbc3382f97f1/mi1004_kd_2022_v1_20241212.pdf,6,2013,https://www.scb.se/contentassets/61ebf43598b6438786a3bbc3382f97f1/mi1004_bs_2013_151209.pdf,2,2022,https://www.scb.se/contentassets/61ebf43598b6438786a3bbc3382f97f1/mi1004_staf_2022_v1_20241212.pdf,0,,,1,,https://metadata.scb.se/?produkt=MI1004
MI1101,Sötvatten - miljötillstånd,Havs- och vattenmyndigheten,True,2023-01-23,False,23,"[""sam""]",23,2022,https://www.havochvatten.se/download/18.713e6c01184da5367a827250/1670317794418/officiell-statistik-kvalitetsdeklaration-grundvatten-sotvatten-miljoavstand-2022.pdf,0,,,0,,,0,,,0,,
MI1103,Tillförsel av fosfor till kusten,Havs- och vattenmyndigheten,True,2010-12-01,False,3,"[""sam""]",3,2024,https://www.havochvatten.se/download/18.45d726f19aa200a17e39f7b/1763993090339/officiell-statistik-kvalitetsdeklaration-1995-2024.pdf,0,,,0,,,0,,,0,,
MI1104,Tillförsel av kväve till kusten,Havs- och vattenmyndigheten,True,2010-12-01,False,2,"[""sam""]",2,2024,https://www.havochvatten.se/download/18.45d726f19aa200a17e39f7b/1763993090339/officiell-statistik-kvalitetsdeklaration-1995-2024.pdf,0,,,0,,,0,,,0,,
MI1105,Kust och hav - Miljötillstånd: Tillförsel av kväve och fosfor till kusten,Havs- och vattenmyndigheten,True,2026-12-15,True,0,[],0,,,0,,,0,,,0,,,0,,
MI1301,Miljöräkenskaper,Statistiska centralbyrån,True,2026-11-19,True,106,"[""sam"", ""scb""]",68,2026,https://www.scb.se/contentassets/f0d9c7eda5be4b8a96c5827e4bebf513/kvalitetsdeklaration_2026k1.pdf,20,2015,https://www.scb.se/contentassets/f0d9c7eda5be4b8a96c5827e4bebf513/mi1301_bs_2015_subventioner.pdf,8,2025,https://www.scb.se/contentassets/f0d9c7eda5be4b8a96c5827e4bebf513/mi1301_staf_miljorakenskaper_2025_20251106.pdf,9,2015,https://www.scb.se/contentassets/f0d9c7eda5be4b8a96c5827e4bebf513/mi1301_do_2015.pdf,1,,https://metadata.scb.se/?produkt=MI1301
MI1302,Miljöskyddskostnader,Statistiska centralbyrån,True,2026-10-08,True,40,"[""scb""]",9,2024,https://www.scb.se/contentassets/5c671de894c247a7aa6560cdb0b06e34/mi1302_kd_2024_20260122.pdf,12,2015,https://www.scb.se/contentassets/5c671de894c247a7aa6560cdb0b06e34/mi1302_bs_2015_ib_161013.pdf,8,2024,https://www.scb.se/contentassets/5c671de894c247a7aa6560cdb0b06e34/mi1302_staf_2024_20260122.pdf,10,2016,https://www.scb.se/contentassets/5c671de894c247a7aa6560cdb0b06e34/mi1302_do_2016_180108_fk.pdf,1,,https://metadata.scb.se/?produkt=MI1302
MI1303,Indikatorer för hållbar utveckling,Statistiska centralbyrån,True,2026-10-01,True,2,"[""scb""]",1,2021,https://www.scb.se/contentassets/832cbb94580540249f7ae28637f39811/mi1303_kos_2021_210608.pdf,0,,,0,,,0,,,1,,https://metadata.scb.se/?produkt=MI1303
MI1304,Materialflödesstatistik,Statistiska centralbyrån,True,2009-05-25,False,0,[],0,,,0,,,0,,,0,,,0,,
MI1305,Hållbarhet i svenskt jordbruk,Statistiska centralbyrån,True,2012-12-21,False,0,[],0,,,0,,,0,,,0,,,0,,
MI1306,Cirkulär ekonomi,Statistiska centralbyrån,True,2025-06-24,False,4,"[""scb""]",3,2025,https://www.scb.se/contentassets/9ebac5eb75e54956b216dba54b9a4ee7/mi1306_kd_2025.pdf,0,,,0,,,0,,,1,,https://metadata.scb.se/?produkt=MI1306
MI9999,Miljö övrigt,Statistiska centralbyrån,True,2004-12-20,False,0,[],0,,,0,,,0,,,0,,,0,,
NR0000,Nationalräkenskaper allmän statistik,Statistiska centralbyrån,True,2003-06-04,False,0,[],0,,,0,,,0,,,0,,,0,,
NR0001,Sveriges ekonomi - statistiskt perspektiv,Statistiska centralbyrån,True,2026-12-15,True,0,[],0,,,0,,,0,,,0,,,0,,
NR0101,"Nationalräkenskaper, tidigare definitioner",Statistiska centralbyrån,True,2008-06-27,False,0,[],0,,,0,,,0,,,0,,,0,,
NR0102,,,False,,False,2,"[""scb""]",0,,,2,2005,https://www.scb.se/contentassets/66e9dae3a5d94bf8b4c299ce25294348/nr0102_bs_2005.pdf,0,,,0,,,0,,
NR0103,"Nationalräkenskaper, kvartals- och årsberäkningar",Statistiska centralbyrån,True,2027-11-29,True,32,"[""scb""]",12,2026,https://www.scb.se/contentassets/66e9dae3a5d94bf8b4c299ce25294348/nr0103_kd_2026_sv.pdf,19,2016,https://www.scb.se/contentassets/66e9dae3a5d94bf8b4c299ce25294348/nr0103_bs_2016_sg_160831.pdf,0,,,0,,,1,,https://metadata.scb.se/?produkt=NR0103
NR0104,Aktivitetsindex,Statistiska centralbyrån,True,2010-02-10,False,0,[],0,,,0,,,0,,,0,,,0,,
NR0105,Regionalräkenskaper,Statistiska centralbyrån,True,2026-12-17,True,35,"[""scb""]",6,2021,https://www.scb.se/contentassets/72e5a6fa28904ed292b2c1648efbd088/nr0105_kvd_2021_20221214.pdf,13,2015,https://www.scb.se/contentassets/72e5a6fa28904ed292b2c1648efbd088/nr0105_bs_2015_prel.pdf,3,2021,https://www.scb.se/contentassets/72e5a6fa28904ed292b2c1648efbd088/nr0105_staf_2021_20221214.pdf,12,2016,https://www.scb.se/contentassets/72e5a6fa28904ed292b2c1648efbd088/nr0105_do_2016_171220_df.pdf,1,,https://metadata.scb.se/?produkt=NR0105
NR0108,Offentliga förvaltningens sparande och bruttoskuld enligt EU:s konvergenskriterier,Statistiska centralbyrån,True,2026-12-17,True,19,"[""scb""]",9,2025,https://www.scb.se/contentassets/75092440b305496a82f238ee9743b54f/nr0108_edp_kd_2025.pdf,9,2015,https://www.scb.se/contentassets/75092440b305496a82f238ee9743b54f/nr0108_bs_2015_kj_160331.pdf,0,,,0,,,1,,https://metadata.scb.se/?produkt=NR0108
NR0109,Hälsoräkenskaper,Statistiska centralbyrån,True,2026-03-31,True,36,"[""scb""]",10,2024,https://www.scb.se/contentassets/a5d4abd8e05f444b8d8802f2e8314ccf/nr0109_kd_2024_fn_20260331.pdf,7,2014,https://www.scb.se/contentassets/a5d4abd8e05f444b8d8802f2e8314ccf/nr0109_bs_2014_fn_160607.pdf,9,2024,https://www.scb.se/contentassets/a5d4abd8e05f444b8d8802f2e8314ccf/nr0109_staf_2024_fn_20260331.pdf,9,2015,https://www.scb.se/contentassets/a5d4abd8e05f444b8d8802f2e8314ccf/nr0109_do_2015_fn_170322.pdf,1,,https://metadata.scb.se/?produkt=NR0109
NR0110,Utgifter för det sociala skyddet i Sverige och Europa samt utgifternas finansiering,Statistiska centralbyrån,True,2026-03-30,True,34,"[""scb""]",10,2024,https://www.scb.se/contentassets/21d43699dbc443ef8f2535af4aa1d87d/nr0110_kd_2024.pdf,6,2014,https://www.scb.se/contentassets/21d43699dbc443ef8f2535af4aa1d87d/nr0110_bs_2014.pdf,9,2024,https://www.scb.se/contentassets/21d43699dbc443ef8f2535af4aa1d87d/nr0110_staf_2024.pdf,8,2015,https://www.scb.se/contentassets/21d43699dbc443ef8f2535af4aa1d87d/nr0110_do_2015_sr_170323.pdf,1,,https://metadata.scb.se/?produkt=NR0110
NR0111,Offentliga finanser och dess tillägg till EU:s konvergenskriterier,Statistiska centralbyrån,True,2026-12-15,True,27,"[""scb""]",10,2026,https://www.scb.se/contentassets/58f88d85f65548098ddf54591e99ce2e/nr0111_kd_2026_20260129.pdf,3,2016,https://www.scb.se/contentassets/58f88d85f65548098ddf54591e99ce2e/nr0111_bs_2016_gs_160204.pdf,9,2026,https://www.scb.se/contentassets/58f88d85f65548098ddf54591e99ce2e/nr0111_staf_2026_20260129.pdf,4,2017,https://www.scb.se/contentassets/58f88d85f65548098ddf54591e99ce2e/nr0111_do_2017_jn_170323.pdf,1,,https://metadata.scb.se/?produkt=NR0111
NR0201,,,False,,False,6,"[""scb""]",0,,,5,2009,https://www.scb.se/contentassets/21d43699dbc443ef8f2535af4aa1d87d/nr0201_bs_2009.pdf,0,,,1,2009,https://www.scb.se/contentassets/21d43699dbc443ef8f2535af4aa1d87d/nr0201_do_2009.pdf,0,,
NR9999,Nationalräkenskaper övrigt,Statistiska centralbyrån,True,2026-12-17,True,0,[],0,,,0,,,0,,,0,,,0,,
NV0001,Snabbindikator på konjunkturen,Statistiska centralbyrån,True,2011-10-25,False,6,"[""scb""]",0,,,5,2011,https://www.scb.se/contentassets/2ad5fbb808284518a01136a000c432fe/nv0001_bs_2011.pdf,0,,,0,,,1,,https://metadata.scb.se/?produkt=NV0001
NV0003,,,False,,False,5,"[""scb""]",0,,,0,,,0,,,5,2016,https://www.scb.se/contentassets/81f47e0e478e46dc89ae1714b80d4339/nv0003_do_2016_jn_160926.pdf,0,,
NV0004,Produktionsindex över näringslivet,Statistiska centralbyrån,True,2017-10-09,False,11,"[""scb""]",0,,,5,2016,https://www.scb.se/contentassets/81f47e0e478e46dc89ae1714b80d4339/nv0004_bs_2016_jn_161012.pdf,0,,,5,2016,https://www.scb.se/contentassets/81f47e0e478e46dc89ae1714b80d4339/nv0004_do_2016_jn_161130.pdf,1,,https://metadata.scb.se/?produkt=NV0004
NV0006,Produktionsvärdeindex,Statistiska centralbyrån,True,2026-12-10,True,18,"[""scb""]",10,2026,https://www.scb.se/contentassets/7057d375d49c4b32a5d48cb2c7a39162/nv0006_kd_2026_v2_20260907_x.pdf,0,,,7,2026,https://www.scb.se/contentassets/7057d375d49c4b32a5d48cb2c7a39162/nv0006_staf_2026_v2_20260907_x.pdf,0,,,1,,https://metadata.scb.se/?produkt=NV0006
NV0007,,,False,,False,5,"[""scb""]",0,,,0,,,5,2018,https://www.scb.se/contentassets/d244c756cb8c4626b794d58b6b09c1fd/nv0007_staf_2018_ah_181030.pdf,0,,,0,,
NV0101,Företagsdatabasen,Statistiska centralbyrån,True,2026-12-01,True,39,"[""scb""]",9,2025,https://www.scb.se/contentassets/f18a54653a0e4554b1b246befd71607b/nv0101_kd_2025_v1_251202.pdf,10,2016,https://www.scb.se/contentassets/f18a54653a0e4554b1b246befd71607b/nv0101_bs_2016.pdf,8,2025,https://www.scb.se/contentassets/f18a54653a0e4554b1b246befd71607b/nv0101_staf_2025_v1_251202.pdf,11,2017,https://www.scb.se/contentassets/f18a54653a0e4554b1b246befd71607b/nv0101_do_2017_180212_ce.pdf,1,,https://metadata.scb.se/?produkt=NV0101
NV0103,Balansstatistik,Statistiska centralbyrån,True,2026-12-09,True,34,"[""scb""]",10,2026,https://www.scb.se/contentassets/67ae4d965e714b23940ad2d9bd3c812a/bast_nv0103_kd_2026_ml_260609.pdf,5,2016,https://www.scb.se/contentassets/67ae4d965e714b23940ad2d9bd3c812a/nv0103_bs_2016_ml_160530.pdf,9,2026,https://www.scb.se/contentassets/67ae4d965e714b23940ad2d9bd3c812a/nv0103_staf_2026_sh_260609.pdf,9,2017,https://www.scb.se/contentassets/67ae4d965e714b23940ad2d9bd3c812a/nv0103_do_2017_ml_170629-002.pdf,1,,https://metadata.scb.se/?produkt=NV0103
NV0106,,,False,,False,19,"[""scb""]",0,,,0,,,4,2020,https://www.scb.se/contentassets/2058ebf08b8b4016aea2a7466ae5d375/staf_nv0106_2020_20220307.pdf,14,2015,https://www.scb.se/contentassets/2058ebf08b8b4016aea2a7466ae5d375/nv0106_do_2015_la_170821.pdf,1,,https://metadata.scb.se/?produkt=NV0106
NV0107,Lagerstatistik för varuhandel och tjänstenäringar,Statistiska centralbyrån,True,2021-05-19,False,32,"[""scb""]",4,2020,https://www.scb.se/contentassets/05b54454fb5e468a8ec081ad33560bbc/nv0107_kd_2020.pdf,13,2016,https://www.scb.se/contentassets/05b54454fb5e468a8ec081ad33560bbc/nv0107_bs_2016.pdf,3,2020,https://www.scb.se/contentassets/05b54454fb5e468a8ec081ad33560bbc/nv0107_staf_2020.pdf,12,2017,https://www.scb.se/contentassets/05b54454fb5e468a8ec081ad33560bbc/nv0107_do_2017.pdf,0,,
NV0108,SCB:s allmänna företagsregister,Statistiska centralbyrån,True,2013-12-02,False,0,[],0,,,0,,,0,,,0,,,0,,
NV0109,Företagens ekonomi,Statistiska centralbyrån,True,2026-11-18,True,64,"[""scb""]",15,2024,https://www.scb.se/contentassets/9dd20ce462644cc19f6f04eb2edbbe28/nv0109_kd_slut2024_20260513.pdf,26,2015,https://www.scb.se/contentassets/9dd20ce462644cc19f6f04eb2edbbe28/nv0109_bs_2015_cb_prel_170224.pdf,11,2024,https://www.scb.se/contentassets/9dd20ce462644cc19f6f04eb2edbbe28/nv0109_st_slut2024_20260513.pdf,11,2015,https://www.scb.se/contentassets/9dd20ce462644cc19f6f04eb2edbbe28/nv0109_do_2015_jb_170621.pdf,1,,https://metadata.scb.se/?produkt=NV0109
NV0110,,,False,,False,2,"[""scb""]",1,2022,https://www.scb.se/contentassets/e31beb9a17f3467a887ae4a2e116e035/nv0110_hio_kd_2022_240322.pdf,0,,,1,2022,https://www.scb.se/contentassets/e31beb9a17f3467a887ae4a2e116e035/nv0110_hio_staf_2022_240322.pdf,0,,,0,,
NV0113,Ekonomisk redogörelse för Svenska kyrkan,Svenska kyrkan,True,2007-10-23,False,0,[],0,,,0,,,0,,,0,,,0,,
NV0116,It-användning i företag,Statistiska centralbyrån,True,2026-11-05,True,41,"[""scb""]",9,2025,https://www.scb.se/contentassets/9cfc4627e5954d109ab39dda9df1ba69/nv0116_kd_2025.pdf,14,2016,https://www.scb.se/contentassets/9cfc4627e5954d109ab39dda9df1ba69/nv0116_bs_2016.pdf,8,2025,https://www.scb.se/contentassets/9cfc4627e5954d109ab39dda9df1ba69/nv0116_staf_2025.pdf,9,2017,https://www.scb.se/contentassets/9cfc4627e5954d109ab39dda9df1ba69/nv0116_do_2017_171220_bn.pdf,1,,https://metadata.scb.se/?produkt=NV0116
NV0117,Civila samhället,Statistiska centralbyrån,True,2026-10-22,True,11,"[""scb""]",7,2024,https://www.scb.se/contentassets/e31beb9a17f3467a887ae4a2e116e035/kd_nv0117_2024.pdf,0,,,3,2024,https://www.scb.se/contentassets/e31beb9a17f3467a887ae4a2e116e035/hio_staf_2024.pdf,0,,,1,,https://metadata.scb.se/?produkt=NV0117
NV0118,Företagens utländska handelskrediter,Statistiska centralbyrån,True,2026-12-11,True,31,"[""scb""]",10,2026,https://www.scb.se/contentassets/10dbd929401749f2baa72165609cb6fc/nv0118_kd_2026_am_260612.pdf,5,2016,https://www.scb.se/contentassets/10dbd929401749f2baa72165609cb6fc/nv0118_bs_2016_rp_160531.pdf,9,2026,https://www.scb.se/contentassets/10dbd929401749f2baa72165609cb6fc/nv0118_staf_2026_am_260612.pdf,6,2017,https://www.scb.se/contentassets/10dbd929401749f2baa72165609cb6fc/nv0118_do_2017_rp_170627.pdf,1,,https://metadata.scb.se/?produkt=NV0118
NV0119,Industrins varuproduktion,Statistiska centralbyrån,True,2026-06-29,True,31,"[""scb""]",5,2025,https://www.scb.se/contentassets/5c89696f0b044be4a0b940874d9d5eae/nv0119_kd_2025_v1_20260629.pdf,10,2020,https://www.scb.se/contentassets/5c89696f0b044be4a0b940874d9d5eae/nv0119_kd_2020_bs_210630.pdf,9,2025,https://www.scb.se/contentassets/5c89696f0b044be4a0b940874d9d5eae/nv0119_staf_2025_v1_20260629.pdf,6,2016,https://www.scb.se/contentassets/5c89696f0b044be4a0b940874d9d5eae/nv0119_do_2016_ml_170809.pdf,1,,https://metadata.scb.se/?produkt=NV0119
NV0120,Branschundersökningar inom tjänstesektorn,Statistiska centralbyrån,True,2004-06-28,False,1,"[""scb""]",0,,,0,,,0,,,0,,,1,,https://metadata.scb.se/?produkt=NV0120
NV0122,Maritima näringar,Statistiska centralbyrån,True,2018-04-03,False,0,[],0,,,0,,,0,,,0,,,0,,
NV0123,Företagens lager,Statistiska centralbyrån,True,2024-02-20,False,7,"[""scb""]",3,2023,https://www.scb.se/contentassets/05b54454fb5e468a8ec081ad33560bbc/nv0123_kd_2023_230517.pdf,0,,,3,2023,https://www.scb.se/contentassets/05b54454fb5e468a8ec081ad33560bbc/nv0123_staf_2023_230517.pdf,0,,,1,,https://metadata.scb.se/?produkt=NV0123
NV0124,Ekonomisk statistik på kvartal,Statistiska centralbyrån,True,2027-11-24,True,7,"[""scb""]",3,2026,https://www.scb.se/contentassets/ef9515d59bab44c5891e0bfc07d42e7c/nv0124_kd_2026_20260526.pdf,0,,,3,2026,https://www.scb.se/contentassets/ef9515d59bab44c5891e0bfc07d42e7c/nv0124_staf_2026_20260526.pdf,0,,,1,,https://metadata.scb.se/?produkt=NV0124
NV0207,,,False,,False,21,"[""scb""]",0,,,12,2010,https://www.scb.se/contentassets/5c89696f0b044be4a0b940874d9d5eae/nv0207_bs_2010.pdf,0,,,9,2010,https://www.scb.se/contentassets/5c89696f0b044be4a0b940874d9d5eae/nv0207_do_2010.pdf,0,,
NV0402,Industriproduktionsindex,Statistiska centralbyrån,True,2027-12-10,True,37,"[""scb""]",10,2026,https://www.scb.se/contentassets/d244c756cb8c4626b794d58b6b09c1fd/nv0402_kd_2026_v2_20260907_x.pdf,9,2016,https://www.scb.se/contentassets/d244c756cb8c4626b794d58b6b09c1fd/nv0402_bs_2016.pdf,7,2026,https://www.scb.se/contentassets/d244c756cb8c4626b794d58b6b09c1fd/nv0402_staf_2026_v2_20260907_x.pdf,10,2017,https://www.scb.se/contentassets/d244c756cb8c4626b794d58b6b09c1fd/nv0402_do_2017_sk_170323.pdf,1,,https://metadata.scb.se/?produkt=NV0402
NV0501,Industrins orderingång och omsättning,Statistiska centralbyrån,True,2026-12-10,True,37,"[""scb""]",10,2026,https://www.scb.se/contentassets/b4d932b21dee4782989de69645f9ba1a/nv0501_kd_2026_v2_20260907_x.pdf,9,2016,https://www.scb.se/contentassets/b4d932b21dee4782989de69645f9ba1a/nv0501_bs_2016.pdf,7,2026,https://www.scb.se/contentassets/b4d932b21dee4782989de69645f9ba1a/nv0501_staf_2026_v2_20260907_x.pdf,10,2017,https://www.scb.se/contentassets/b4d932b21dee4782989de69645f9ba1a/nv0501_do_2017_ah_170403.pdf,1,,https://metadata.scb.se/?produkt=NV0501
NV0602,Industrins lager,Statistiska centralbyrån,True,2021-05-19,False,26,"[""scb""]",5,2020,https://www.scb.se/contentassets/05b54454fb5e468a8ec081ad33560bbc/nv0602_kd_2020.pdf,9,2016,https://www.scb.se/contentassets/05b54454fb5e468a8ec081ad33560bbc/nv0602_bs_2016.pdf,2,2020,https://www.scb.se/contentassets/05b54454fb5e468a8ec081ad33560bbc/nv0602_staf_2020.pdf,10,2017,https://www.scb.se/contentassets/05b54454fb5e468a8ec081ad33560bbc/nv0602_do_2017.pdf,0,,
NV0701,Industrins kapacitetsutnyttjande,Statistiska centralbyrån,True,2026-02-20,True,38,"[""scb""]",10,2025,https://www.scb.se/contentassets/a5e9602bdcd44b909521200b2bdf5f8c/nv0701_kd_2025_v1_20250220.pdf,9,2016,https://www.scb.se/contentassets/a5e9602bdcd44b909521200b2bdf5f8c/nv0701_bs_2016.pdf,8,2025,https://www.scb.se/contentassets/a5e9602bdcd44b909521200b2bdf5f8c/nv0701_staf_2025_v2_20250821.pdf,10,2017,https://www.scb.se/contentassets/a5e9602bdcd44b909521200b2bdf5f8c/nv0701_do_2017_171030_tf.pdf,1,,https://metadata.scb.se/?produkt=NV0701
NV0702,,,False,,False,3,"[""scb""]",0,,,0,,,0,,,3,1999,https://www.scb.se/contentassets/d244c756cb8c4626b794d58b6b09c1fd/nv0702_do_19992003.pdf,0,,
NV0801,Investeringsenkäten,Statistiska centralbyrån,True,2024-03-01,False,47,"[""scb""]",7,2023,https://www.scb.se/contentassets/27316902e2c24ce189648f8a5e8fedd1/nv0801_kd_20223_def.pdf,15,2016,https://www.scb.se/contentassets/27316902e2c24ce189648f8a5e8fedd1/nv0801_bs_2016_hf_160830.pdf,6,2023,https://www.scb.se/contentassets/27316902e2c24ce189648f8a5e8fedd1/nv0801_staf_2023-002_def_v2.pdf,18,2017,https://www.scb.se/contentassets/27316902e2c24ce189648f8a5e8fedd1/nv0801_do_2017_rp_170703.pdf,1,,https://metadata.scb.se/?produkt=NV0801
NV0802,Företagens utgifter för IT,Statistiska centralbyrån,True,2023-02-02,False,31,"[""scb""]",6,2021,https://www.scb.se/contentassets/1af09369efa54410b20414918ac73c4d/nv0802_kd_2021_20230202.pdf,9,2015,https://www.scb.se/contentassets/1af09369efa54410b20414918ac73c4d/nv0802_bs_2015.pdf,5,2021,https://www.scb.se/contentassets/1af09369efa54410b20414918ac73c4d/nv0802_staf_2021_20230202.pdf,10,2016,https://www.scb.se/contentassets/1af09369efa54410b20414918ac73c4d/nv0802_do_2016_am_180227.pdf,1,,https://metadata.scb.se/?produkt=NV0802
NV1001,Företagens demografi,Myndigheten för tillväxtpolitiska utvärderingar och analyser,True,2026-10-29,True,0,[],0,,,0,,,0,,,0,,,0,,
NV1006,,,False,,False,27,"[""scb""]",0,,,15,2011,https://www.scb.se/contentassets/67ae4d965e714b23940ad2d9bd3c812a/nv1006_bs_2011.pdf,0,,,12,2011,https://www.scb.se/contentassets/67ae4d965e714b23940ad2d9bd3c812a/nv1006_do_2011.pdf,0,,
NV1008,,,False,,False,27,"[""scb""]",0,,,12,2011,https://www.scb.se/contentassets/10dbd929401749f2baa72165609cb6fc/nv1008_bs_2011.pdf,0,,,15,2011,https://www.scb.se/contentassets/10dbd929401749f2baa72165609cb6fc/nv1008_do_2011.pdf,0,,
NV1206,,,False,,False,5,"[""scb""]",0,,,5,2002,https://www.scb.se/contentassets/4659188cb48a4be39c868a1354c65a17/nv1206_bs_2002.pdf,0,,,0,,,0,,
NV1301,Nystartade företag,Institutet för tillväxtpolitiska studier,True,2009-01-29,False,0,[],0,,,0,,,0,,,0,,,0,,
NV1302,Uppföljning av nystartade företag,Myndigheten för tillväxtpolitiska utvärderingar och analyser,True,2020-01-27,False,2,"[""scb""]",0,,,1,2001,https://www.scb.se/contentassets/595957775f1b471cb1e6832af82f284a/nv1302_bs_2001.doc,0,,,0,,,1,,https://metadata.scb.se/?produkt=NV1302
NV1303,"Nystartade företag, kvartal",Myndigheten för tillväxtpolitiska utvärderingar och analyser,True,2026-12-17,True,0,[],0,,,0,,,0,,,0,,,0,,
NV1304,"Nystartade företag, år",Myndigheten för tillväxtpolitiska utvärderingar och analyser,True,2026-07-08,True,0,[],0,,,0,,,0,,,0,,,0,,
NV1401,Konkurser och offentliga ackord,Myndigheten för tillväxtpolitiska utvärderingar och analyser,True,2026-12-10,True,5,"[""scb""]",0,,,4,2007,https://www.scb.se/contentassets/d0075ec3607a41b88662c144d2b0dbdc/nv1401_bs_2007.pdf,0,,,0,,,1,,https://metadata.scb.se/?produkt=NV1401
NV1501,Svenska koncerner med dotterbolag i utlandet,Myndigheten för tillväxtpolitiska utvärderingar och analyser,True,2026-09-15,True,0,[],0,,,0,,,0,,,0,,,0,,
NV1502,Utländska företag,Myndigheten för tillväxtpolitiska utvärderingar och analyser,True,2026-09-10,True,0,[],0,,,0,,,0,,,0,,,0,,
NV1503,Strukturstudie av näringslivet i Sverige,Myndigheten för tillväxtpolitiska utvärderingar och analyser,True,2007-01-19,False,2,"[""scb""]",0,,,1,2002,https://www.scb.se/contentassets/cc6720903aed4e2792873c1aa16a91cb/nv1503_bs_2002.pdf,0,,,0,,,1,,https://metadata.scb.se/?produkt=NV1503
NV1504,Forskning och utveckling i internationella företag,Myndigheten för tillväxtpolitiska utvärderingar och analyser,True,2025-10-10,True,15,"[""scb""]",5,2023,https://www.scb.se/contentassets/de2f37c14070492794416eddd1473061/nv1504_kd_2023_20251010.pdf,5,2013,https://www.scb.se/contentassets/de2f37c14070492794416eddd1473061/nv1504_bs_2013.pdf,4,2023,https://www.scb.se/contentassets/de2f37c14070492794416eddd1473061/nv1504_staf_2023_20251010.pdf,0,,,1,,https://metadata.scb.se/?produkt=NV1504
NV1701,Inkvarteringsstatistik,Tillväxtverket,True,2026-12-22,True,36,"[""scb""]",7,2023,https://www.scb.se/contentassets/463cd42190134c0b9eaa81e830bf25d7/nv1701_kd_2023_gs_230302.pdf,13,2016,https://www.scb.se/contentassets/463cd42190134c0b9eaa81e830bf25d7/nv1701_bs_2016.pdf,5,2023,https://www.scb.se/contentassets/463cd42190134c0b9eaa81e830bf25d7/nv1701_staf_2023_gs_230302.pdf,10,2018,https://www.scb.se/contentassets/463cd42190134c0b9eaa81e830bf25d7/nv1701_do_2018_180306_kh.pdf,1,,https://metadata.scb.se/?produkt=NV1701
NV1703,Turismsatelliträkenskaper,Tillväxtverket,True,2026-10-29,True,0,[],0,,,0,,,0,,,0,,,0,,
NV2001,"Utrikeshandel, övrigt",Statistiska centralbyrån,True,2026-12-28,True,0,[],0,,,0,,,0,,,0,,,0,,
OE0101,Kommunalskatterna,Statistiska centralbyrån,True,2026-12-14,True,47,"[""scb""]",9,2026,https://www.scb.se/contentassets/1a9683fbf416490c84ac828348f133a9/oe0101_kd_2026.pdf,18,2017,https://www.scb.se/contentassets/1a9683fbf416490c84ac828348f133a9/oe0101_bs_2017_mg_161219.pdf,8,2026,https://www.scb.se/contentassets/1a9683fbf416490c84ac828348f133a9/oe0101_staf_2026.pdf,11,2018,https://www.scb.se/contentassets/1a9683fbf416490c84ac828348f133a9/oe0101_do_2018_ml_171214.pdf,1,,https://metadata.scb.se/?produkt=OE0101
OE0106,Kommunernas och regionernas finansiella tillgångar och skulder,Statistiska centralbyrån,True,2026-11-18,True,49,"[""scb""]",10,2026,https://www.scb.se/contentassets/edb74037ead5432bbba453b975e3e3a0/oe0106_kd_2026_publiceras_260521.pdf,16,2016,https://www.scb.se/contentassets/edb74037ead5432bbba453b975e3e3a0/oe0106_bs_2016.pdf,10,2026,https://www.scb.se/contentassets/edb74037ead5432bbba453b975e3e3a0/oe0106_staf_2026_publiceras_260521.pdf,12,2017,https://www.scb.se/contentassets/edb74037ead5432bbba453b975e3e3a0/oe0106_do_2017_ml_170630.pdf,1,,https://metadata.scb.se/?produkt=OE0106
OE0107,Räkenskapssammandrag för kommuner och regioner,Statistiska centralbyrån,True,2026-08-28,True,44,"[""scb""]",10,2025,https://www.scb.se/contentassets/df07c46cf42c4fa0be2bb93a2b613584/oe0107_kd_2025_260303.pdf,18,2015,https://www.scb.se/contentassets/df07c46cf42c4fa0be2bb93a2b613584/oe0107_bs_2015_ml_160628.pdf,9,2025,https://www.scb.se/contentassets/df07c46cf42c4fa0be2bb93a2b613584/oe0107_staf_2025_260303.pdf,6,2016,https://www.scb.se/contentassets/df07c46cf42c4fa0be2bb93a2b613584/oe0107_do_2016_ml_170615.pdf,1,,https://metadata.scb.se/?produkt=OE0107
OE0108,Offentligt ägda företag,Statistiska centralbyrån,True,2026-11-27,True,48,"[""scb""]",9,2024,https://www.scb.se/contentassets/30d7d468746f4ab6ac45fdfb6a646fc9/oe0108_kd_2024.pdf,18,2015,https://www.scb.se/contentassets/30d7d468746f4ab6ac45fdfb6a646fc9/oe0108_bs_2015_171207_ml.pdf,8,2024,https://www.scb.se/contentassets/30d7d468746f4ab6ac45fdfb6a646fc9/oe0108_staf_2024.pdf,12,2016,https://www.scb.se/contentassets/30d7d468746f4ab6ac45fdfb6a646fc9/oe0108_do_2016_171218_ml.pdf,1,,https://metadata.scb.se/?produkt=OE0108
OE0110,,,False,,False,10,"[""scb""]",0,,,8,2008,https://www.scb.se/contentassets/948bb6a0bf3544f6966f71dd0ddb181d/oe0110_bs_2008.pdf,0,,,2,2005,https://www.scb.se/contentassets/948bb6a0bf3544f6966f71dd0ddb181d/oe0110_do_20042005.pdf,0,,
OE0111,Kvartalsutfall för kommuner och regioner,Statistiska centralbyrån,True,2026-12-02,True,17,"[""scb""]",8,2026,https://www.scb.se/contentassets/8f6db01a38b6474eb9d1ee1da42b5f68/oe0111_kd_2026_v1_20260603.pdf,0,,,8,2026,https://www.scb.se/contentassets/8f6db01a38b6474eb9d1ee1da42b5f68/oe0111_staf_2026_v1_20260603.pdf,0,,,1,,https://metadata.scb.se/?produkt=OE0111
OE0112,"Finansiärer och utförare inom vården, skolan och omsorgen",Statistiska centralbyrån,True,2026-09-15,True,22,"[""scb""]",10,2024,https://www.scb.se/contentassets/6e529c9a58404fa0bd73fef4bc28e418/oe0112_kd_2024_v1_20260915.pdf,8,2014,https://www.scb.se/contentassets/6e529c9a58404fa0bd73fef4bc28e418/oe0112_bs_2014_ml_160922.pdf,3,2024,https://www.scb.se/contentassets/6e529c9a58404fa0bd73fef4bc28e418/oe0112_staf_2024_v1_20260915.pdf,0,,,1,,https://metadata.scb.se/?produkt=OE0112
OE0113,,,False,,False,5,"[""scb""]",0,,,5,2008,https://www.scb.se/contentassets/948bb6a0bf3544f6966f71dd0ddb181d/oe0113_bs_2008.pdf,0,,,0,,,0,,
OE0114,Årsbok för Sveriges kommuner,Statistiska centralbyrån,True,2012-03-30,False,0,[],0,,,0,,,0,,,0,,,0,,
OE0115,Kommunalekonomisk utjämning och utjämning av LSS-kostnader,Statistiska centralbyrån,True,2026-12-23,True,41,"[""scb""]",10,2027,https://www.scb.se/contentassets/948bb6a0bf3544f6966f71dd0ddb181d/oe0115_kd_2027_v1_20260617.pdf,9,2017,https://www.scb.se/contentassets/948bb6a0bf3544f6966f71dd0ddb181d/oe0115_bs_2017_mr_161004.pdf,9,2027,https://www.scb.se/contentassets/948bb6a0bf3544f6966f71dd0ddb181d/oe0115_staf_2027_v1_20260617.pdf,12,2018,https://www.scb.se/contentassets/948bb6a0bf3544f6966f71dd0ddb181d/oe0115_do_2018_180122_mr.pdf,1,,https://metadata.scb.se/?produkt=OE0115
OE0202,Den svenska statsskulden,Riksgäldskontoret,True,2026-12-08,True,17,"[""sam"", ""scb""]",10,2026,https://www.scb.se/contentassets/4b5d8473d9054b8388ae4b803e0faf32/oe0202_kd_2026_v2_20260907.pdf,6,2012,https://www.scb.se/contentassets/4b5d8473d9054b8388ae4b803e0faf32/oe0202_bs_2012.pdf,0,,,0,,,1,,https://metadata.scb.se/?produkt=OE0202
OE0203,Statens nettolånebehov,Riksgäldskontoret,True,2026-12-07,True,1,"[""sam""]",1,2026,https://www.riksgalden.se/globalassets/dokument_sve/statistik/kvalitetsdeklaration---nettolanebehovet-2026v2.pdf,0,,,0,,,0,,,0,,
OE0701,Taxeringsutfallet,Statistiska centralbyrån,True,2022-01-14,False,42,"[""scb""]",6,2021,https://www.scb.se/contentassets/55133960611143a3a4e8235b03b3ae83/oe0701_kd_2021_jf_20220114.pdf,16,2015,https://www.scb.se/contentassets/55133960611143a3a4e8235b03b3ae83/oe0701_bs_2015_gs_160202.pdf,5,2021,https://www.scb.se/contentassets/55133960611143a3a4e8235b03b3ae83/oe0701_staf_2021_jf_20220114.pdf,14,2016,https://www.scb.se/contentassets/55133960611143a3a4e8235b03b3ae83/oe0701_do_2016.pdf,1,,https://metadata.scb.se/?produkt=OE0701
OE0801,Tidsserier statsbudgeten,Statskontoret,True,2026-06-11,True,0,[],0,,,0,,,0,,,0,,,0,,
OE0903,Årsbok för offentlig ekonomi,Statistiska centralbyrån,True,2016-02-04,False,0,[],0,,,0,,,0,,,0,,,0,,
OE9999,Offentlig ekonomi övrigt,Statistiska centralbyrån,True,2020-12-04,False,0,[],0,,,0,,,0,,,0,,,0,,
OV0000,"Övriga publikationer, statistik",Statistiska centralbyrån,True,2026-09-28,True,0,[],0,,,0,,,0,,,0,,,0,,
OV0011,Konjunkturindikatorer,Statistiska centralbyrån,True,2026-12-02,True,0,[],0,,,0,,,0,,,0,,,0,,
OV0111,Agenda 2030 källdata,Statistiska centralbyrån,True,2023-12-12,False,0,[],0,,,0,,,0,,,0,,,0,,
OV0904,Statistisk årsbok,Statistiska centralbyrån,True,2014-01-16,False,0,[],0,,,0,,,0,,,0,,,0,,
OV9901,Testprodukt,Statistiska centralbyrån,True,2025-11-07,True,0,[],0,,,0,,,0,,,0,,,0,,
OV9998,Övriga statistiknyheter,Statistiska centralbyrån,True,2011-12-20,False,0,[],0,,,0,,,0,,,0,,,0,,
OV9999,"Övriga publikationer, ej statistik",Statistiska centralbyrån,True,2026-08-31,True,0,[],0,,,0,,,0,,,0,,,0,,
PR0101,Konsumentprisindex,Statistiska centralbyrån,True,2027-12-14,True,49,"[""scb""]",8,2026,https://www.scb.se/contentassets/a1e257bb3a574420b9d3f2ff59851c0a/pr0101_kd_2026.pdf,20,2020,https://www.scb.se/contentassets/a1e257bb3a574420b9d3f2ff59851c0a/pr0101_kd_2020_bs_200217.pdf,9,2026,https://www.scb.se/contentassets/a1e257bb3a574420b9d3f2ff59851c0a/pr0101_staf_2026.pdf,11,2017,https://www.scb.se/contentassets/a1e257bb3a574420b9d3f2ff59851c0a/pr0101_do_2017.pdf,1,,https://metadata.scb.se/?produkt=PR0101
PR0301,Prisindex i producent- och importled,Statistiska centralbyrån,True,2026-12-23,True,48,"[""scb""]",10,2026,https://www.scb.se/contentassets/6ae95498bca94366a437660a68358597/pr0301_kd_2026_v1_20260225.pdf,16,2016,https://www.scb.se/contentassets/6ae95498bca94366a437660a68358597/pr0301_bs_2016.pdf,9,2026,https://www.scb.se/contentassets/6ae95498bca94366a437660a68358597/pr0301_st_2026_v1_20260225.pdf,12,2017,https://www.scb.se/contentassets/6ae95498bca94366a437660a68358597/pr0301_do_2017_ek_180321.pdf,1,,https://metadata.scb.se/?produkt=PR0301
PR0401,Köpkraftspariteter,Statistiska centralbyrån,True,2026-12-18,True,20,"[""scb""]",6,2024,https://www.scb.se/contentassets/bafede8058ee426ab40a9553138deaf9/pr0401_kvalitetsdeklaration_2024.pdf,13,2015,https://www.scb.se/contentassets/bafede8058ee426ab40a9553138deaf9/pr0401_bs_2015.pdf,0,,,0,,,1,,https://metadata.scb.se/?produkt=PR0401
PR0501,Byggnadsprisindex,Statistiska centralbyrån,True,2026-12-04,True,44,"[""scb""]",9,2024,https://www.scb.se/contentassets/3e7a71b8ac644b5c81ee00e4f9a67594/pr0501_kd_2024_260217.pdf,16,2015,https://www.scb.se/contentassets/3e7a71b8ac644b5c81ee00e4f9a67594/pr0501_bs_2015_161220.pdf,8,2024,https://www.scb.se/contentassets/3e7a71b8ac644b5c81ee00e4f9a67594/pr0501_staf_2024_260217.pdf,10,2016,https://www.scb.se/contentassets/3e7a71b8ac644b5c81ee00e4f9a67594/pr0501_do_2016_171220_tl.pdf,1,,https://metadata.scb.se/?produkt=PR0501
PR0502,Byggkostnadsindex,Statistiska centralbyrån,True,2026-12-15,True,58,"[""scb""]",10,2026,https://www.scb.se/contentassets/176b9e8b85b44bafbcb858e0ac2ba884/pr0502_kd_2026_260216.pdf,17,2016,https://www.scb.se/contentassets/176b9e8b85b44bafbcb858e0ac2ba884/pr0502_bs_2016.pdf,9,2026,https://www.scb.se/contentassets/176b9e8b85b44bafbcb858e0ac2ba884/pr0502_staf_2026_260216.pdf,21,2017,https://www.scb.se/contentassets/176b9e8b85b44bafbcb858e0ac2ba884/pr0502_do_2017_-180413_jj.pdf,1,,https://metadata.scb.se/?produkt=PR0502
PR0601,,,False,,False,3,"[""scb""]",0,,,3,2003,https://www.scb.se/contentassets/90c71dbdb84c4fb5abb66896f3a478e6/pr0601_bs_2003he0201.pdf,0,,,0,,,0,,
PR0701,Konjunkturbarometern Hushåll,Konjunkturinstitutet,True,2026-12-22,True,1,"[""sam""]",1,2026,https://ucmediastoragewelive.blob.core.windows.net/758b64c0-bc83-4dab-adbd-aa4d8b065d36/media/cjxcakge/kvalitetsdeklaration-hushall-2026-08-27.pdf,0,,,0,,,0,,,0,,
PR0801,Tjänsteprisindex,Statistiska centralbyrån,True,2016-02-12,False,18,"[""scb""]",0,,,9,2015,https://www.scb.se/contentassets/6ae95498bca94366a437660a68358597/pr0801_bs_2015_cs_150518.pdf,0,,,9,2015,https://www.scb.se/contentassets/6ae95498bca94366a437660a68358597/pr0801_do_2015_150626.pdf,0,,
PR2001,Konjunkturbarometern Företag,Konjunkturinstitutet,True,2026-12-22,True,1,"[""sam""]",1,2026,https://ucmediastoragewelive.blob.core.windows.net/758b64c0-bc83-4dab-adbd-aa4d8b065d36/media/bkoph1px/kvalitetsdeklaration-foretag-2026-01-05.pdf,0,,,0,,,0,,,0,,
PR9999,Priser och konsumtion övrigt,Statistiska centralbyrån,True,2016-06-15,False,0,[],0,,,0,,,0,,,0,,,0,,
RV0101,"Anmälda brott, uppklarade brott, och misstänkta personer",Brottsförebyggande rådet,True,2006-12-07,False,0,[],0,,,0,,,0,,,0,,,0,,
RV0102,Anmälda brott,Brottsförebyggande rådet,True,2026-12-17,True,0,[],0,,,0,,,0,,,0,,,0,,
RV0103,Handlagda brott,Brottsförebyggande rådet,True,2026-09-17,True,0,[],0,,,0,,,0,,,0,,,0,,
RV0104,Misstänkta personer,Brottsförebyggande rådet,True,2026-04-23,True,0,[],0,,,0,,,0,,,0,,,0,,
RV0105,Kriminalstatistik,Brottsförebyggande rådet,True,2015-09-30,False,3,"[""scb""]",0,,,2,2009,https://www.scb.se/contentassets/79a9a64a2c00451dbdbecb5038c238e2/rv0105_bs_2009.pdf,0,,,0,,,1,,https://metadata.scb.se/?produkt=RV0105
RV0106,Handlagda brottsmisstankar,Brottsförebyggande rådet,True,2026-04-23,True,0,[],0,,,0,,,0,,,0,,,0,,
RV0107,Konstaterade fall av anmält dödligt våld,Brottsförebyggande rådet,True,2026-03-31,True,0,[],0,,,0,,,0,,,0,,,0,,
RV0108,Politikernas trygghetsundersökning,Brottsförebyggande rådet,True,2025-11-06,True,0,[],0,,,0,,,0,,,0,,,0,,
RV0109,Nationella trygghetsundersökningen,Brottsförebyggande rådet,True,2026-10-14,True,0,[],0,,,0,,,0,,,0,,,0,,
RV0110,Skolundersökningen om brott,Brottsförebyggande rådet,True,2026-10-08,True,0,[],0,,,0,,,0,,,0,,,0,,
RV0201,Personer lagförda för brott,Brottsförebyggande rådet,True,2026-04-28,True,0,[],0,,,0,,,0,,,0,,,0,,
RV0202,Personer lagförda för narkotikabrott,Brottsförebyggande rådet,True,2010-10-29,False,0,[],0,,,0,,,0,,,0,,,0,,
RV0301,Domstolsstatistik,Domstolsverket,True,2026-03-20,True,0,[],0,,,0,,,0,,,0,,,0,,
RV0401,Kriminalvård,Brottsförebyggande rådet,True,2021-05-27,False,0,[],0,,,0,,,0,,,0,,,0,,
RV0402,Kriminalvård - fängelse och häkte,Brottsförebyggande rådet,True,2026-09-15,True,0,[],0,,,0,,,0,,,0,,,0,,
RV0403,Kriminalvård - frivård,Brottsförebyggande rådet,True,2026-09-15,True,0,[],0,,,0,,,0,,,0,,,0,,
RV0501,Återfall i brott,Brottsförebyggande rådet,True,2012-05-31,False,0,[],0,,,0,,,0,,,0,,,0,,
RV0502,Återfall i brott - slutlig statistik,Brottsförebyggande rådet,True,2026-09-30,True,0,[],0,,,0,,,0,,,0,,,0,,
RV0503,Återfall i brott - preliminär statistik,Brottsförebyggande rådet,True,2026-05-28,True,0,[],0,,,0,,,0,,,0,,,0,,
RV1101,Polisanmälda hatbrott,Brottsförebyggande rådet,True,2025-12-11,True,0,[],0,,,0,,,0,,,0,,,0,,
SF0101,Föräldraförsäkring,Försäkringskassan,True,2019-10-25,False,15,"[""scb""]",1,2018,https://www.scb.se/contentassets/698a229c8c214ab3a467133adfb73c37/sf0101_kd_2018.pdf,13,2017,https://www.scb.se/contentassets/698a229c8c214ab3a467133adfb73c37/sf0101_bs_2017.pdf,0,,,0,,,1,,https://metadata.scb.se/?produkt=SF0101
SF0102,Underhållsstöd,Försäkringskassan,True,2026-12-14,True,0,[],0,,,0,,,0,,,0,,,0,,
SF0105,Bostadsbidrag till barnfamiljer m.fl.,Försäkringskassan,True,2026-12-16,True,0,[],0,,,0,,,0,,,0,,,0,,
SF0107,Vårdbidrag,Försäkringskassan,True,2023-12-20,False,0,[],0,,,0,,,0,,,0,,,0,,
SF0108,Föräldrapenning,Försäkringskassan,True,2026-12-11,True,0,[],0,,,0,,,0,,,0,,,0,,
SF0109,Tillfällig föräldrapenning,Försäkringskassan,True,2026-12-11,True,0,[],0,,,0,,,0,,,0,,,0,,
SF0110,Graviditetspenning,Försäkringskassan,True,2026-01-13,True,0,[],0,,,0,,,0,,,0,,,0,,
SF0111,Barnbidrag,Försäkringskassan,True,2026-04-23,True,0,[],0,,,0,,,0,,,0,,,0,,
SF0201,Dagersättning sjukförmåner,Försäkringskassan,True,2026-02-24,True,0,[],0,,,0,,,0,,,0,,,0,,
SF0202,Ohälsomått,Försäkringskassan,True,2026-12-21,True,0,[],0,,,0,,,0,,,0,,,0,,
SF0203,Sjukfall,Försäkringskassan,True,2026-12-21,True,0,[],0,,,0,,,0,,,0,,,0,,
SF0205,Registrerade försäkrade,Försäkringskassan,True,2016-01-28,False,0,[],0,,,0,,,0,,,0,,,0,,
SF0206,"Aktivitetsersättning, sjukersättning och bostadstillägg",Försäkringskassan,True,2026-12-21,True,0,[],0,,,0,,,0,,,0,,,0,,
SF0207,Utbetalningar av arbets- och yrkesskadelivräntor (exklusive arbetsskadelivräntor till efterlevande),Försäkringskassan,True,2026-12-21,True,0,[],0,,,0,,,0,,,0,,,0,,
SF0208,Handikappersättning,Försäkringskassan,True,2026-12-21,True,0,[],0,,,0,,,0,,,0,,,0,,
SF0209,Assistansersättning,Försäkringskassan,True,2026-12-10,True,0,[],0,,,0,,,0,,,0,,,0,,
SF0210,Bilstöd,Försäkringskassan,True,2026-01-15,True,0,[],0,,,0,,,0,,,0,,,0,,
SF0211,Omvårdnadsbidrag,Försäkringskassan,True,2026-12-10,True,0,[],0,,,0,,,0,,,0,,,0,,
SF0212,Merkostnadsersättning,Försäkringskassan,True,2026-12-10,True,0,[],0,,,0,,,0,,,0,,,0,,
SF0213,Statligt tandvårdsstöd,Försäkringskassan,True,2026-12-23,True,0,[],0,,,0,,,0,,,0,,,0,,
SF0214,Beslut om sjukpenning,Försäkringskassan,True,2026-02-05,True,0,[],0,,,0,,,0,,,0,,,0,,
SF0301,Allmän pension,Pensionsmyndigheten,True,2019-01-31,False,16,"[""scb""]",3,2018,https://www.scb.se/contentassets/4ed49977d32e4dc7a4d27d6e7e2fb606/sf0301_kvalitetsdeklaration_2018.pdf,12,2015,https://www.scb.se/contentassets/4ed49977d32e4dc7a4d27d6e7e2fb606/sf0301_bs_2015.pdf,0,,,0,,,1,,https://metadata.scb.se/?produkt=SF0301
SF0302,Intjänande till inkomstpension,Pensionsmyndigheten,True,2019-03-29,False,15,"[""scb""]",3,2018,https://www.scb.se/contentassets/cdc7210157ee42db8bb28e0de976b77c/sf0302_kd_2018.pdf,11,2015,https://www.scb.se/contentassets/cdc7210157ee42db8bb28e0de976b77c/sf0302_bs_2015_an_170320.pdf,0,,,0,,,1,,https://metadata.scb.se/?produkt=SF0302
SF0303,Premiepensionssparande,Pensionsmyndigheten,True,2019-01-31,False,19,"[""scb""]",4,2018,https://www.scb.se/contentassets/85c3535c8202477aba73d8b650c79bcb/sf0303_kvalitetsdeklaration_2018.pdf,14,2014,https://www.scb.se/contentassets/85c3535c8202477aba73d8b650c79bcb/sf0303_bs_2014.pdf,0,,,0,,,1,,https://metadata.scb.se/?produkt=SF0303
SF0304,Utbetalningar av arbets- och yrkesskadelivräntor,Försäkringskassan,True,2009-02-18,False,0,[],0,,,0,,,0,,,0,,,0,,
SF0305,Efterlevandelivräntor enligt socialförsäkringsbalken (SFB),Pensionsmyndigheten,True,2019-01-31,False,9,"[""scb""]",3,2018,https://www.scb.se/contentassets/4cf767455abb4c99a1503ca2cf7e5925/sf0305_kvalitetsdeklaration_2018.pdf,5,2015,https://www.scb.se/contentassets/4cf767455abb4c99a1503ca2cf7e5925/sf0305_bs_2015.pdf,0,,,0,,,1,,https://metadata.scb.se/?produkt=SF0305
SF0306,Efterlevandepension till vuxna,Pensionsmyndigheten,True,2019-01-31,False,4,"[""scb""]",3,2018,https://www.scb.se/contentassets/d32b49472bc04119a31d5626fe64b0bb/sf0306_kvalitetsdeklaration_2018.pdf,0,,,0,,,0,,,1,,https://metadata.scb.se/?produkt=SF0306
SF0307,Barnpension och efterlevandestöd till barn,Pensionsmyndigheten,True,2019-01-31,False,4,"[""scb""]",3,2018,https://www.scb.se/contentassets/d2c4d4c79d5b4d578587bfc4413f219d/sf0307_kvalitetsdeklaration_2018.pdf,0,,,0,,,0,,,1,,https://metadata.scb.se/?produkt=SF0307
SF0308,Utbetalningar av äldreförsörjningsstöd,Pensionsmyndigheten,True,2019-01-31,False,3,"[""scb""]",2,2018,https://www.scb.se/contentassets/e04e9c43cbcc4833a5d8ba2cc65c7e40/sf0308_kvalitetsdeklaration_2018.pdf,0,,,0,,,0,,,1,,https://metadata.scb.se/?produkt=SF0308
SF0309,Bostadstillägg till pensionärer,Pensionsmyndigheten,True,2019-01-31,False,4,"[""scb""]",3,2018,https://www.scb.se/contentassets/39d18b5e7df347f3be05c84b31aa443a/sf0309_kvalitetsdeklaration_2018.pdf,0,,,0,,,0,,,1,,https://metadata.scb.se/?produkt=SF0309
SF0310,Pensioner och pensionsrelaterade förmåner i det allmänna pensionssystemet,Pensionsmyndigheten,True,2026-12-17,True,9,"[""sam""]",6,2026,https://www.pensionsmyndigheten.se/content/dam/pensionsmyndigheten/blanketter---broschyrer---faktablad/statistik/officiell-statistik/Kvalitetsdeklaration_2026_SF0310.pdf,0,,,3,2026,https://www.pensionsmyndigheten.se/content/dam/pensionsmyndigheten/blanketter---broschyrer---faktablad/statistik/officiell-statistik/Statistikens_framstallning_2026_SF0310.pdf,0,,,0,,
SO0201,Statistik om familjerätt,Myndigheten för familjerätt och föräldraskapsstöd,True,2026-06-02,True,13,"[""sam""]",11,2025,"https://mfof.se/download/18.6dece16119e8885dfdd223c/1781255946934/Kvalitetsdeklaration,%20familjer%C3%A5dgivning%202025.pdf",0,,,2,2025,"https://mfof.se/download/18.6dece16119e8885dfdd223a/1781255946873/Statistikens%20framst%C3%A4llning,%20familjer%C3%A5dgivning%202025.pdf",0,,,0,,
SO0202,Statistik om insatser till vuxna personer med skadligt bruk och beroende,Socialstyrelsen,True,2026-05-19,True,1,"[""sam""]",1,2026,https://www.socialstyrelsen.se/contentassets/af2f3edbbc674dad96e39c9cabd992de/2026-5-10239-kvalitetsdeklaration.pdf,0,,,0,,,0,,,0,,
SO0203,Statistik om ekonomiskt bistånd,Socialstyrelsen,True,2026-06-11,True,1,"[""sam""]",1,2026,https://www.socialstyrelsen.se/contentassets/afd14eb11dd9457da4332c98026f0730/2026-6-10333-kvalitetsdeklaration.pdf,0,,,0,,,0,,,0,,
SO0204,"Ekonomiskt bistånd, kvartalsstatistik",Socialstyrelsen,True,2012-03-02,False,0,[],0,,,0,,,0,,,0,,,0,,
SO0206,Statistik om kommunal familjerådgivning,Myndigheten för familjerätt och föräldraskapsstöd,True,2026-06-02,True,1,"[""sam""]",1,2020,https://mfof.se/download/18.6dece16119e8885dfdd2224/1781254156610/Statistik%20om%20kommunal%20familjer%C3%A5dgivning%202020_Kvalitetsdeklaration.pdf,0,,,0,,,0,,,0,,
SO0207,Statistik om förvaltningsrättsbeslut enligt LVM,Socialstyrelsen,True,2020-05-25,False,0,[],0,,,0,,,0,,,0,,,0,,
SO0208,Statistik om missbrukarvård enligt LVM,Socialstyrelsen,True,2020-05-25,False,0,[],0,,,0,,,0,,,0,,,0,,
SO0209,Statistik om boendeinsatser och anhörigstöd,Socialstyrelsen,True,2019-09-12,False,4,"[""scb""]",2,2017,https://www.scb.se/contentassets/89345a66848246aebb68930c9c2a7400/so0209_kd_2017_180908.pdf,1,2015,https://www.scb.se/contentassets/89345a66848246aebb68930c9c2a7400/so0209_bs_2015.pdf,0,,,0,,,1,,https://metadata.scb.se/?produkt=SO0209
SO0210,Insatser för barn och unga - mängduppgifter,Socialstyrelsen,True,2012-06-20,False,0,[],0,,,0,,,0,,,0,,,0,,
SO0211,Statistik om socialtjänstinsatser till barn och unga,Socialstyrelsen,True,2026-09-17,True,1,"[""sam""]",1,2026,https://www.socialstyrelsen.se/contentassets/41e2282a066c4646a5d3293f5305bb3b/2026-9-10426-kvalitetsdeklaration.pdf,0,,,0,,,0,,,0,,
SO0212,Jämställdhetsbonus,Försäkringskassan,True,2017-02-02,False,6,"[""scb""]",0,,,5,2016,https://www.scb.se/contentassets/6d9f8e566cad4359a38b1364528e1312/so0212_bs_2016.pdf,0,,,0,,,1,,https://metadata.scb.se/?produkt=SO0212
SO0309,Statistik om socialtjänstinsatser för äldre,Socialstyrelsen,True,2026-04-21,True,4,"[""sam""]",4,2026,https://www.socialstyrelsen.se/contentassets/bd46266fbc174da1a472373a3e2671de/2026-4-10218-kvalitetsdeklaration.pdf,0,,,0,,,0,,,0,,
SO0310,Statistik om socialtjänstinsatser till personer med funktionsnedsättning,Socialstyrelsen,True,2026-06-03,True,2,"[""sam""]",2,2026,https://www.socialstyrelsen.se/contentassets/d09eedc672124f9ca40e39d0f8815bb3/2026-6-10316-kvalitetsdeklaration.pdf,0,,,0,,,0,,,0,,
SO0311,Statistik om socialtjänstinsatser till äldre och personer med funktionsnedsättning efter regiform,Socialstyrelsen,True,2022-03-09,False,0,[],0,,,0,,,0,,,0,,,0,,
SO0401,Statistik om insatser enligt lagen om stöd och service till vissa funktionshindrade,Socialstyrelsen,True,2026-04-09,True,1,"[""sam""]",1,2026,https://www.socialstyrelsen.se/contentassets/9fb599e7bbe04a879ec0050131e92849/2026-4-10180-kvalitetsdeklaration.pdf,0,,,0,,,0,,,0,,
TK0501,Luftfart,Trafikanalys,True,2026-04-20,True,5,"[""sam""]",5,2025,https://www.trafa.se/globalassets/statistik/luftfart/2025/kvalitetsdeklaration-luftfart-2025.pdf,0,,,0,,,0,,,0,,
TK0601,Bantrafik,Trafikanalys,True,2026-06-17,True,0,[],0,,,0,,,0,,,0,,,0,,
TK0602,Bantrafikskador,Trafikanalys,True,2026-06-11,True,0,[],0,,,0,,,0,,,0,,,0,,
TK0603,Järnvägstransporter,Trafikanalys,True,2026-12-18,True,5,"[""sam""]",5,2026,https://www.trafa.se/globalassets/statistik/bantrafik/jarnvagstransporter/2026/kvalitetsdeklaration-jarnvagstransporter-2026-kvartal-2.pdf,0,,,0,,,0,,,0,,
TK0604,Punktlighet på järnväg,Trafikanalys,True,2026-10-23,True,6,"[""sam""]",6,2026,https://www.trafa.se/globalassets/statistik/bantrafik/punktlighet-pa-jarnvag/2026/kvalitetsdeklaration-punktlighet-pa-jarnvag-2026-kvartal-2.pdf,0,,,0,,,0,,,0,,
TK0701,Postverksamhet,Trafikanalys,True,2026-03-27,True,5,"[""sam""]",5,2025,https://www.trafa.se/globalassets/statistik/postverksamhet/2025/kvalitetsdeklaration-postverksamhet-2025.pdf,0,,,0,,,0,,,0,,
TK0802,Sjötrafik,Trafikanalys,True,2026-11-30,True,5,"[""sam""]",5,2026,https://www.trafa.se/globalassets/statistik/sjotrafik/sjotrafik/2026/kvalitetsdeklaration-sjotrafik-2026-kvartal-2.pdf,0,,,0,,,0,,,0,,
TK0803,,,False,,False,2,"[""scb""]",0,,,1,1997,https://www.scb.se/contentassets/3ed23e673dee41aea0c801a77c938395/tk0803_bs_1997.pdf,0,,,0,,,1,,https://metadata.scb.se/?produkt=TK0803
TK0805,,,False,,False,2,"[""scb""]",0,,,1,1997,https://www.scb.se/contentassets/f18b95d34cf34e42936833a082f4d66c/tk0805_bs_1997.pdf,0,,,0,,,1,,https://metadata.scb.se/?produkt=TK0805
TK0808,Svenska och utländska fartyg i svensk regi,Trafikanalys,True,2026-05-06,True,3,"[""sam""]",3,2025,https://www.trafa.se/globalassets/statistik/sjotrafik/fartyg/2025/kvalitetsdeklaration-fartyg-2025---svenska-och-utlandska-fartyg-i-svensk-regi.pdf,0,,,0,,,0,,,0,,
TK0809,Sjöfartsföretag,Trafikanalys,True,2018-05-29,False,5,"[""sam""]",2,2016,https://www.trafa.se/globalassets/statistik/sjotrafik/sjofartsforetag/2016/kvalitetsdeklaration-sjofartsforetag-2016.pdf,3,2014,https://www.trafa.se/globalassets/statistik/sjotrafik/sjofartsforetag/2009-2015/beskrivning-av-statistiken-sjofartsforetag-2014.pdf,0,,,0,,,0,,
TK0901,Televerksamhet,Trafikanalys,True,2026-09-01,True,5,"[""sam""]",5,2025,https://www.trafa.se/globalassets/statistik/televerksamhet/2025/televerksamhet-2025---kvalitetsdeklaration.pdf,0,,,0,,,0,,,0,,
TK1001,Fordon,Trafikanalys,True,2026-12-02,True,60,"[""sam"", ""scb""]",23,2026,https://www.trafa.se/globalassets/statistik/vagtrafik/fordon/manad/kvalitetsdeklaration-nyregistrerade-fordon-2026.pdf,23,2016,https://www.scb.se/contentassets/eb850c65b27f4af5b1523eea11ba0198/tk1001_bs_2016_manad.pdf,0,,,13,2017,https://www.scb.se/contentassets/eb850c65b27f4af5b1523eea11ba0198/tk1001_do_2017_180219_pa.pdf,1,,https://metadata.scb.se/?produkt=TK1001
TK1004,Vägtrafikskador,Trafikanalys,True,2026-05-18,True,6,"[""sam""]",5,2025,https://www.trafa.se/globalassets/statistik/vagtrafik/vagtrafikskador/2025/kvalitetsdeklaration-vagtrafikskador-2025.pdf,1,2014,https://www.trafa.se/globalassets/statistik/vagtrafik/vagtrafikskador/2009-2015/2014/beskrivning-av-statistiken-2014.pdf,0,,,0,,,0,,
TK1005,,,False,,False,2,"[""scb""]",0,,,1,2000,https://www.scb.se/contentassets/e70a056321de4ad09733fdfb26a8b58e/tk1005_bs_2000.pdf,0,,,0,,,1,,https://metadata.scb.se/?produkt=TK1005
TK1006,Lastbilstrafik,Trafikanalys,True,2026-12-11,True,6,"[""sam""]",6,2026,https://www.trafa.se/globalassets/statistik/vagtrafik/lastbilstrafik/2026/kvalitetsdeklaration-lastbilstrafik-2026-kvartal-2.pdf,0,,,0,,,0,,,0,,
TK1009,Körsträckor,Trafikanalys,True,2026-09-21,True,19,"[""sam"", ""scb""]",16,2025,https://www.trafa.se/globalassets/statistik/vagtrafik/korstrackor/2025/kvalitetsdeklaration-korstrackor-2025.pdf,1,2015,https://www.scb.se/contentassets/cd49ef6250f84da6a4f882cffd727795/tk1009_bs_2015.pdf,0,,,1,2015,https://www.scb.se/contentassets/cd49ef6250f84da6a4f882cffd727795/tk1009_do_2015_ts_170224.pdf,1,,https://metadata.scb.se/?produkt=TK1009
TK1101,Resvanor i Sverige,Trafikanalys,True,2026-05-28,True,4,"[""sam""]",4,2025,https://www.trafa.se/globalassets/statistik/resvanor/2026/kvalitetsdeklaration-resvanor-i-sverige-2025.pdf,0,,,0,,,0,,,0,,
TK1102,Varuflödesundersökningen,Trafikanalys,True,2026-09-18,True,4,"[""sam""]",4,2025,https://www.trafa.se/globalassets/statistik/varufloden/2025/kvalitetsdeklaration-vfu-2025.pdf,0,,,0,,,0,,,0,,
TK1201,Färdtjänst och riksfärdtjänst,Trafikanalys,True,2026-06-18,True,4,"[""sam""]",4,2025,https://www.trafa.se/globalassets/statistik/kollektivtrafik/fardtjanst/2025/kvalitetsdeklaration-fardtjanst-och-riksfardtjanst-2025.pdf,0,,,0,,,0,,,0,,
TK1202,Kommersiell linjetrafik på väg,Trafikanalys,True,2026-06-26,True,5,"[""sam""]",5,2025,https://www.trafa.se/globalassets/statistik/kollektivtrafik/kommersiell-linjetrafik/2025/kvalitetsdeklaration-kommersiell-linjetrafik-pa-vag-2025.pdf,0,,,0,,,0,,,0,,
TK1203,Regional linjetrafik,Trafikanalys,True,2026-06-26,True,7,"[""sam""]",7,2025,https://www.trafa.se/globalassets/statistik/kollektivtrafik/kommersiell-linjetrafik/2025/kvalitetsdeklaration-regional-linjetrafik-2025.pdf,0,,,0,,,0,,,0,,
UF0101,Grundskolan: slutbetyg,Statens skolverk,True,2026-09-24,True,48,"[""scb"", ""siris""]",21,2026,https://siris.skolverket.se/siris/sitevision_doc.getFile?p_id=554670,15,2016,https://www.scb.se/contentassets/6198a7952bb34d81bd900e272bcbc3ce/uf0101_bs_2016_mh_160929.pdf,9,2026,https://siris.skolverket.se/siris/sitevision_doc.getFile?p_id=554693,2,2005,https://www.scb.se/contentassets/6198a7952bb34d81bd900e272bcbc3ce/uf0101_do_2005.pdf,1,,https://metadata.scb.se/?produkt=UF0101
UF0102,Gymnasieskolans betygsuppgifter,Statens skolverk,True,2026-12-11,True,38,"[""scb"", ""siris""]",22,2025,https://siris.skolverket.se/siris/sitevision_doc.getFile?p_id=554186,12,2016,https://www.scb.se/contentassets/32b7f4e7dcfd4b8b90a82e67c5d8be32/uf0102_bs_2016_mf_161220.pdf,1,2025,https://siris.skolverket.se/siris/sitevision_doc.getFile?p_id=554696,2,2005,https://www.scb.se/contentassets/32b7f4e7dcfd4b8b90a82e67c5d8be32/uf0102_do_2005.pdf,1,,https://metadata.scb.se/?produkt=UF0102
UF0103,Gymnasieskolan: elever per 15 oktober,Statens skolverk,True,2026-10-27,True,40,"[""scb"", ""siris""]",25,2025,https://siris.skolverket.se/siris/sitevision_doc.getFile?p_id=554141,11,2015,https://www.scb.se/contentassets/52a2254ee168457a84edf9601ea39eb1/uf0103_bs_2015_jh_160208.pdf,0,,,3,2018,https://www.scb.se/contentassets/52a2254ee168457a84edf9601ea39eb1/uf0103_do_2013_2018_jh_201007.pdf,1,,https://metadata.scb.se/?produkt=UF0103
UF0104,Grundskolan: elever per 15 oktober,Statens skolverk,True,2026-04-22,True,77,"[""scb"", ""siris""]",37,2025,https://siris.skolverket.se/siris/sitevision_doc.getFile?p_id=554262,17,2015,https://www.scb.se/contentassets/71b3d9f377de47f2805337178605806d/uf0104_bs_2015.pdf,18,2025,https://www.scb.se/contentassets/71b3d9f377de47f2805337178605806d/uf0104_staf_2025_ss_20260325.pdf,4,2005,https://www.scb.se/contentassets/71b3d9f377de47f2805337178605806d/uf0104_do_2005.pdf,1,,https://metadata.scb.se/?produkt=UF0104
UF0105,Gymnasieskolan: sökande och antagna,Statens skolverk,True,2026-10-22,True,43,"[""scb"", ""siris""]",22,2025,https://siris.skolverket.se/siris/sitevision_doc.getFile?p_id=554142,12,2016,https://www.scb.se/contentassets/b6b3b3343435448a98523e41735b4f19/uf0105_bs_2016.pdf,5,2024,https://www.scb.se/contentassets/b6b3b3343435448a98523e41735b4f19/uf0105_staf_2024_v1_241024.pdf,3,2005,https://www.scb.se/contentassets/b6b3b3343435448a98523e41735b4f19/uf0105_do_1992-2005_tb_200826.pdf,1,,https://metadata.scb.se/?produkt=UF0105
UF0106,"Komvux på grundläggande och gymnasial nivå: elever, kursdeltagare och utbildningsresultat",Statens skolverk,True,2026-06-11,True,57,"[""scb"", ""siris""]",23,2025,https://siris.skolverket.se/siris/sitevision_doc.getFile?p_id=554521,13,2015,https://www.scb.se/contentassets/bcd5386e90c94613ba5014411a625cc2/uf0106_bs_2015_sl_160621.pdf,20,2024,https://www.scb.se/contentassets/bcd5386e90c94613ba5014411a625cc2/uf0106_staf_2024.pdf,0,,,1,,https://metadata.scb.se/?produkt=UF0106
UF0107,"Kostnader för förskola, fritidshem, skola och vuxenutbildning",Statens skolverk,True,2026-09-29,True,181,"[""scb"", ""siris""]",164,2025,https://siris.skolverket.se/siris/sitevision_doc.getFile?p_id=554594,11,2015,https://www.scb.se/contentassets/7af22395b1ad44778d155c7caae746e6/uf0107_bs_2015_dw_160915.pdf,4,2021,https://www.scb.se/contentassets/7af22395b1ad44778d155c7caae746e6/uf0107_staf_2021_220927.pdf,1,2004,https://www.scb.se/contentassets/7af22395b1ad44778d155c7caae746e6/uf0107_do_2004.pdf,1,,https://metadata.scb.se/?produkt=UF0107
UF0108,"Komvux i svenska för invandrare: elever, kursdeltagare och utbildningsresultat",Statens skolverk,True,2026-06-11,True,42,"[""scb"", ""siris""]",21,2025,https://siris.skolverket.se/siris/sitevision_doc.getFile?p_id=554515,13,2015,https://www.scb.se/contentassets/976b69269fc14e9889e9b65656935a08/uf0108_bs_2015.pdf,7,2024,https://www.scb.se/contentassets/976b69269fc14e9889e9b65656935a08/uf0108_staf_2024.pdf,0,,,1,,https://metadata.scb.se/?produkt=UF0108
UF0110,"Komvux som anpassad utbildning: elever, kursdeltagare och utbildningsresultat",Statens skolverk,True,2026-06-11,True,93,"[""scb"", ""siris""]",65,2023,https://siris.skolverket.se/siris/sitevision_doc.getFile?p_id=552843,13,2015,https://www.scb.se/contentassets/2bd59c89d5fa463ab450a86e35f39074/uf0110_bs_2015.pdf,5,2024,https://www.scb.se/contentassets/2bd59c89d5fa463ab450a86e35f39074/uf0110_staf_2024.pdf,9,2019,https://www.scb.se/contentassets/2bd59c89d5fa463ab450a86e35f39074/uf0110_do_2018-2019_jo_200526.pdf,1,,https://metadata.scb.se/?produkt=UF0110
UF0111,Sär- och specialskolan: elever per 15 oktober,Statens skolverk,True,2009-04-21,False,12,"[""scb""]",0,,,10,2009,https://www.scb.se/contentassets/98c329fea2654401a4acadae78229bf9/uf0111_bs_2009.pdf,0,,,2,2004,https://www.scb.se/contentassets/98c329fea2654401a4acadae78229bf9/uf0111_do_2004.pdf,0,,
UF0113,Pedagogisk personal (lärarregistret),Statens skolverk,True,2026-04-08,True,168,"[""scb"", ""siris""]",140,2025,https://siris.skolverket.se/siris/sitevision_doc.getFile?p_id=554434,15,2015,https://www.scb.se/contentassets/3f7ed0ec7cc04e25aff37f5648c0ca00/uf0113_bs_2015_rh_160310.pdf,0,,,12,2012,https://www.scb.se/contentassets/3f7ed0ec7cc04e25aff37f5648c0ca00/uf0113_do_1998-2012-200407.pdf,1,,https://metadata.scb.se/?produkt=UF0113
UF0114,"Nationellt centrum för flexibelt lärande: elever, kursdeltagare och utbildningsresultat",Statens skolverk,True,2008-01-31,False,0,[],0,,,0,,,0,,,0,,,0,,
UF0115,"Svensk utbildning i utlandet: Elever, lärare och utbildningsresultat",Statens skolverk,True,2026-09-30,True,52,"[""scb"", ""siris""]",37,2025,https://siris.skolverket.se/siris/sitevision_doc.getFile?p_id=554691,9,2013,https://www.scb.se/contentassets/374ed307ab4146958fbe93dc2847c6d9/uf0115_bs_2013.pdf,1,2025,https://siris.skolverket.se/siris/sitevision_doc.getFile?p_id=554707,4,2009,https://www.scb.se/contentassets/374ed307ab4146958fbe93dc2847c6d9/uf0115_do_2009.pdf,1,,https://metadata.scb.se/?produkt=UF0115
UF0116,Nationella prov årskurs 9: resultat,Statens skolverk,True,2026-11-25,True,42,"[""scb""]",8,2023,https://www.scb.se/contentassets/e04ad8c1e71e479e95fefd868ad3041b/uf0116_kd_2023_231130.pdf,12,2016,https://www.scb.se/contentassets/e04ad8c1e71e479e95fefd868ad3041b/uf0116_bs_2016.pdf,19,2025,https://www.scb.se/contentassets/e04ad8c1e71e479e95fefd868ad3041b/uf0116_staf_2025_ss_20251126.pdf,2,2005,https://www.scb.se/contentassets/e04ad8c1e71e479e95fefd868ad3041b/uf0116_do_2005.pdf,1,,https://metadata.scb.se/?produkt=UF0116
UF0117,Förskoleverksamhet och skolbarnsomsorg: barn och personal per 15 oktober,Statens skolverk,True,2009-04-02,False,21,"[""scb"", ""siris""]",4,2010,https://siris.skolverket.se/siris/sitevision_doc.getFile?p_id=537687,15,2008,https://www.scb.se/contentassets/be119dec084f45999ce4785236b02210/uf0117_bs_2008.pdf,0,,,2,2004,https://www.scb.se/contentassets/66443e5a1da84cccba64054911c6ec49/uf0117_do_2004.pdf,0,,
UF0120,Elever i kompletterande utbildningar,Statens skolverk,True,2011-03-23,False,0,[],0,,,0,,,0,,,0,,,0,,
UF0121,Grundsärskolan och gymnasiesärskolan: elever per 15 oktober,Statens skolverk,True,2019-03-28,False,10,"[""scb""]",3,2018,https://www.scb.se/contentassets/508e25cb620b46c7a6fb2c727d0e4cfa/uf0121_kd_2018_mh_190627.pdf,6,2015,https://www.scb.se/contentassets/508e25cb620b46c7a6fb2c727d0e4cfa/uf0121_bs_2015.pdf,0,,,0,,,1,,https://metadata.scb.se/?produkt=UF0121
UF0122,Specialskolan: elever per 15 oktober,Statens skolverk,True,2026-03-25,True,23,"[""scb""]",9,2022,https://www.scb.se/contentassets/98c329fea2654401a4acadae78229bf9/uf0122_kd_2022_230329.pdf,6,2015,https://www.scb.se/contentassets/98c329fea2654401a4acadae78229bf9/uf0122_bs_2015.pdf,7,2025,https://www.scb.se/contentassets/98c329fea2654401a4acadae78229bf9/uf0122_staf_2025_ss_20260325.pdf,0,,,1,,https://metadata.scb.se/?produkt=UF0122
UF0123,Förskola och annan pedagogisk verksamhet: Barn och personal per 15 oktober,Statens skolverk,True,2012-03-15,False,19,"[""scb"", ""siris""]",13,2025,https://siris.skolverket.se/siris/sitevision_doc.getFile?p_id=554441,6,2011,https://www.scb.se/contentassets/be119dec084f45999ce4785236b02210/uf0123_bs_2011.pdf,0,,,0,,,0,,
UF0124,Fritidshem: Elever och personal per 15 oktober,Statens skolverk,True,2026-04-01,True,60,"[""scb"", ""siris""]",34,2025,https://siris.skolverket.se/siris/sitevision_doc.getFile?p_id=554314,7,2015,https://www.scb.se/contentassets/66443e5a1da84cccba64054911c6ec49/uf0124_bs_2015_tt_160318.pdf,18,2025,https://www.scb.se/contentassets/66443e5a1da84cccba64054911c6ec49/uf0124_staf_2025_260401.pdf,0,,,1,,https://metadata.scb.se/?produkt=UF0124
UF0125,Nationella prov årskurs 3: resultat,Statens skolverk,True,2026-11-19,True,27,"[""scb""]",5,2023,https://www.scb.se/contentassets/c77451360d56498f97ff8592be003e71/uf0125_kd_2023_231130.pdf,7,2016,https://www.scb.se/contentassets/c77451360d56498f97ff8592be003e71/uf0125_bs_2016.pdf,14,2025,https://www.scb.se/contentassets/c77451360d56498f97ff8592be003e71/uf0125_staf_2025-11-20.pdf,0,,,1,,https://metadata.scb.se/?produkt=UF0125
UF0126,Nationella prov i NO årskurs 9: resultat,Statens skolverk,True,2012-11-29,False,4,"[""scb""]",0,,,3,2012,https://www.scb.se/contentassets/e04ad8c1e71e479e95fefd868ad3041b/uf0126_bs_2012_ss_200907.pdf,1,2010,https://www.scb.se/contentassets/e04ad8c1e71e479e95fefd868ad3041b/uf0126_staf_2010_ss_201111.pdf,0,,,0,,
UF0127,Nationella prov för utbildning i svenska för invandrare: resultat,Statens skolverk,True,2012-06-28,False,1,"[""scb""]",0,,,1,2011,https://www.scb.se/contentassets/976b69269fc14e9889e9b65656935a08/uf0127_bs_2011.pdf,0,,,0,,,0,,
UF0128,Nationella prov gymnasieskolan: resultat,Statens skolverk,True,2026-10-15,True,49,"[""scb"", ""siris""]",35,2025,https://siris.skolverket.se/siris/sitevision_doc.getFile?p_id=554484,7,2016,https://www.scb.se/contentassets/657acb94902044f9b5a46066e54a9c29/uf0128_bs_2016_vt.pdf,5,2024,https://www.scb.se/contentassets/657acb94902044f9b5a46066e54a9c29/uf0128_staf_ht24_20250415.pdf,1,2012,https://www.scb.se/contentassets/657acb94902044f9b5a46066e54a9c29/uf0128_do_2011_2012.pdf,1,,https://metadata.scb.se/?produkt=UF0128
UF0129,Nationella prov årskurs 6: resultat,Statens skolverk,True,2026-11-25,True,23,"[""scb""]",5,2023,https://www.scb.se/contentassets/b94e65f4f6484bb9893acbfd68e8b7a2/uf0129_kd_2023_231130.pdf,5,2016,https://www.scb.se/contentassets/b94e65f4f6484bb9893acbfd68e8b7a2/uf0129_bs_2016.pdf,12,2025,https://www.scb.se/contentassets/b94e65f4f6484bb9893acbfd68e8b7a2/uf0129_staf_2025_ss_20251126.pdf,0,,,1,,https://metadata.scb.se/?produkt=UF0129
UF0130,Förskola: Barn och personal per 15 oktober,Statens skolverk,True,2026-04-16,True,61,"[""scb"", ""siris""]",46,2025,https://siris.skolverket.se/siris/sitevision_doc.getFile?p_id=554468,4,2015,https://www.scb.se/contentassets/be119dec084f45999ce4785236b02210/uf0130_bs_2015.pdf,10,2024,https://www.scb.se/contentassets/be119dec084f45999ce4785236b02210/dokumentation-fr.o.m-2021/uf0130_staf_2024_20250416.pdf,0,,,1,,https://metadata.scb.se/?produkt=UF0130
UF0131,Annan pedagogisk verksamhet: Barn och personal per 15 oktober,Statens skolverk,True,2026-04-16,True,57,"[""scb"", ""siris""]",42,2025,https://siris.skolverket.se/siris/sitevision_doc.getFile?p_id=554445,4,2015,https://www.scb.se/contentassets/2337861061134252a3c4305eb13affa8/uf0131_bs_2015.pdf,10,2024,https://www.scb.se/contentassets/2337861061134252a3c4305eb13affa8/uf0131_staf_2024_20250416.pdf,0,,,1,,https://metadata.scb.se/?produkt=UF0131
UF0132,Grundskolan: betyg årskurs 6,Statens skolverk,True,2026-10-21,True,59,"[""scb"", ""siris""]",40,2026,https://siris.skolverket.se/siris/sitevision_doc.getFile?p_id=554663,4,2016,https://www.scb.se/contentassets/77f16d72f2d74b1183a5b6634b990484/uf0132_bs_2016_ss_161025.pdf,14,2026,https://siris.skolverket.se/siris/sitevision_doc.getFile?p_id=554678,0,,,1,,https://metadata.scb.se/?produkt=UF0132
UF0133,"Utbildningsresultat riksnivå - Sveriges officiella statistik om förskola, skola och vuxenutbildning. Del 1",Statens skolverk,True,2013-03-01,False,0,[],0,,,0,,,0,,,0,,,0,,
UF0134,"Kostnader riksnivå - Sveriges officiella statistik om förskola, skola och vuxenutbildning",Statens skolverk,True,2013-09-30,False,0,[],0,,,0,,,0,,,0,,,0,,
UF0135,"Barn, elever och personal riksnivå - Sveriges officiella statistik om förskola, skola och vuxenutbildning",Statens skolverk,True,2013-05-31,False,0,[],0,,,0,,,0,,,0,,,0,,
UF0137,Anpassade grundskolan: elever per 15 oktober,Statens skolverk,True,2026-03-25,True,29,"[""scb"", ""siris""]",20,2025,https://siris.skolverket.se/siris/sitevision_doc.getFile?p_id=553657,0,,,8,2025,https://www.scb.se/contentassets/639aa87b86c84cf4b8943ac63cae992c/uf0137_staf_2025_ss_20260325.pdf,0,,,1,,https://metadata.scb.se/?produkt=UF0137
UF0138,Anpassade gymnasieskolan: elever per 15 oktober,Statens skolverk,True,2026-03-05,True,30,"[""scb"", ""siris""]",21,2025,https://siris.skolverket.se/siris/sitevision_doc.getFile?p_id=554224,0,,,8,2025,https://www.scb.se/contentassets/e3ddb2198583486dba179ce7dfa65446/uf0138_staf_2025_260305.pdf,0,,,1,,https://metadata.scb.se/?produkt=UF0138
UF0139,Etablering på arbetsmarknaden och fortsatta studier efter gymnasieskolan,Statens skolverk,True,2026-10-01,True,8,"[""scb"", ""siris""]",7,2024,https://siris.skolverket.se/siris/sitevision_doc.getFile?p_id=554627,0,,,0,,,0,,,1,,https://metadata.scb.se/?produkt=UF0139
UF0140,Etablering på arbetsmarknaden och fortsatta studier efter komvux,Statens skolverk,True,2026-10-29,True,3,"[""siris""]",3,2022,https://siris.skolverket.se/siris/sitevision_doc.getFile?p_id=554156,0,,,0,,,0,,,0,,
UF0201,Årsrapport för universitet och högskolor,Universitetskanslersämbetet,True,2017-06-01,False,0,[],0,,,0,,,0,,,0,,,0,,
UF0202,Personal vid universitet och högskolor,Universitetskanslersämbetet,True,2026-06-16,True,53,"[""sam"", ""scb""]",20,2025,https://www.uka.se/download/18.12cbb32919e48c497adf/1779346905812/UF0202_KD_2025.pdf,16,2015,https://www.scb.se/contentassets/cb6214f5a3294753b5a9cd5ff1e51217/uf0202_bs_2015_se_160427.pdf,14,2025,https://www.uka.se/download/18.12cbb32919e48c497ad12/1779346968011/UF0202_STAF_2025.pdf,2,2002,https://www.scb.se/contentassets/cb6214f5a3294753b5a9cd5ff1e51217/uf0202_do_2002.pdf,1,,https://metadata.scb.se/?produkt=UF0202
UF0203,,,False,,False,3,"[""scb""]",0,,,3,2002,https://www.scb.se/contentassets/edb5a64e957748f3979fb30564d0083c/uf0203_bs_2002.pdf,0,,,0,,,0,,
UF0204,Doktorander och examina i högskoleutbildning på forskarnivå,Universitetskanslersämbetet,True,2026-06-10,True,50,"[""sam"", ""scb""]",20,2025,https://www.uka.se/download/18.4bcf0d3219d24bbcb9c4deee/1775563209752/UF0204_kd_2025-Doktorander%20och%20examina.pdf,12,2015,https://www.scb.se/contentassets/06b84739a2af444cac0e2aacb81ab39b/uf0204_bs_2015_ok_160418.pdf,16,2025,https://www.uka.se/download/18.4bcf0d3219d24bbcb9c4def1/1775563263592/UF0204_staf_2025-Doktorander%20och%20examina.pdf,1,2003,https://www.scb.se/contentassets/06b84739a2af444cac0e2aacb81ab39b/uf0204_do_19702003.pdf,1,,https://metadata.scb.se/?produkt=UF0204
UF0205,Studenter och examinerade i högskoleutbildning på grundnivå och avancerad nivå,Universitetskanslersämbetet,True,2026-11-12,True,46,"[""sam"", ""scb""]",17,2025,https://www.scb.se/contentassets/edb5a64e957748f3979fb30564d0083c/uf0205_kd_2025.pdf,13,2016,https://www.scb.se/contentassets/edb5a64e957748f3979fb30564d0083c/uf0205_bs_2016_mw_161013.pdf,15,2025,https://www.scb.se/contentassets/edb5a64e957748f3979fb30564d0083c/uf0205_staf_2025.pdf,0,,,1,,https://metadata.scb.se/?produkt=UF0205
UF0206,Sökande och antagna till högskoleutbildning på grundnivå och avancerad nivå,Universitetskanslersämbetet,True,2026-11-17,True,50,"[""sam"", ""scb""]",17,2025,https://www.uka.se/download/18.4e99fc7b19998ef0258158/1759841075182/UF0206_KD_2025.pdf,17,2016,https://www.scb.se/contentassets/71463ab24e22449fafefba74a77c85f0/uf0206_bs_2016_vt_ag_160422.pdf,14,2025,https://www.uka.se/download/18.4e99fc7b19998ef025815a/1759841106007/UF0206_StaF_2025.pdf,1,2002,https://www.scb.se/contentassets/71463ab24e22449fafefba74a77c85f0/uf0206_do_2002.pdf,1,,https://metadata.scb.se/?produkt=UF0206
UF0208,Genomströmning och resultat i högskoleutbildning på grundnivå och avancerad nivå,Universitetskanslersämbetet,True,2026-05-21,True,1,"[""scb""]",0,,,0,,,0,,,0,,,1,,https://metadata.scb.se/?produkt=UF0208
UF0209,Internationell studentmobilitet i högskolan,Universitetskanslersämbetet,True,2026-12-01,True,1,"[""scb""]",0,,,0,,,0,,,0,,,1,,https://metadata.scb.se/?produkt=UF0209
UF0210,Ekonomisk statistik för universitet och högskolor,Universitetskanslersämbetet,True,2026-04-16,True,15,"[""sam""]",10,2025,https://www.uka.se/download/18.4e6972ba19d86b5784ee382/1776317848459/UF0210_KVALITETSDEKLARATION_2025_260415.pdf,0,,,5,2025,https://www.uka.se/download/18.4e6972ba19d86b5784ee384/1776317997939/UF0210_StaF_2025_260415.pdf,0,,,0,,
UF0211,Svensk och utländsk bakgrund för studenter och doktorander på universitet och högskolor,Universitetskanslersämbetet,True,2026-06-11,True,1,"[""scb""]",0,,,0,,,0,,,0,,,1,,https://metadata.scb.se/?produkt=UF0211
UF0212,Högskolenybörjare och doktorandnybörjare efter föräldrarnas utbildningsnivå,Universitetskanslersämbetet,True,2026-12-10,True,1,"[""scb""]",0,,,0,,,0,,,0,,,1,,https://metadata.scb.se/?produkt=UF0212
UF0213,Forskning vid universitet och högskolor,Universitetskanslersämbetet,True,2026-10-20,True,11,"[""sam""]",6,2026,https://www.uka.se/download/18.524336ac19e075b47261c/1779263764946/Kvalitetsdeklaration%20_UF0213_2026.docx,0,,,5,2026,https://www.uka.se/download/18.524336ac19e075b47261f/1779263850179/Statistikens-framstallning_staf_UF0213_2026.docx,0,,,0,,
UF0214,Etablering på arbetsmarknaden efter högskolestudier på grundnivå och avancerad nivå,Universitetskanslersämbetet,True,2026-05-27,True,2,"[""sam""]",1,2024,https://www.uka.se/download/18.44ee87e019e634696536/1779784914060/L%C3%A4s%20kvalitetsdeklaration%20f%C3%B6r%20etablering%20p%C3%A5%20arbetsmarknaden%20efter%20h%C3%B6gskolestudier%20-%20uppf%C3%B6ljnings%C3%A5r%202024.pdf,0,,,1,2024,https://www.uka.se/download/18.44ee87e019e634696538/1779785093055/L%C3%A4s%20statistikens%20framst%C3%A4llning%20f%C3%B6r%20etablering%20p%C3%A5%20arbetsmarknaden%20efter%20h%C3%B6gskolestudier%20-%20uppf%C3%B6ljnings%C3%A5r%202024.pdf,0,,,0,,
UF0301,Forskning och utveckling i Sverige,Statistiska centralbyrån,True,2026-10-29,True,28,"[""scb""]",7,2024,https://www.scb.se/contentassets/8e4fb961de804d73886e0eb98a2b9085/uf0301_kd_2024.pdf,8,2015,https://www.scb.se/contentassets/8e4fb961de804d73886e0eb98a2b9085/uf0301_bs_2015.pdf,7,2024,https://www.scb.se/contentassets/8e4fb961de804d73886e0eb98a2b9085/uf0301_staf_2024.pdf,5,2015,https://www.scb.se/contentassets/8e4fb961de804d73886e0eb98a2b9085/uf0301_do_2015.pdf,1,,https://metadata.scb.se/?produkt=UF0301
UF0302,Forskning och utveckling inom företagssektorn,Statistiska centralbyrån,True,2017-06-08,False,16,"[""scb""]",0,,,9,2015,https://www.scb.se/contentassets/e3020cf73f7c4d289c78c94a8887a668/uf0302_bs_2015_ajj_161116.pdf,0,,,6,2015,https://www.scb.se/contentassets/e3020cf73f7c4d289c78c94a8887a668/uf0302_do_2015.pdf,1,,https://metadata.scb.se/?produkt=UF0302
UF0303,,,False,,False,3,"[""scb""]",0,,,3,2005,https://www.scb.se/contentassets/85191b8b61dd403794a4210bdb30a72b/uf0303_bs_2005.pdf,0,,,0,,,0,,
UF0304,Forskning och utveckling inom universitets- och högskolesektorn,Statistiska centralbyrån,True,2016-12-16,False,16,"[""scb""]",0,,,9,2015,https://www.scb.se/contentassets/d00d5a3b6adc4809b778337df65fe386/uf0304_bs_2015_es_161216.pdf,0,,,6,2015,https://www.scb.se/contentassets/d00d5a3b6adc4809b778337df65fe386/uf0304_do_2015.pdf,1,,https://metadata.scb.se/?produkt=UF0304
UF0306,Statliga anslag till forskning och utveckling,Statistiska centralbyrån,True,2026-12-09,True,46,"[""scb""]",10,2026,https://www.scb.se/contentassets/ef7012318ee442cb88970fcaee6435b8/uf0306_kd_2026_aq_260319.pdf,15,2016,https://www.scb.se/contentassets/ef7012318ee442cb88970fcaee6435b8/uf0306_bs_-2016_aj_160401.pdf,9,2026,https://www.scb.se/contentassets/ef7012318ee442cb88970fcaee6435b8/uf0306_staf_2026_aq_260319.pdf,11,2017,https://www.scb.se/contentassets/ef7012318ee442cb88970fcaee6435b8/uf0306_do_2017_ml_170901.pdf,1,,https://metadata.scb.se/?produkt=UF0306
UF0314,Forskning och utveckling inom den privata icke-vinstdrivande sektorn,Statistiska centralbyrån,True,2016-12-16,False,16,"[""scb""]",0,,,9,2015,https://www.scb.se/contentassets/1f3cfe83804640928b10abeacdeecc7d/uf0314_bs_2015.pdf,0,,,6,2015,https://www.scb.se/contentassets/1f3cfe83804640928b10abeacdeecc7d/uf0314_do_2015_sd_170221.pdf,1,,https://metadata.scb.se/?produkt=UF0314
UF0315,Innovation i företagssektorn,Statistiska centralbyrån,True,2026-03-19,True,23,"[""scb""]",5,2024,https://www.scb.se/contentassets/9e6a00ac2fc7421cabab329528166232/uf0315_kd_2022-2024.pdf,6,2014,https://www.scb.se/contentassets/9e6a00ac2fc7421cabab329528166232/uf0315_bs_2014_as_151216.pdf,5,2024,https://www.scb.se/contentassets/9e6a00ac2fc7421cabab329528166232/uf0315_staf_2022-2024.pdf,6,2014,https://www.scb.se/contentassets/9e6a00ac2fc7421cabab329528166232/uf0315_do_2012-2014_as_160302.pdf,1,,https://metadata.scb.se/?produkt=UF0315
UF0316,,,False,,False,1,"[""scb""]",0,,,1,2005,https://www.scb.se/contentassets/85191b8b61dd403794a4210bdb30a72b/uf0316_bs_2005.pdf,0,,,0,,,0,,
UF0317,Forskning och utveckling i offentlig sektor,Statistiska centralbyrån,True,2016-10-20,False,11,"[""scb""]",0,,,5,2015,https://www.scb.se/contentassets/85191b8b61dd403794a4210bdb30a72b/uf0317_bs_2015_ml_160929.pdf,0,,,5,2015,https://www.scb.se/contentassets/85191b8b61dd403794a4210bdb30a72b/uf0317_do_2015_ml_161124.pdf,1,,https://metadata.scb.se/?produkt=UF0317
UF0319,Innovation i offentlig sektor,Statistiska centralbyrån,True,2024-06-05,False,3,"[""scb""]",1,2022,https://www.scb.se/contentassets/ab44bfd27c3b4052bd5d0f3f539c2d37/uf0319_kd_2021-2022_231116.pdf,0,,,1,2022,https://www.scb.se/contentassets/ab44bfd27c3b4052bd5d0f3f539c2d37/uf0319_staf_2021-2022_231116.pdf,0,,,1,,https://metadata.scb.se/?produkt=UF0319
UF0401,Utbetalning av studiestöd,Centrala studiestödsnämnden,True,2026-09-02,True,2,"[""sam""]",1,2026,https://www.csn.se/download/18.79c20e771a011658720118/1788249854784/Kvalitetsdeklaration%20utbetalning%202026-09-02%20ver%201.pdf,0,,,1,2026,https://www.csn.se/download/18.79c20e771a011658720119/1788249854838/Statistikens%20framst%C3%A4llning%20utbetalning%202026-09-02%20ver%201.pdf,0,,,0,,
UF0402,Studieskulder och inbetalning av studiestöd,Centrala studiestödsnämnden,True,2026-02-04,True,2,"[""sam""]",1,2026,https://www.csn.se/download/18.c63d8f919bd81a66ab185/1770105621702/Kvalitetsdeklaration%20inbetalning%202026-02-04%20ver%201.pdf,0,,,1,2026,https://www.csn.se/download/18.c63d8f919bd81a66ab187/1770105621793/Statistikens%20framst%C3%A4llning%20inbetalning%202026-02-04%20ver%201.pdf,0,,,0,,
UF0404,Nyttjande av studiestöd,Centrala studiestödsnämnden,True,2026-08-19,True,2,"[""sam""]",1,2026,https://www.csn.se/download/18.49f1c72e1a0a461d022b2f/1790659142971/Kvalitetsdeklaration%20nyttjande%202025%202026-10-01%20v%202.pdf,0,,,1,2026,https://www.csn.se/download/18.744b4d3219d02ca14d2db3/1786612081493/Statistikens%20framst%C3%A4llning%20nyttjande%202025%202026-08-19%20v%201.pdf,0,,,0,,
UF0501,Elevpaneler för longitudinella studier,Statistiska centralbyrån,True,2020-12-08,False,46,"[""scb""]",4,2020,https://www.scb.se/contentassets/dfd034bd047f4c69821872cec848f89e/uf0501_kd_2020_201208.pdf,16,2016,https://www.scb.se/contentassets/dfd034bd047f4c69821872cec848f89e/uf0501_bs_2016_aa_161206.pdf,4,2020,https://www.scb.se/contentassets/dfd034bd047f4c69821872cec848f89e/uf0501_staf_2020_201208.pdf,21,2016,https://www.scb.se/contentassets/dfd034bd047f4c69821872cec848f89e/uf0501_do_2016.pdf,1,,https://metadata.scb.se/?produkt=UF0501
UF0502,Personalutbildningsstatistik,Statistiska centralbyrån,True,2010-11-12,False,14,"[""scb""]",0,,,8,2010,https://www.scb.se/contentassets/a22e749275344ad5b6541c0991ef908a/uf0502_bs_2010_1.pdf,0,,,5,2010,https://www.scb.se/contentassets/a22e749275344ad5b6541c0991ef908a/uf0502_do_2010.pdf,1,,https://metadata.scb.se/?produkt=UF0502
UF0503,Sysselsättning och inkomster efter avslutad utbildning,Statistiska centralbyrån,True,2026-09-08,True,6,"[""scb""]",2,2020,https://www.scb.se/contentassets/835db4de1d234aa3a070b18749939487/uf0503_kd_2020_pk_20220330.pdf,0,,,3,2025,https://www.scb.se/contentassets/835db4de1d234aa3a070b18749939487/uf0503_staf_2025_v1_260908.pdf,0,,,1,,https://metadata.scb.se/?produkt=UF0503
UF0504,,,False,,False,1,"[""scb""]",0,,,1,2004,https://www.scb.se/contentassets/ee787f0ad1754813bcad846e298a3325/uf0504_bs_2004.pdf,0,,,0,,,0,,
UF0505,Arbetskraftsbarometern,Statistiska centralbyrån,True,2023-12-13,False,51,"[""scb""]",7,2023,https://www.scb.se/contentassets/77b60ded65ca498c98769c2074d7c79c/uf0505_kd_2023_231206.pdf,18,2016,https://www.scb.se/contentassets/77b60ded65ca498c98769c2074d7c79c/uf0505_bs_-2016_tl_161208.pdf,6,2023,https://www.scb.se/contentassets/77b60ded65ca498c98769c2074d7c79c/uf0505_staf_2023_231206.pdf,19,2017,https://www.scb.se/contentassets/77b60ded65ca498c98769c2074d7c79c/uf0505_do_2017_tl_180119.pdf,1,,https://metadata.scb.se/?produkt=UF0505
UF0506,Befolkningens utbildning,Statistiska centralbyrån,True,2026-04-27,True,58,"[""scb""]",10,2025,https://www.scb.se/contentassets/776fd7a4ac2f4574ae86e4a3b5b7595e/uf0506_kd_2025_tw_260427.pdf,17,2015,https://www.scb.se/contentassets/776fd7a4ac2f4574ae86e4a3b5b7595e/uf0506_bs_2015.pdf,9,2025,https://www.scb.se/contentassets/776fd7a4ac2f4574ae86e4a3b5b7595e/uf0506_staf_2025_tw_260427.pdf,21,2016,https://www.scb.se/contentassets/776fd7a4ac2f4574ae86e4a3b5b7595e/uf0506_do_2016_mk_170608.pdf,1,,https://metadata.scb.se/?produkt=UF0506
UF0507,Befolkningens studiedeltagande,Statistiska centralbyrån,True,2026-12-11,True,50,"[""scb""]",9,2024,https://www.scb.se/contentassets/7c4cd0db6b1c481cbe7ad7194d7eda80/uf0507_kd_2024_tw_251210.pdf,16,2015,https://www.scb.se/contentassets/7c4cd0db6b1c481cbe7ad7194d7eda80/uf0507_bs_2015.pdf,9,2024,https://www.scb.se/contentassets/7c4cd0db6b1c481cbe7ad7194d7eda80/uf0507_staf_2024_sh_251210.pdf,15,2016,https://www.scb.se/contentassets/7c4cd0db6b1c481cbe7ad7194d7eda80/uf0507_do_2016_tw_180205.pdf,1,,https://metadata.scb.se/?produkt=UF0507
UF0510,Folkhögskolestatistik,Statistiska centralbyrån,True,2019-02-01,False,42,"[""scb""]",5,2017,https://www.scb.se/contentassets/ebec141d794d47a18a2894390b184649/uf0510_kd_2017_mf_180103.pdf,16,2016,https://www.scb.se/contentassets/ebec141d794d47a18a2894390b184649/uf0510_bs_2016.pdf,0,,,21,2017,https://www.scb.se/contentassets/ebec141d794d47a18a2894390b184649/uf0510_do_2017_mf_180103.pdf,0,,
UF0511,,,False,,False,1,"[""scb""]",0,,,0,,,0,,,1,2001,https://www.scb.se/contentassets/6ecc86472e7b488a9a430e2c03c50090/uf0511_scbdok_2001.pdf,0,,
UF0512,Inträdet på arbetsmarknaden,Statistiska centralbyrån,True,2025-12-17,True,38,"[""scb""]",7,2025,https://www.scb.se/contentassets/fa52f05a6b644785a9be03f6964c811a/uf0512yh_kd_2025_fg_251217.pdf,11,2014,https://www.scb.se/contentassets/fa52f05a6b644785a9be03f6964c811a/uf0512_bs_2014_141114.pdf,7,2025,https://www.scb.se/contentassets/fa52f05a6b644785a9be03f6964c811a/uf0512yh_staf_2025_sh_251217.pdf,12,2017,https://www.scb.se/contentassets/fa52f05a6b644785a9be03f6964c811a/uf0512_do_2017_ss_190709.pdf,1,,https://metadata.scb.se/?produkt=UF0512
UF0513,Gymnasieungdomars studieintresse,Statistiska centralbyrån,True,2024-09-25,False,27,"[""scb""]",6,2021,https://www.scb.se/contentassets/eab94205f2274dee9b63ec1a4d6fe742/uf0513_kd_2021.pdf,8,2015,https://www.scb.se/contentassets/eab94205f2274dee9b63ec1a4d6fe742/uf0513_bs_2015_aa_160308.pdf,3,2021,https://www.scb.se/contentassets/eab94205f2274dee9b63ec1a4d6fe742/uf0513_staf_2021.pdf,9,2015,https://www.scb.se/contentassets/eab94205f2274dee9b63ec1a4d6fe742/uf0513_do_2015_aa_160427.pdf,1,,https://metadata.scb.se/?produkt=UF0513
UF0514,Kostnader för utbildningsväsendet,Statistiska centralbyrån,True,2026-11-25,True,32,"[""scb""]",9,2022,https://www.scb.se/contentassets/f5dd72e3d39a4cc8b2c9ec721b3ca539/uf0514_kd_2022_v1_20231127.pdf,18,2015,https://www.scb.se/contentassets/f5dd72e3d39a4cc8b2c9ec721b3ca539/uf0514_bs_2011-2015.pdf,4,2022,https://www.scb.se/contentassets/f5dd72e3d39a4cc8b2c9ec721b3ca539/uf0514_st_2022_v1_20231127.pdf,0,,,1,,https://metadata.scb.se/?produkt=UF0514
UF0515,Trender och prognoser om utbildning och arbetsmarknad,Statistiska centralbyrån,True,2026-05-28,True,16,"[""scb""]",4,2025,https://www.scb.se/contentassets/9a731a170df2441780abaad993cb1efe/uf0515_kd_2025_cah_260528.pdf,5,2014,https://www.scb.se/contentassets/9a731a170df2441780abaad993cb1efe/uf0515_bs_2014_141204.pdf,3,2025,https://www.scb.se/contentassets/9a731a170df2441780abaad993cb1efe/uf0515_staf_2025_cah_260528.pdf,3,2017,https://www.scb.se/contentassets/9a731a170df2441780abaad993cb1efe/uf0515_do_2017_180119_gz.pdf,1,,https://metadata.scb.se/?produkt=UF0515
UF0516,Sysselsättningsprognos,Statistiska centralbyrån,True,2024-03-27,False,6,"[""scb""]",0,,,4,2013,https://www.scb.se/contentassets/dd469e65aea04e5696aa90b2e4c306f8/uf0516_bs_2013.pdf,0,,,1,2013,https://www.scb.se/contentassets/dd469e65aea04e5696aa90b2e4c306f8/uf0516_do_2013.pdf,1,,https://metadata.scb.se/?produkt=UF0516
UF0517,Tiden mellan gymnasieskolan och universitetet/högskolan,Statistiska centralbyrån,True,2013-08-19,False,2,"[""scb""]",0,,,1,2009,https://www.scb.se/contentassets/6ecc86472e7b488a9a430e2c03c50090/uf0517_bs_2008-2009.pdf,0,,,1,2009,https://www.scb.se/contentassets/6ecc86472e7b488a9a430e2c03c50090/uf0517_do_2008-2009.pdf,0,,
UF0518,Vuxnas lärande,Statistiska centralbyrån,True,2025-06-12,False,2,"[""scb""]",0,,,1,2002,https://www.scb.se/contentassets/6ecc86472e7b488a9a430e2c03c50090/uf0518_bs_2002.pdf,0,,,1,2002,https://www.scb.se/contentassets/6ecc86472e7b488a9a430e2c03c50090/uf0518_do_2002.pdf,0,,
UF0521,Analyser om utbildning och arbetsmarknad,Statistiska centralbyrån,True,2026-06-26,True,8,"[""scb""]",1,2025,https://www.scb.se/contentassets/ee787f0ad1754813bcad846e298a3325/kd_work-in-sweden_individenkat_v.1.0.pdf,3,2013,https://www.scb.se/contentassets/ee787f0ad1754813bcad846e298a3325/uf0521_bs_2013-1.pdf,1,2025,https://www.scb.se/contentassets/ee787f0ad1754813bcad846e298a3325/staf_work-in-sweden_individenkat_ver1.0.pdf,2,2013,https://www.scb.se/contentassets/ee787f0ad1754813bcad846e298a3325/uf0521_do_2013-1.pdf,1,,https://metadata.scb.se/?produkt=UF0521
UF0522,,,False,,False,2,"[""scb""]",0,,,1,2003,https://www.scb.se/contentassets/6ecc86472e7b488a9a430e2c03c50090/uf0522_bs_2003.pdf,0,,,1,2003,https://www.scb.se/contentassets/6ecc86472e7b488a9a430e2c03c50090/uf0522_do_2003.pdf,0,,
UF0523,,,False,,False,2,"[""scb""]",0,,,1,2003,https://www.scb.se/contentassets/6ecc86472e7b488a9a430e2c03c50090/uf0523_bs_2003.pdf,0,,,1,2003,https://www.scb.se/contentassets/6ecc86472e7b488a9a430e2c03c50090/uf0523_do_2003.pdf,0,,
UF0524,Utbildningsstatistisk årsbok,Statistiska centralbyrån,True,2014-12-09,False,0,[],0,,,0,,,0,,,0,,,0,,
UF0526,Svensk utbildning i internationell statistik,Statistiska centralbyrån,True,2005-12-07,False,0,[],0,,,0,,,0,,,0,,,0,,
UF0527,På tal om utbildning,Statistiska centralbyrån,True,2010-05-28,False,0,[],0,,,0,,,0,,,0,,,0,,
UF0529,Högutbildade utrikes födda,Statistiska centralbyrån,True,2023-03-29,False,9,"[""scb""]",1,2018,https://www.scb.se/contentassets/8f3f0969e07b45318d9dfb87865960fd/uf0529_kd_2018_tw_190306.pdf,3,2015,https://www.scb.se/contentassets/8f3f0969e07b45318d9dfb87865960fd/uf0529_bs_2015_tw_160511.pdf,1,2018,https://www.scb.se/contentassets/8f3f0969e07b45318d9dfb87865960fd/uf0529_staf_2018_tw_190306.pdf,3,2015,https://www.scb.se/contentassets/8f3f0969e07b45318d9dfb87865960fd/uf0529_do_2015_tw_160909.pdf,1,,https://metadata.scb.se/?produkt=UF0529
UF0530,,,False,,False,2,"[""scb""]",0,,,1,2004,https://www.scb.se/contentassets/6ecc86472e7b488a9a430e2c03c50090/uf0530_bs_2004.pdf,0,,,1,2004,https://www.scb.se/contentassets/6ecc86472e7b488a9a430e2c03c50090/uf0530_do_2004.pdf,0,,
UF0531,,,False,,False,2,"[""scb""]",0,,,1,2005,https://www.scb.se/contentassets/6ecc86472e7b488a9a430e2c03c50090/uf0531_bs_2005.pdf,0,,,1,2005,https://www.scb.se/contentassets/6ecc86472e7b488a9a430e2c03c50090/uf0531_do_2005.pdf,0,,
UF0532,Folkhögskoleuppföljning,Statistiska centralbyrån,True,2006-12-07,False,1,"[""scb""]",0,,,1,2006,https://www.scb.se/contentassets/6ecc86472e7b488a9a430e2c03c50090/uf0532_bs_2006.pdf,0,,,0,,,0,,
UF0535,Högskolestuderandes levnadsvillkor,Statistiska centralbyrån,True,2007-11-28,False,2,"[""scb""]",0,,,1,2007,https://www.scb.se/contentassets/6ecc86472e7b488a9a430e2c03c50090/uf0535_bs_2007.pdf,0,,,1,2007,https://www.scb.se/contentassets/6ecc86472e7b488a9a430e2c03c50090/uf0535_do_2007.pdf,0,,
UF0536,Ungdomar utan fullföljd gymnasieutbildning,Statistiska centralbyrån,True,2007-12-07,False,2,"[""scb""]",0,,,1,2007,https://www.scb.se/contentassets/6ecc86472e7b488a9a430e2c03c50090/uf0536_bs_2007.pdf,0,,,1,2007,https://www.scb.se/contentassets/6ecc86472e7b488a9a430e2c03c50090/uf0536_do_2007.pdf,0,,
UF0538,Undersökningen om vuxnas deltagande i utbildning,Statistiska centralbyrån,True,2023-12-06,False,9,"[""scb""]",2,2022,https://www.scb.se/contentassets/729c636da25e4020883800335a5e8c72/uf0538_kd_2022_231206.pdf,2,2012,https://www.scb.se/contentassets/729c636da25e4020883800335a5e8c72/uf0538_bs_2012_20150205.pdf,2,2022,https://www.scb.se/contentassets/729c636da25e4020883800335a5e8c72/uf0538_staf_2022_231206.pdf,2,2012,https://www.scb.se/contentassets/729c636da25e4020883800335a5e8c72/uf0538_do_2012_160104.pdf,1,,https://metadata.scb.se/?produkt=UF0538
UF0539,Deltagare i svenskundervisning för invandrare (sfi),Statistiska centralbyrån,True,2009-04-29,False,1,"[""scb""]",0,,,0,,,0,,,1,2008,https://www.scb.se/contentassets/6ecc86472e7b488a9a430e2c03c50090/uf0539_do_2008.pdf,0,,
UF0540,Högutbildades arbetsmarknad,Statistiska centralbyrån,True,2009-12-15,False,2,"[""scb""]",0,,,1,2009,https://www.scb.se/contentassets/6ecc86472e7b488a9a430e2c03c50090/uf0540_bs_2009.pdf,0,,,1,2009,https://www.scb.se/contentassets/6ecc86472e7b488a9a430e2c03c50090/uf0540_do_2009.pdf,0,,
UF0541,Personalutbildning i företagen,Statistiska centralbyrån,True,2023-12-19,False,6,"[""scb""]",2,2020,https://www.scb.se/contentassets/f5e8daf93709415d8119d183167c5611/uf0541_kd_2020.pdf,0,,,3,2020,https://www.scb.se/contentassets/f5e8daf93709415d8119d183167c5611/uf0541_staf_2020.pdf,0,,,1,,https://metadata.scb.se/?produkt=UF0541
UF0542,Övergång gymnasieskola - eftergymnasiala utbildningar,Statistiska centralbyrån,True,2026-11-04,True,31,"[""scb""]",10,2025,https://www.scb.se/contentassets/0985197e744846f9919a9f36c648c9e0/uf0542_kd_2025_251106.pdf,5,2015,https://www.scb.se/contentassets/0985197e744846f9919a9f36c648c9e0/uf0542_bs_2015_ht.pdf,9,2025,https://www.scb.se/contentassets/0985197e744846f9919a9f36c648c9e0/uf0542_staf_2025_251106.pdf,6,2016,https://www.scb.se/contentassets/0985197e744846f9919a9f36c648c9e0/uf0542_do_2016_db_170529.pdf,1,,https://metadata.scb.se/?produkt=UF0542
UF0543,Distansutbildning i högskolan,Statistiska centralbyrån,True,2012-09-14,False,2,"[""scb""]",0,,,1,2010,https://www.scb.se/contentassets/6ecc86472e7b488a9a430e2c03c50090/uf0543_bs_2010_141215.pdf,0,,,1,2010,https://www.scb.se/contentassets/6ecc86472e7b488a9a430e2c03c50090/uf0543_do_2010_141215.pdf,0,,
UF0544,Utländska doktorander 2013,Statistiska centralbyrån,True,2013-12-16,False,2,"[""scb""]",0,,,1,2013,https://www.scb.se/contentassets/6ecc86472e7b488a9a430e2c03c50090/uf0544_bs_2013.pdf,0,,,1,2013,https://www.scb.se/contentassets/6ecc86472e7b488a9a430e2c03c50090/uf0544_do_2013_141127.pdf,0,,
UF0546,Den internationella undersökningen av vuxnas färdigheter,Statistiska centralbyrån,True,2026-05-27,True,2,"[""scb""]",0,,,1,2012,https://www.scb.se/contentassets/6948b58c1f534e9595835e0d2be8d82f/uf0546_bs_2012_cl_170817.pdf,0,,,0,,,1,,https://metadata.scb.se/?produkt=UF0546
UF0548,Gymnasial yrkesutbildning,Statistiska centralbyrån,True,2015-11-30,False,2,"[""scb""]",0,,,1,2015,https://www.scb.se/contentassets/6ecc86472e7b488a9a430e2c03c50090/uf0548_bs_2015_151106.pdf,0,,,1,2015,https://www.scb.se/contentassets/6ecc86472e7b488a9a430e2c03c50090/uf0548_do_2015.pdf,0,,
UF0549,Analyser och statistik om befolkningens utbildning,Statistiska centralbyrån,True,2026-04-01,True,26,"[""scb""]",14,2025,https://www.scb.se/contentassets/6ecc86472e7b488a9a430e2c03c50090/uf0549_kd_2025_lasvanor_260401.pdf,0,,,9,2025,https://www.scb.se/contentassets/6ecc86472e7b488a9a430e2c03c50090/uf0549_staf_2025_lasvanor_260401.pdf,2,2015,https://www.scb.se/contentassets/6ecc86472e7b488a9a430e2c03c50090/uf0549_do_2015_pk_170706.pdf,1,,https://metadata.scb.se/?produkt=UF0549
UF0550,Historisk statistik om utbildning,Statistiska centralbyrån,True,2026-01-28,True,3,"[""scb""]",1,2024,https://www.scb.se/contentassets/14b7f53d037d40708e8d23c6119df78a/uf0550_kd_2024_v2_20240424.pdf,0,,,1,2024,https://www.scb.se/contentassets/14b7f53d037d40708e8d23c6119df78a/uf0550_st_2024_v2_20240424.pdf,0,,,1,,https://metadata.scb.se/?produkt=UF0550
UF0551,Lärare utanför yrket,Statistiska centralbyrån,True,2025-04-09,False,7,"[""scb""]",3,2024,https://www.scb.se/contentassets/17e168cb3f9344d780994ef4c8693331/uf0551_kd_20142024_jb_20250404.pdf,0,,,3,2024,https://www.scb.se/contentassets/17e168cb3f9344d780994ef4c8693331/uf0551_staf_20142024_jb_20250404.pdf,0,,,1,,https://metadata.scb.se/?produkt=UF0551
UF0601,Folkhögskolestatistik,Statistiska centralbyrån,True,2026-09-18,True,29,"[""scb""]",16,2026,https://www.scb.se/contentassets/ebec141d794d47a18a2894390b184649/uf0601_kd_2026_vt_260918.pdf,0,,,12,2025,https://www.scb.se/contentassets/ebec141d794d47a18a2894390b184649/uf0601_staf_2025.pdf,0,,,1,,https://metadata.scb.se/?produkt=UF0601
UF0701,Yrkeshögskolan,Statistiska centralbyrån,True,2026-11-20,True,35,"[""scb""]",17,2025,https://www.scb.se/contentassets/7f0ba360765049ee8306358458d021ef/uf0701_kd_2025_v1_260320.pdf,0,,,17,2025,https://www.scb.se/contentassets/7f0ba360765049ee8306358458d021ef/uf0701_staf_2025_v1_260320.pdf,0,,,1,,https://metadata.scb.se/?produkt=UF0701
UF0702,Konst- och kulturutbildningar och vissa andra utbildningar,Statistiska centralbyrån,True,2026-05-21,True,17,"[""scb""]",8,2025,https://www.scb.se/contentassets/af13df7013a24b8c8aec60f832ca25df/uf0702_kd_2025.pdf,0,,,8,2025,https://www.scb.se/contentassets/af13df7013a24b8c8aec60f832ca25df/uf0702_staf_2025.pdf,0,,,1,,https://metadata.scb.se/?produkt=UF0702
UF9999,Utbildning och forskning övrigt,Statistiska centralbyrån,True,2005-11-25,False,0,[],0,,,0,,,0,,,0,,,0,,
XX0000,,,False,,False,1,"[""scb""]",0,,,0,,,0,,,0,,,1,,https://metadata.scb.se/?produkt=XX0000
XX0001,,,False,,False,1,"[""scb""]",0,,,0,,,0,,,0,,,1,,https://metadata.scb.se/?produkt=XX0001
