name,agency,source_url,source_title,href,text,product_code,doc_type,year,filetype,fetched
arbetsmiljoverket,Arbetsmiljöverket,https://www.av.se/arbetsmiljoarbete-och-inspektioner/arbetsmiljostatistik-officiell-arbetsskadestatstik/analysrapporter/,Analysrapporter - Arbetsmiljöverket,https://www.av.se/globalassets/arbetsolycksrisk_faktorer_som_beskriver_skillnad_i_risk_och_forandring_over_tid_analysrapport_2016_1.pdf,"Arbetsolycksrisk – faktorer som beskriver skillnad i risk och förändring över tid, analysrapport 2016:1",,beskrivning av statistiken,2016,pdf,2026-10-05T18:47:07+00:00
arbetsmiljoverket,Arbetsmiljöverket,https://www.av.se/arbetsmiljoarbete-och-inspektioner/arbetsmiljostatistik-officiell-arbetsskadestatstik/arbetsskador-2025/,Arbetsskador 2025 - Arbetsmiljöverket,https://www.av.se/globalassets/filer/statistik/arbetsskador-2025/arbetsmiljostatistik-arbetsskador-2025-kvalitetsdeklaration.pdf,"Kvalitetsdeklaration, Arbetsskador 2025, pdf",,kvalitetsdeklaration,2025,pdf,2026-10-05T18:47:10+00:00
arbetsmiljoverket,Arbetsmiljöverket,https://www.av.se/arbetsmiljoarbete-och-inspektioner/arbetsmiljostatistik-officiell-arbetsskadestatstik/arbetsmiljon-2024/,Arbetsmiljön 2024 - Arbetsmiljöverket,https://www.av.se/globalassets/filer/statistik/arbetsmiljon-2024/arbetsmiljon-2024-kvalitetsdeklaration.pdf,"Kvalitetsdeklaration, pdf",,kvalitetsdeklaration,2024,pdf,2026-10-05T18:47:12+00:00
arbetsmiljoverket,Arbetsmiljöverket,https://www.av.se/arbetsmiljoarbete-och-inspektioner/arbetsmiljostatistik-officiell-arbetsskadestatstik/arbetsorsakade-besvar-2024/,Arbetsorsakade besvär 2024 - Arbetsmiljöverket,https://www.av.se/globalassets/filer/statistik/arbetsorsakade-besvar-2024/arbetsmiljostatistik-arbetsorsakade-besvar-2024-kvalitetsdeklaration.pdf,"Kvalitetsdeklaration, Arbetsorsakade besvär 2024, pdf",,kvalitetsdeklaration,2024,pdf,2026-10-05T18:47:15+00:00
csn,CSN,https://www.csn.se/om-csn/statistik-och-rapporter/officiell-statistik-om-studiestod.html,Officiell statistik om studiestöd - CSN,https://www.csn.se/download/18.79c20e771a011658720118/1788249854784/Kvalitetsdeklaration%20utbetalning%202026-09-02%20ver%201.pdf,"Utbetalning av studiestöd pdf, 311 kB.",,kvalitetsdeklaration,2026,pdf,2026-10-05T18:47:21+00:00
csn,CSN,https://www.csn.se/om-csn/statistik-och-rapporter/officiell-statistik-om-studiestod.html,Officiell statistik om studiestöd - CSN,https://www.csn.se/download/18.49f1c72e1a0a461d022b2f/1790659142971/Kvalitetsdeklaration%20nyttjande%202025%202026-10-01%20v%202.pdf,"Nyttjande av studiestöd pdf, 464 kB.",,kvalitetsdeklaration,2026,pdf,2026-10-05T18:47:21+00:00
csn,CSN,https://www.csn.se/om-csn/statistik-och-rapporter/officiell-statistik-om-studiestod.html,Officiell statistik om studiestöd - CSN,https://www.csn.se/download/18.c63d8f919bd81a66ab185/1770105621702/Kvalitetsdeklaration%20inbetalning%202026-02-04%20ver%201.pdf,"Studieskulder och inbetalning av studiestöd pdf, 274 kB.",,kvalitetsdeklaration,2026,pdf,2026-10-05T18:47:21+00:00
csn,CSN,https://www.csn.se/om-csn/statistik-och-rapporter/officiell-statistik-om-studiestod.html,Officiell statistik om studiestöd - CSN,https://www.csn.se/download/18.79c20e771a011658720119/1788249854838/Statistikens%20framst%C3%A4llning%20utbetalning%202026-09-02%20ver%201.pdf,"Utbetalning av studiestöd pdf, 236 kB.",,statistikens framställning,2026,pdf,2026-10-05T18:47:21+00:00
csn,CSN,https://www.csn.se/om-csn/statistik-och-rapporter/officiell-statistik-om-studiestod.html,Officiell statistik om studiestöd - CSN,https://www.csn.se/download/18.744b4d3219d02ca14d2db3/1786612081493/Statistikens%20framst%C3%A4llning%20nyttjande%202025%202026-08-19%20v%201.pdf,"Nyttjande av studiestöd pdf, 277 kB.",,statistikens framställning,2026,pdf,2026-10-05T18:47:21+00:00
csn,CSN,https://www.csn.se/om-csn/statistik-och-rapporter/officiell-statistik-om-studiestod.html,Officiell statistik om studiestöd - CSN,https://www.csn.se/download/18.c63d8f919bd81a66ab187/1770105621793/Statistikens%20framst%C3%A4llning%20inbetalning%202026-02-04%20ver%201.pdf,"Studieskulder och inbetalning av studiestöd pdf, 242 kB.",,statistikens framställning,2026,pdf,2026-10-05T18:47:21+00:00
csn,CSN,https://www.csn.se/om-csn/statistik-och-rapporter/officiell-statistik-om-studiestod.html,Officiell statistik om studiestöd - CSN,https://www.csn.se/download/18.7c56f38e15ff29ca6414b59/1517286960434/Beskrivning%20av%20statistiken%20f%C3%B6r%20l%C3%A4s%C3%A5ret%202013-14.pdf,"Beskrivning av statistiken för läsåret 2013/14 pdf, 358 kB.",,beskrivning av statistiken,2013,pdf,2026-10-05T18:47:21+00:00
csn,CSN,https://www.csn.se/om-csn/statistik-och-rapporter/officiell-statistik-om-studiestod.html,Officiell statistik om studiestöd - CSN,https://www.csn.se/download/18.7c56f38e15ff29ca6414b5d/1517286960624/Beskrivning-av-statistiken2012-13.pdf,"Beskrivning av statistiken för läsåret 2012/13 pdf, 618 kB.",,beskrivning av statistiken,2012,pdf,2026-10-05T18:47:21+00:00
csn,CSN,https://www.csn.se/om-csn/statistik-och-rapporter/officiell-statistik-om-studiestod.html,Officiell statistik om studiestöd - CSN,https://www.csn.se/download/18.7c56f38e15ff29ca6414b83/1517286961099/beskrivning-av-statistiken-for-lasaret-2009-10.pdf,"Beskrivning av statistiken 2009/10 pdf, 222 kB.",,beskrivning av statistiken,2009,pdf,2026-10-05T18:47:21+00:00
csn,CSN,https://www.csn.se/om-csn/statistik-och-rapporter/officiell-statistik-om-studiestod.html,Officiell statistik om studiestöd - CSN,https://www.csn.se/download/18.7c56f38e15ff29ca6414b8e/1517286961146/Beskrivning-av-statistiken-2008-09.pdf,"Beskrivning av statistiken 2008/09 pdf, 120 kB.",,beskrivning av statistiken,2008,pdf,2026-10-05T18:47:21+00:00
csn,CSN,https://www.csn.se/om-csn/statistik-och-rapporter/officiell-statistik-om-studiestod.html,Officiell statistik om studiestöd - CSN,https://www.csn.se/download/18.7c56f38e15ff29ca6414ba2/1517286961485/beskrivningavstatistiken200607.pdf,"Beskrivning av statistiken 2006/07 pdf, 80 kB.",,beskrivning av statistiken,2006,pdf,2026-10-05T18:47:21+00:00
csn,CSN,https://www.csn.se/om-csn/statistik-och-rapporter/officiell-statistik-om-studiestod.html,Officiell statistik om studiestöd - CSN,https://www.csn.se/download/18.7c56f38e15ff29ca6414bb2/1517286961625/beskrivningavstatistiken200506.pdf,"Beskrivning av statistiken 2005/06 pdf, 122 kB.",,beskrivning av statistiken,2005,pdf,2026-10-05T18:47:21+00:00
csn,CSN,https://www.csn.se/om-csn/statistik-och-rapporter/officiell-statistik-om-studiestod.html,Officiell statistik om studiestöd - CSN,https://www.csn.se/download/18.7c56f38e15ff29ca6414bc3/1517286961708/beskrivningavstatistiken200405.pdf,"Beskrivning av statistiken 2004/05 pdf, 111 kB.",,beskrivning av statistiken,2004,pdf,2026-10-05T18:47:21+00:00
csn,CSN,https://www.csn.se/om-csn/statistik-och-rapporter/officiell-statistik-om-studiestod.html,Officiell statistik om studiestöd - CSN,https://www.csn.se/download/18.7c56f38e15ff29ca6414bcd/1517286959573/beskrivningavstatistiken200304.pdf,"Beskrivning av statistiken 2003/04 pdf, 62 kB.",,beskrivning av statistiken,2003,pdf,2026-10-05T18:47:21+00:00
csn,CSN,https://www.csn.se/om-csn/statistik-och-rapporter/officiell-statistik-om-studiestod.html,Officiell statistik om studiestöd - CSN,https://www.csn.se/download/18.7c56f38e15ff29ca6416099/1517286968026/Beskrivning%20av%20statistiken%202015.pdf,"Beskrivning av statistiken 2015 pdf, 339 kB.",,beskrivning av statistiken,2015,pdf,2026-10-05T18:47:21+00:00
csn,CSN,https://www.csn.se/om-csn/statistik-och-rapporter/officiell-statistik-om-studiestod.html,Officiell statistik om studiestöd - CSN,https://www.csn.se/download/18.7c56f38e15ff29ca64167b0/1517286965977/Beskrivning%20av%20statistiken%202014.pdf,"Beskrivning av statistiken 2014 pdf, 119 kB.",,beskrivning av statistiken,2014,pdf,2026-10-05T18:47:21+00:00
csn,CSN,https://www.csn.se/om-csn/statistik-och-rapporter/officiell-statistik-om-studiestod.html,Officiell statistik om studiestöd - CSN,https://www.csn.se/download/18.7c56f38e15ff29ca6416dd5/1517286961985/beskrivning-av-statistiken-2013.pdf,"Beskrivning av statistiken 2013 pdf, 113 kB.",,beskrivning av statistiken,2013,pdf,2026-10-05T18:47:21+00:00
csn,CSN,https://www.csn.se/om-csn/statistik-och-rapporter/officiell-statistik-om-studiestod.html,Officiell statistik om studiestöd - CSN,https://www.csn.se/download/18.5cbdf5701604514347b36/1517286963183/beskrivning-av-statistiken-2010.pdf,"Beskrivning av statistik 2010 pdf, 34 kB.",,beskrivning av statistiken,2010,pdf,2026-10-05T18:47:21+00:00
csn,CSN,https://www.csn.se/om-csn/statistik-och-rapporter/officiell-statistik-om-studiestod.html,Officiell statistik om studiestöd - CSN,https://www.csn.se/download/18.5cbdf5701604514347b3f/1517286963369/beskrivning-av-statistiken-2009.pdf,"Beskrivning av statistik 2009 pdf, 48 kB.",,beskrivning av statistiken,2009,pdf,2026-10-05T18:47:21+00:00
csn,CSN,https://www.csn.se/om-csn/statistik-och-rapporter/officiell-statistik-om-studiestod.html,Officiell statistik om studiestöd - CSN,https://www.csn.se/download/18.5cbdf5701604514347b49/1517286963408/Beskrivning-av-statistiken-2008.pdf,"Beskrivning av statistik 2008 pdf, 137 kB.",,beskrivning av statistiken,2008,pdf,2026-10-05T18:47:21+00:00
energimyndigheten,Energimyndigheten,https://www.energimyndigheten.se/statistik/officiell-energistatistik/energibalanser/arlig-energibalans/?currentTab=3,Årlig energibalans,https://www.energimyndigheten.se/4abd39/globalassets/statistik/officiell-statistik/statistikprodukter/arlig-energibalans/bas/en0202_kvalitetsdeklaration_2024.pdf,Kvalitetsdeklaration 2024 årliga energibalanser (pdf),EN0202,kvalitetsdeklaration,2024,pdf,2026-10-05T18:46:29+00:00
energimyndigheten,Energimyndigheten,https://www.energimyndigheten.se/statistik/officiell-energistatistik/energibalanser/arlig-energibalans/?currentTab=3,Årlig energibalans,https://www.energimyndigheten.se/4ac2c2/globalassets/statistik/officiell-statistik/statistikprodukter/arlig-energibalans/bas/en0202_kvalitetsdeklaration_2023.pdf,Kvalitetsdeklaration 2023 årliga energibalanser (pdf),EN0202,kvalitetsdeklaration,2023,pdf,2026-10-05T18:46:29+00:00
energimyndigheten,Energimyndigheten,https://www.energimyndigheten.se/statistik/officiell-energistatistik/energibalanser/arlig-energibalans/?currentTab=3,Årlig energibalans,https://www.energimyndigheten.se/4ac2c2/globalassets/statistik/officiell-statistik/statistikprodukter/arlig-energibalans/bas/en0202_kvalitetsdeklaration_2022.pdf,Kvalitetsdeklaration 2022 årliga energibalanser (pdf),EN0202,kvalitetsdeklaration,2022,pdf,2026-10-05T18:46:29+00:00
energimyndigheten,Energimyndigheten,https://www.energimyndigheten.se/statistik/officiell-energistatistik/energibalanser/arlig-energibalans/?currentTab=3,Årlig energibalans,https://www.energimyndigheten.se/4afc23/globalassets/statistik/officiell-statistik/statistikprodukter/arlig-energibalans/bas/en0202_kvalitetsdeklaration_2021.pdf,Kvalitetsdeklaration 2021 årliga energibalanser (pdf),EN0202,kvalitetsdeklaration,2021,pdf,2026-10-05T18:46:29+00:00
energimyndigheten,Energimyndigheten,https://www.energimyndigheten.se/statistik/officiell-energistatistik/energibalanser/arlig-energibalans/?currentTab=3,Årlig energibalans,https://www.energimyndigheten.se/4af1c7/globalassets/statistik/officiell-statistik/statistikprodukter/arlig-energibalans/bas/en0202_kvalitetsdeklaration_2020.pdf,Kvalitetsdeklaration 2020 årliga energibalanser (pdf),EN0202,kvalitetsdeklaration,2020,pdf,2026-10-05T18:46:29+00:00
energimyndigheten,Energimyndigheten,https://www.energimyndigheten.se/statistik/officiell-energistatistik/energibalanser/arlig-energibalans/?currentTab=3,Årlig energibalans,https://www.energimyndigheten.se/4af885/globalassets/statistik/officiell-statistik/statistikprodukter/arlig-energibalans/bas/en0202_kvalitetsdeklaration_2019_rev.pdf,Kvalitetsdeklaration 2019 årliga energibalanser (pdf),EN0202,kvalitetsdeklaration,2019,pdf,2026-10-05T18:46:29+00:00
energimyndigheten,Energimyndigheten,https://www.energimyndigheten.se/statistik/officiell-energistatistik/energibalanser/arlig-energibalans/?currentTab=3,Årlig energibalans,https://www.energimyndigheten.se/4a1f6c/globalassets/statistik/officiell-statistik/statistikprodukter/arlig-energibalans/bas/en0202_kvalitetsdeklaration_2018.pdf,Kvalitetsdeklaration 2018 årliga energibalanser (pdf),EN0202,kvalitetsdeklaration,2018,pdf,2026-10-05T18:46:29+00:00
energimyndigheten,Energimyndigheten,https://www.energimyndigheten.se/statistik/officiell-energistatistik/energibalanser/arlig-energibalans/?currentTab=3,Årlig energibalans,https://www.energimyndigheten.se/4a4110/globalassets/statistik/officiell-statistik/statistikprodukter/arlig-energibalans/bas/en0202_kvalitetsdeklaration_2017.pdf,Kvalitetsdeklaration 2017 årliga energibalanser (pdf),EN0202,kvalitetsdeklaration,2017,pdf,2026-10-05T18:46:29+00:00
energimyndigheten,Energimyndigheten,https://www.energimyndigheten.se/statistik/officiell-energistatistik/energibalanser/arlig-energibalans/?currentTab=3,Årlig energibalans,https://www.energimyndigheten.se/4a56cd/globalassets/statistik/officiell-statistik/statistikprodukter/arlig-energibalans/bas/en0202_kvalitetsdeklaration_2016.pdf,Kvalitetsdeklaration 2016 årliga energibalanser (pdf),EN0202,kvalitetsdeklaration,2016,pdf,2026-10-05T18:46:29+00:00
energimyndigheten,Energimyndigheten,https://www.energimyndigheten.se/statistik/officiell-energistatistik/energibalanser/arlig-energibalans/?currentTab=3,Årlig energibalans,https://www.energimyndigheten.se/4a56ed/globalassets/statistik/officiell-statistik/statistikprodukter/arlig-energibalans/bas/en0202_bs_2015.pdf,Kvalitetsdeklaration 2015 årliga energibalanser (pdf),EN0202,beskrivning av statistiken,2015,pdf,2026-10-05T18:46:29+00:00
energimyndigheten,Energimyndigheten,https://www.energimyndigheten.se/statistik/officiell-energistatistik/energibalanser/arlig-energibalans/?currentTab=3,Årlig energibalans,https://www.energimyndigheten.se/4a5720/globalassets/statistik/officiell-statistik/statistikprodukter/arlig-energibalans/bas/en0202_bs_2014.pdf,Kvalitetsdeklaration 2014 årliga energibalanser (pdf),EN0202,beskrivning av statistiken,2014,pdf,2026-10-05T18:46:29+00:00
energimyndigheten,Energimyndigheten,https://www.energimyndigheten.se/statistik/officiell-energistatistik/energibalanser/arlig-energibalans/?currentTab=3,Årlig energibalans,https://www.energimyndigheten.se/4a578a/globalassets/statistik/officiell-statistik/statistikprodukter/arlig-energibalans/bas/en0202_bs_2013.pdf,Kvalitetsdeklaration 2013 årliga energibalanser (pdf),EN0202,beskrivning av statistiken,2013,pdf,2026-10-05T18:46:29+00:00
energimyndigheten,Energimyndigheten,https://www.energimyndigheten.se/statistik/officiell-energistatistik/energibalanser/arlig-energibalans/?currentTab=3,Årlig energibalans,https://www.energimyndigheten.se/4a57b4/globalassets/statistik/officiell-statistik/statistikprodukter/arlig-energibalans/bas/en0202_bs_2012.pdf,Kvalitetsdeklaration 2012 årliga energibalanser (pdf),EN0202,beskrivning av statistiken,2012,pdf,2026-10-05T18:46:29+00:00
energimyndigheten,Energimyndigheten,https://www.energimyndigheten.se/statistik/officiell-energistatistik/energibalanser/kvartalsvis-energibalans/?currentTab=3,Kvartalsvis energibalans,https://www.energimyndigheten.se/4a2a27/globalassets/statistik/officiell-statistik/statistikprodukter/kvartalsvis-energibalans/en0201_kd_2019.pdf,2019 (pdf),EN0201,kvalitetsdeklaration,2019,pdf,2026-10-05T18:46:31+00:00
energimyndigheten,Energimyndigheten,https://www.energimyndigheten.se/statistik/officiell-energistatistik/energibalanser/kvartalsvis-energibalans/?currentTab=3,Kvartalsvis energibalans,https://www.energimyndigheten.se/4a3321/globalassets/statistik/officiell-statistik/statistikprodukter/kvartalsvis-energibalans/en0201_kd_2018.pdf,2018 (pdf),EN0201,kvalitetsdeklaration,2018,pdf,2026-10-05T18:46:31+00:00
energimyndigheten,Energimyndigheten,https://www.energimyndigheten.se/statistik/officiell-energistatistik/tillforsel-och-anvandning/energianvandningen-inom-byggsektorn/?currentTab=3,Energianvändningen inom byggsektorn,https://www.energimyndigheten.se/49cfb4/globalassets/statistik/officiell-statistik/statistikprodukter/byggsektorns-energianvandning/kvalitetsdeklaration-2023.pdf,Kvalitetsdeklaration 2023 (pdf),,kvalitetsdeklaration,2023,pdf,2026-10-05T18:46:34+00:00
energimyndigheten,Energimyndigheten,https://www.energimyndigheten.se/statistik/officiell-energistatistik/tillforsel-och-anvandning/energianvandningen-inom-byggsektorn/?currentTab=3,Energianvändningen inom byggsektorn,https://www.energimyndigheten.se/49cfc3/globalassets/statistik/officiell-statistik/statistikprodukter/byggsektorns-energianvandning/statistikens-framstallning-2023.pdf,Statistikens framställning 2023 (pdf),,statistikens framställning,2023,pdf,2026-10-05T18:46:34+00:00
energimyndigheten,Energimyndigheten,https://www.energimyndigheten.se/statistik/officiell-energistatistik/tillforsel-och-anvandning/energianvandningen-inom-fiskesektorn/?currentTab=3,Energianvändningen inom fiskesektorn,https://www.energimyndigheten.se/4a5169/globalassets/statistik/officiell-statistik/statistikprodukter/fiskesektorns-energianvandning/en0115_kd_2022_slutlig.pdf,Kvalitetsdeklaration 2022 (pdf),EN0115,kvalitetsdeklaration,2022,pdf,2026-10-05T18:46:37+00:00
energimyndigheten,Energimyndigheten,https://www.energimyndigheten.se/statistik/officiell-energistatistik/tillforsel-och-anvandning/energianvandningen-inom-fiskesektorn/?currentTab=3,Energianvändningen inom fiskesektorn,https://www.energimyndigheten.se/4a5b82/globalassets/statistik/officiell-statistik/statistikprodukter/fiskesektorns-energianvandning/kvalitetsdeklaration-energianvandningen-i-fiskesektorn.pdf,Kvalitetsdeklaration 2017 (pdf),,kvalitetsdeklaration,2017,pdf,2026-10-05T18:46:37+00:00
energimyndigheten,Energimyndigheten,https://www.energimyndigheten.se/statistik/officiell-energistatistik/tillforsel-och-anvandning/energianvandningen-inom-fiskesektorn/?currentTab=3,Energianvändningen inom fiskesektorn,https://www.energimyndigheten.se/4a5169/globalassets/statistik/officiell-statistik/statistikprodukter/fiskesektorns-energianvandning/en0115_staf_2022_slutlig.pdf,Statistikens framställning 2022 (pdf),EN0115,statistikens framställning,2022,pdf,2026-10-05T18:46:37+00:00
energimyndigheten,Energimyndigheten,https://www.energimyndigheten.se/statistik/officiell-energistatistik/tillforsel-och-anvandning/energianvandningen-inom-fiskesektorn/?currentTab=3,Energianvändningen inom fiskesektorn,https://www.energimyndigheten.se/49bcd9/globalassets/statistik/officiell-statistik/statistikprodukter/fiskesektorns-energianvandning/en0115_staf_2017_hr_190116.pdf,Statistikens framställning 2017 (pdf),EN0115,statistikens framställning,2017,pdf,2026-10-05T18:46:37+00:00
energimyndigheten,Energimyndigheten,https://www.energimyndigheten.se/statistik/officiell-energistatistik/tillforsel-och-anvandning/energianvandningen-inom-jordbruket/?currentTab=3,Energianvändningen inom jordbruket,https://www.energimyndigheten.se/4a475a/globalassets/statistik/officiell-statistik/statistikprodukter/jordbrukets-energianvandning/en0119_-kd_ar_2024_v2.pdf,2024 (pdf),EN0119,kvalitetsdeklaration,2024,pdf,2026-10-05T18:46:39+00:00
energimyndigheten,Energimyndigheten,https://www.energimyndigheten.se/statistik/officiell-energistatistik/tillforsel-och-anvandning/energianvandningen-inom-jordbruket/?currentTab=3,Energianvändningen inom jordbruket,https://www.energimyndigheten.se/4ac6d2/globalassets/statistik/officiell-statistik/statistikprodukter/jordbrukets-energianvandning/en0119_-kd_2021.pdf,2021 (pdf),EN0119,kvalitetsdeklaration,2021,pdf,2026-10-05T18:46:39+00:00
energimyndigheten,Energimyndigheten,https://www.energimyndigheten.se/statistik/officiell-energistatistik/tillforsel-och-anvandning/energianvandningen-inom-jordbruket/?currentTab=3,Energianvändningen inom jordbruket,https://www.energimyndigheten.se/4a1e1b/globalassets/statistik/officiell-statistik/statistikprodukter/jordbrukets-energianvandning/en0119_-kd_2018.pdf,2018 (pdf),EN0119,kvalitetsdeklaration,2018,pdf,2026-10-05T18:46:39+00:00
energimyndigheten,Energimyndigheten,https://www.energimyndigheten.se/statistik/officiell-energistatistik/tillforsel-och-anvandning/energianvandningen-inom-jordbruket/?currentTab=3,Energianvändningen inom jordbruket,https://www.energimyndigheten.se/4a4661/globalassets/statistik/officiell-statistik/statistikprodukter/jordbrukets-energianvandning/en0119_staf_2024_ar_v2.pdf,2024 (pdf),EN0119,statistikens framställning,2024,pdf,2026-10-05T18:46:39+00:00
energimyndigheten,Energimyndigheten,https://www.energimyndigheten.se/statistik/officiell-energistatistik/tillforsel-och-anvandning/energianvandningen-inom-jordbruket/?currentTab=3,Energianvändningen inom jordbruket,https://www.energimyndigheten.se/4ac6d2/globalassets/statistik/officiell-statistik/statistikprodukter/jordbrukets-energianvandning/en0119_staf_2021.pdf,2021 (pdf),EN0119,statistikens framställning,2021,pdf,2026-10-05T18:46:39+00:00
energimyndigheten,Energimyndigheten,https://www.energimyndigheten.se/statistik/officiell-energistatistik/tillforsel-och-anvandning/energianvandningen-inom-jordbruket/?currentTab=3,Energianvändningen inom jordbruket,https://www.energimyndigheten.se/4a24b4/globalassets/statistik/officiell-statistik/statistikprodukter/jordbrukets-energianvandning/en0119_staf_2018.pdf,2018 (pdf),EN0119,statistikens framställning,2018,pdf,2026-10-05T18:46:39+00:00
energimyndigheten,Energimyndigheten,https://www.energimyndigheten.se/statistik/officiell-energistatistik/tillforsel-och-anvandning/energianvandningen-inom-skogsbruket/?currentTab=3,Energianvändningen inom skogsbruket,https://www.energimyndigheten.se/4ab9bf/globalassets/statistik/officiell-statistik/statistikprodukter/energianvandningen-inom-skogsbruk/kvalitetsdeklaration_en0116_2005_2024.pdf,2005-2024 (pdf),EN0116,kvalitetsdeklaration,2024,pdf,2026-10-05T18:46:42+00:00
energimyndigheten,Energimyndigheten,https://www.energimyndigheten.se/statistik/officiell-energistatistik/tillforsel-och-anvandning/energistatistik-for-flerbostadshus/?currentTab=3,Energistatistik för flerbostadshus,https://www.energimyndigheten.se/49ccbc/globalassets/statistik/officiell-statistik/statistikprodukter/energistatistik-i-flerbostadshus/bas/en0101-kvalitetsdeklaration-2025.pdf,2025 (pdf),EN0101,kvalitetsdeklaration,2025,pdf,2026-10-05T18:46:44+00:00
energimyndigheten,Energimyndigheten,https://www.energimyndigheten.se/statistik/officiell-energistatistik/tillforsel-och-anvandning/energistatistik-for-flerbostadshus/?currentTab=3,Energistatistik för flerbostadshus,https://www.energimyndigheten.se/4aadce/globalassets/statistik/officiell-statistik/statistikprodukter/energistatistik-i-flerbostadshus/bas/fbh_2024_kvalitetsdeklaration_slut.docx,2024 (pdf),,kvalitetsdeklaration,2024,docx,2026-10-05T18:46:44+00:00
energimyndigheten,Energimyndigheten,https://www.energimyndigheten.se/statistik/officiell-energistatistik/tillforsel-och-anvandning/energistatistik-for-flerbostadshus/?currentTab=3,Energistatistik för flerbostadshus,https://www.energimyndigheten.se/49d284/globalassets/statistik/officiell-statistik/statistikprodukter/energistatistik-i-flerbostadshus/bas/fbh_kvalitetsdeklaration_2023_slut.docx,2023 (pdf),,kvalitetsdeklaration,2023,docx,2026-10-05T18:46:44+00:00
energimyndigheten,Energimyndigheten,https://www.energimyndigheten.se/statistik/officiell-energistatistik/tillforsel-och-anvandning/energistatistik-for-flerbostadshus/?currentTab=3,Energistatistik för flerbostadshus,https://www.energimyndigheten.se/499ce6/globalassets/statistik/officiell-statistik/statistikprodukter/energistatistik-i-flerbostadshus/bas/rapport_03v01_fbh2021_kvalitetsdeklaration.pdf,2021 (pdf),,kvalitetsdeklaration,2021,pdf,2026-10-05T18:46:44+00:00
energimyndigheten,Energimyndigheten,https://www.energimyndigheten.se/statistik/officiell-energistatistik/tillforsel-och-anvandning/energistatistik-for-flerbostadshus/?currentTab=3,Energistatistik för flerbostadshus,https://www.energimyndigheten.se/49a0ff/globalassets/statistik/officiell-statistik/statistikprodukter/energistatistik-i-flerbostadshus/bas/rapport_03v02_fbh2020_kvalitetsdeklaration.pdf,2020 (pdf),,kvalitetsdeklaration,2020,pdf,2026-10-05T18:46:44+00:00
energimyndigheten,Energimyndigheten,https://www.energimyndigheten.se/statistik/officiell-energistatistik/tillforsel-och-anvandning/energistatistik-for-flerbostadshus/?currentTab=3,Energistatistik för flerbostadshus,https://www.energimyndigheten.se/4a962b/globalassets/statistik/officiell-statistik/statistikprodukter/energistatistik-i-flerbostadshus/bas/rapport_03v01_fbh_2019_kvalitetsdeklaration.pdf,2019 (pdf),,kvalitetsdeklaration,2019,pdf,2026-10-05T18:46:44+00:00
energimyndigheten,Energimyndigheten,https://www.energimyndigheten.se/statistik/officiell-energistatistik/tillforsel-och-anvandning/energistatistik-for-flerbostadshus/?currentTab=3,Energistatistik för flerbostadshus,https://www.energimyndigheten.se/4a20f0/globalassets/statistik/officiell-statistik/statistikprodukter/energistatistik-i-flerbostadshus/bas/kd-flerbostadshus-2018.pdf,2018 (pdf),,kvalitetsdeklaration,2018,pdf,2026-10-05T18:46:44+00:00
energimyndigheten,Energimyndigheten,https://www.energimyndigheten.se/statistik/officiell-energistatistik/tillforsel-och-anvandning/energistatistik-for-flerbostadshus/?currentTab=3,Energistatistik för flerbostadshus,https://www.energimyndigheten.se/4a48a4/globalassets/statistik/officiell-statistik/statistikprodukter/energistatistik-i-flerbostadshus/bas/kd-flerbostadshus-2017.pdf,2017 (pdf),,kvalitetsdeklaration,2017,pdf,2026-10-05T18:46:44+00:00
energimyndigheten,Energimyndigheten,https://www.energimyndigheten.se/statistik/officiell-energistatistik/tillforsel-och-anvandning/energistatistik-for-flerbostadshus/?currentTab=3,Energistatistik för flerbostadshus,https://www.energimyndigheten.se/4a4649/globalassets/statistik/officiell-statistik/statistikprodukter/energistatistik-i-flerbostadshus/bas/kd-flerbostadshus-2016.pdf,2016 (pdf),,kvalitetsdeklaration,2016,pdf,2026-10-05T18:46:44+00:00
energimyndigheten,Energimyndigheten,https://www.energimyndigheten.se/statistik/officiell-energistatistik/tillforsel-och-anvandning/energistatistik-for-flerbostadshus/?currentTab=3,Energistatistik för flerbostadshus,https://www.energimyndigheten.se/4a4857/globalassets/statistik/officiell-statistik/statistikprodukter/energistatistik-i-flerbostadshus/bas/bas-flerbostadshus-2015.pdf,2015 (pdf),,beskrivning av statistiken,2015,pdf,2026-10-05T18:46:44+00:00
energimyndigheten,Energimyndigheten,https://www.energimyndigheten.se/statistik/officiell-energistatistik/tillforsel-och-anvandning/energistatistik-for-flerbostadshus/?currentTab=3,Energistatistik för flerbostadshus,https://www.energimyndigheten.se/4a586f/globalassets/statistik/officiell-statistik/statistikprodukter/energistatistik-i-flerbostadshus/bas/energistatistik-for-flerbostadshus-2014-bas.pdf,2014 (pdf),,beskrivning av statistiken,2014,pdf,2026-10-05T18:46:44+00:00
energimyndigheten,Energimyndigheten,https://www.energimyndigheten.se/statistik/officiell-energistatistik/tillforsel-och-anvandning/energistatistik-for-flerbostadshus/?currentTab=3,Energistatistik för flerbostadshus,https://www.energimyndigheten.se/4a4919/globalassets/statistik/officiell-statistik/statistikprodukter/energistatistik-i-flerbostadshus/bas/bas-flerbostadshus-2012.pdf,2012 (pdf),,beskrivning av statistiken,2012,pdf,2026-10-05T18:46:44+00:00
energimyndigheten,Energimyndigheten,https://www.energimyndigheten.se/statistik/officiell-energistatistik/tillforsel-och-anvandning/energistatistik-for-flerbostadshus/?currentTab=3,Energistatistik för flerbostadshus,https://www.energimyndigheten.se/4a48f5/globalassets/statistik/officiell-statistik/statistikprodukter/energistatistik-i-flerbostadshus/bas/bas-flerbostadshus-2011.pdf,2011 (pdf),,beskrivning av statistiken,2011,pdf,2026-10-05T18:46:44+00:00
energimyndigheten,Energimyndigheten,https://www.energimyndigheten.se/statistik/officiell-energistatistik/tillforsel-och-anvandning/energistatistik-for-flerbostadshus/?currentTab=3,Energistatistik för flerbostadshus,https://www.energimyndigheten.se/4a45a1/globalassets/statistik/officiell-statistik/statistikprodukter/energistatistik-i-flerbostadshus/bas/bas-flerbostadshus-2010.pdf,2010 (pdf),,beskrivning av statistiken,2010,pdf,2026-10-05T18:46:44+00:00
energimyndigheten,Energimyndigheten,https://www.energimyndigheten.se/statistik/officiell-energistatistik/tillforsel-och-anvandning/energistatistik-for-flerbostadshus/?currentTab=3,Energistatistik för flerbostadshus,https://www.energimyndigheten.se/4a4678/globalassets/statistik/officiell-statistik/statistikprodukter/energistatistik-i-flerbostadshus/bas/bas-flerbostadshus-2009.pdf,2009 (pdf),,beskrivning av statistiken,2009,pdf,2026-10-05T18:46:44+00:00
energimyndigheten,Energimyndigheten,https://www.energimyndigheten.se/statistik/officiell-energistatistik/tillforsel-och-anvandning/energistatistik-for-fritidshus/?currentTab=3,Energistatistik för fritidshus,https://www.energimyndigheten.se/4a865b/globalassets/statistik/officiell-statistik/statistikprodukter/energistatistik-for-fritidshus/kvalitetsdeklaration-2023_v2.pdf,2023 (pdf),,kvalitetsdeklaration,2023,pdf,2026-10-05T18:46:47+00:00
energimyndigheten,Energimyndigheten,https://www.energimyndigheten.se/statistik/officiell-energistatistik/tillforsel-och-anvandning/energistatistik-for-lokaler/?currentTab=3,Energistatistik för lokaler,https://www.energimyndigheten.se/4a5539/globalassets/statistik/officiell-statistik/statistikprodukter/energistatistik-i-lokaler/bas/en0103-kvalitetsdeklaration-2025.pdf,2025 (pdf),EN0103,kvalitetsdeklaration,2025,pdf,2026-10-05T18:46:49+00:00
energimyndigheten,Energimyndigheten,https://www.energimyndigheten.se/statistik/officiell-energistatistik/tillforsel-och-anvandning/energistatistik-for-lokaler/?currentTab=3,Energistatistik för lokaler,https://www.energimyndigheten.se/4a865c/globalassets/statistik/officiell-statistik/statistikprodukter/energistatistik-i-lokaler/bas/lok_kvalitetsdeklaration_2024.docx,2024 (pdf),,kvalitetsdeklaration,2024,docx,2026-10-05T18:46:49+00:00
energimyndigheten,Energimyndigheten,https://www.energimyndigheten.se/statistik/officiell-energistatistik/tillforsel-och-anvandning/energistatistik-for-lokaler/?currentTab=3,Energistatistik för lokaler,https://www.energimyndigheten.se/49d2a6/globalassets/statistik/officiell-statistik/statistikprodukter/energistatistik-i-lokaler/bas/lok_kvalitetsdeklaration_2023_slut.docx,2023 (pdf),,kvalitetsdeklaration,2023,docx,2026-10-05T18:46:49+00:00
energimyndigheten,Energimyndigheten,https://www.energimyndigheten.se/statistik/officiell-energistatistik/tillforsel-och-anvandning/energistatistik-for-lokaler/?currentTab=3,Energistatistik för lokaler,https://www.energimyndigheten.se/499cfa/globalassets/statistik/officiell-statistik/statistikprodukter/energistatistik-i-lokaler/bas/rapport_03v01_lok2021_kvalitetsdeklaration.pdf,2021 (pdf),,kvalitetsdeklaration,2021,pdf,2026-10-05T18:46:49+00:00
energimyndigheten,Energimyndigheten,https://www.energimyndigheten.se/statistik/officiell-energistatistik/tillforsel-och-anvandning/energistatistik-for-lokaler/?currentTab=3,Energistatistik för lokaler,https://www.energimyndigheten.se/49a102/globalassets/statistik/officiell-statistik/statistikprodukter/energistatistik-i-lokaler/bas/rapport_03v02_kvalitetsdeklaration_lok2020.pdf,2020 (pdf),,kvalitetsdeklaration,2020,pdf,2026-10-05T18:46:49+00:00
energimyndigheten,Energimyndigheten,https://www.energimyndigheten.se/statistik/officiell-energistatistik/tillforsel-och-anvandning/energistatistik-for-lokaler/?currentTab=3,Energistatistik för lokaler,https://www.energimyndigheten.se/4a9632/globalassets/statistik/officiell-statistik/statistikprodukter/energistatistik-i-lokaler/bas/rapport_03v01_lok2019_kvalitetsdeklaration.pdf,2019 (pdf),,kvalitetsdeklaration,2019,pdf,2026-10-05T18:46:49+00:00
energimyndigheten,Energimyndigheten,https://www.energimyndigheten.se/statistik/officiell-energistatistik/tillforsel-och-anvandning/energistatistik-for-lokaler/?currentTab=3,Energistatistik för lokaler,https://www.energimyndigheten.se/4a2154/globalassets/statistik/officiell-statistik/statistikprodukter/energistatistik-i-lokaler/bas/kd-lokaler-2018.pdf,2018 (pdf),,kvalitetsdeklaration,2018,pdf,2026-10-05T18:46:49+00:00
energimyndigheten,Energimyndigheten,https://www.energimyndigheten.se/statistik/officiell-energistatistik/tillforsel-och-anvandning/energistatistik-for-lokaler/?currentTab=3,Energistatistik för lokaler,https://www.energimyndigheten.se/4a45d9/globalassets/statistik/officiell-statistik/statistikprodukter/energistatistik-i-lokaler/bas/kd-lokaler-2017.pdf,2017 (pdf),,kvalitetsdeklaration,2017,pdf,2026-10-05T18:46:49+00:00
energimyndigheten,Energimyndigheten,https://www.energimyndigheten.se/statistik/officiell-energistatistik/tillforsel-och-anvandning/energistatistik-for-lokaler/?currentTab=3,Energistatistik för lokaler,https://www.energimyndigheten.se/4a4675/globalassets/statistik/officiell-statistik/statistikprodukter/energistatistik-i-lokaler/bas/kd-lokaler-2016.pdf,2016 (pdf),,kvalitetsdeklaration,2016,pdf,2026-10-05T18:46:49+00:00
energimyndigheten,Energimyndigheten,https://www.energimyndigheten.se/statistik/officiell-energistatistik/tillforsel-och-anvandning/energistatistik-for-lokaler/?currentTab=3,Energistatistik för lokaler,https://www.energimyndigheten.se/4a4569/globalassets/statistik/officiell-statistik/statistikprodukter/energistatistik-i-lokaler/bas/bas-lokaler-2015.pdf,2015 (pdf),,beskrivning av statistiken,2015,pdf,2026-10-05T18:46:49+00:00
energimyndigheten,Energimyndigheten,https://www.energimyndigheten.se/statistik/officiell-energistatistik/tillforsel-och-anvandning/energistatistik-for-lokaler/?currentTab=3,Energistatistik för lokaler,https://www.energimyndigheten.se/4a5656/globalassets/statistik/officiell-statistik/statistikprodukter/energistatistik-i-lokaler/bas/bas-lokaler-2014.pdf,2014 (pdf),,beskrivning av statistiken,2014,pdf,2026-10-05T18:46:49+00:00
energimyndigheten,Energimyndigheten,https://www.energimyndigheten.se/statistik/officiell-energistatistik/tillforsel-och-anvandning/energistatistik-for-lokaler/?currentTab=3,Energistatistik för lokaler,https://www.energimyndigheten.se/4a47bd/globalassets/statistik/officiell-statistik/statistikprodukter/energistatistik-i-lokaler/bas/bas-lokaler-2013.pdf,2013 (pdf),,beskrivning av statistiken,2013,pdf,2026-10-05T18:46:49+00:00
energimyndigheten,Energimyndigheten,https://www.energimyndigheten.se/statistik/officiell-energistatistik/tillforsel-och-anvandning/energistatistik-for-lokaler/?currentTab=3,Energistatistik för lokaler,https://www.energimyndigheten.se/4a4707/globalassets/statistik/officiell-statistik/statistikprodukter/energistatistik-i-lokaler/bas/bas-lokaler-2012.pdf,2012 (pdf),,beskrivning av statistiken,2012,pdf,2026-10-05T18:46:49+00:00
energimyndigheten,Energimyndigheten,https://www.energimyndigheten.se/statistik/officiell-energistatistik/tillforsel-och-anvandning/energistatistik-for-lokaler/?currentTab=3,Energistatistik för lokaler,https://www.energimyndigheten.se/4a46c0/globalassets/statistik/officiell-statistik/statistikprodukter/energistatistik-i-lokaler/bas/bas-lokaler-2011.pdf,2011 (pdf),,beskrivning av statistiken,2011,pdf,2026-10-05T18:46:49+00:00
energimyndigheten,Energimyndigheten,https://www.energimyndigheten.se/statistik/officiell-energistatistik/tillforsel-och-anvandning/energistatistik-for-lokaler/?currentTab=3,Energistatistik för lokaler,https://www.energimyndigheten.se/4a49c9/globalassets/statistik/officiell-statistik/statistikprodukter/energistatistik-i-lokaler/bas/bas-lokaler-2010.pdf,2010 (pdf),,beskrivning av statistiken,2010,pdf,2026-10-05T18:46:49+00:00
energimyndigheten,Energimyndigheten,https://www.energimyndigheten.se/statistik/officiell-energistatistik/tillforsel-och-anvandning/energistatistik-for-lokaler/?currentTab=3,Energistatistik för lokaler,https://www.energimyndigheten.se/4a4a0a/globalassets/statistik/officiell-statistik/statistikprodukter/energistatistik-i-lokaler/bas/bas-lokaler-2009.pdf,2009 (pdf),,beskrivning av statistiken,2009,pdf,2026-10-05T18:46:49+00:00
energimyndigheten,Energimyndigheten,https://www.energimyndigheten.se/statistik/officiell-energistatistik/tillforsel-och-anvandning/energistatistik-for-smahus/?currentTab=3,Energistatistik för småhus,https://www.energimyndigheten.se/49cdec/globalassets/statistik/officiell-statistik/statistikprodukter/energistatistik-i-smahus/bas/smh_kvalitetsdeklaration_2024.docx,2024 (pdf),,kvalitetsdeklaration,2024,docx,2026-10-05T18:46:52+00:00
energimyndigheten,Energimyndigheten,https://www.energimyndigheten.se/statistik/officiell-energistatistik/tillforsel-och-anvandning/energistatistik-for-smahus/?currentTab=3,Energistatistik för småhus,https://www.energimyndigheten.se/49d2c4/globalassets/statistik/officiell-statistik/statistikprodukter/energistatistik-i-smahus/bas/smh_kvalitetsdeklaration_2023_slut.docx,2023 (pdf),,kvalitetsdeklaration,2023,docx,2026-10-05T18:46:52+00:00
energimyndigheten,Energimyndigheten,https://www.energimyndigheten.se/statistik/officiell-energistatistik/tillforsel-och-anvandning/energistatistik-for-smahus/?currentTab=3,Energistatistik för småhus,https://www.energimyndigheten.se/499cf0/globalassets/statistik/officiell-statistik/statistikprodukter/energistatistik-i-smahus/bas/rapport_02v01_smh2021_kvalitetsdeklaration.pdf,2021 (pdf),,kvalitetsdeklaration,2021,pdf,2026-10-05T18:46:52+00:00
energimyndigheten,Energimyndigheten,https://www.energimyndigheten.se/statistik/officiell-energistatistik/tillforsel-och-anvandning/energistatistik-for-smahus/?currentTab=3,Energistatistik för småhus,https://www.energimyndigheten.se/499bc6/globalassets/statistik/officiell-statistik/statistikprodukter/energistatistik-i-smahus/bas/rapport_02v01_smh2020_kvalitetsdeklaration.pdf,2020 (pdf),,kvalitetsdeklaration,2020,pdf,2026-10-05T18:46:52+00:00
energimyndigheten,Energimyndigheten,https://www.energimyndigheten.se/statistik/officiell-energistatistik/tillforsel-och-anvandning/energistatistik-for-smahus/?currentTab=3,Energistatistik för småhus,https://www.energimyndigheten.se/4a9664/globalassets/statistik/officiell-statistik/statistikprodukter/energistatistik-i-smahus/bas/rapport_02v01_smh2019_kvalitetsdeklaration.pdf,2019 (pdf),,kvalitetsdeklaration,2019,pdf,2026-10-05T18:46:52+00:00
energimyndigheten,Energimyndigheten,https://www.energimyndigheten.se/statistik/officiell-energistatistik/tillforsel-och-anvandning/energistatistik-for-smahus/?currentTab=3,Energistatistik för småhus,https://www.energimyndigheten.se/4a4a11/globalassets/statistik/officiell-statistik/statistikprodukter/energistatistik-i-smahus/bas/kd-energistatistik-for-smahus-2018.pdf,2018 (pdf),,kvalitetsdeklaration,2018,pdf,2026-10-05T18:46:52+00:00
energimyndigheten,Energimyndigheten,https://www.energimyndigheten.se/statistik/officiell-energistatistik/tillforsel-och-anvandning/energistatistik-for-smahus/?currentTab=3,Energistatistik för småhus,https://www.energimyndigheten.se/4a47e1/globalassets/statistik/officiell-statistik/statistikprodukter/energistatistik-i-smahus/bas/kd-energistatistik-for-smahus-2017.pdf,2017 (pdf),,kvalitetsdeklaration,2017,pdf,2026-10-05T18:46:52+00:00
energimyndigheten,Energimyndigheten,https://www.energimyndigheten.se/statistik/officiell-energistatistik/tillforsel-och-anvandning/energistatistik-for-smahus/?currentTab=3,Energistatistik för småhus,https://www.energimyndigheten.se/4a4418/globalassets/statistik/officiell-statistik/statistikprodukter/energistatistik-i-smahus/bas/kd-energistatistik-for-smahus-2016.pdf,2016 (pdf),,kvalitetsdeklaration,2016,pdf,2026-10-05T18:46:52+00:00
energimyndigheten,Energimyndigheten,https://www.energimyndigheten.se/statistik/officiell-energistatistik/tillforsel-och-anvandning/energistatistik-for-smahus/?currentTab=3,Energistatistik för småhus,https://www.energimyndigheten.se/4a48c8/globalassets/statistik/officiell-statistik/statistikprodukter/energistatistik-i-smahus/bas/bas-energistatistik-for-smahus-2015.pdf,2015 (pdf),,beskrivning av statistiken,2015,pdf,2026-10-05T18:46:52+00:00
energimyndigheten,Energimyndigheten,https://www.energimyndigheten.se/statistik/officiell-energistatistik/tillforsel-och-anvandning/energistatistik-for-smahus/?currentTab=3,Energistatistik för småhus,https://www.energimyndigheten.se/4a4871/globalassets/statistik/officiell-statistik/statistikprodukter/energistatistik-i-smahus/bas/bas-energistatistik-for-smahus-2014.pdf,2014 (pdf),,beskrivning av statistiken,2014,pdf,2026-10-05T18:46:52+00:00
energimyndigheten,Energimyndigheten,https://www.energimyndigheten.se/statistik/officiell-energistatistik/tillforsel-och-anvandning/energistatistik-for-smahus/?currentTab=3,Energistatistik för småhus,https://www.energimyndigheten.se/4a58c5/globalassets/statistik/officiell-statistik/statistikprodukter/energistatistik-i-smahus/bas/bas-energistatistik-for-smahus-2013.pdf,2013 (pdf),,beskrivning av statistiken,2013,pdf,2026-10-05T18:46:52+00:00
energimyndigheten,Energimyndigheten,https://www.energimyndigheten.se/statistik/officiell-energistatistik/tillforsel-och-anvandning/energistatistik-for-smahus/?currentTab=3,Energistatistik för småhus,https://www.energimyndigheten.se/4a539d/globalassets/statistik/officiell-statistik/statistikprodukter/energistatistik-i-smahus/bas/bas-energistatistik-for-smahus-2012.pdf,2012 (pdf),,beskrivning av statistiken,2012,pdf,2026-10-05T18:46:52+00:00
energimyndigheten,Energimyndigheten,https://www.energimyndigheten.se/statistik/officiell-energistatistik/tillforsel-och-anvandning/energistatistik-for-smahus/?currentTab=3,Energistatistik för småhus,https://www.energimyndigheten.se/4a47af/globalassets/statistik/officiell-statistik/statistikprodukter/energistatistik-i-smahus/bas/bas-energistatistik-for-smahus-2011.pdf,2011 (pdf),,beskrivning av statistiken,2011,pdf,2026-10-05T18:46:52+00:00
energimyndigheten,Energimyndigheten,https://www.energimyndigheten.se/statistik/officiell-energistatistik/tillforsel-och-anvandning/energistatistik-for-smahus/?currentTab=3,Energistatistik för småhus,https://www.energimyndigheten.se/4a4998/globalassets/statistik/officiell-statistik/statistikprodukter/energistatistik-i-smahus/bas/bas-energistatistik-for-smahus-2010.pdf,2010 (pdf),,beskrivning av statistiken,2010,pdf,2026-10-05T18:46:52+00:00
energimyndigheten,Energimyndigheten,https://www.energimyndigheten.se/statistik/officiell-energistatistik/tillforsel-och-anvandning/energistatistik-for-smahus/?currentTab=3,Energistatistik för småhus,https://www.energimyndigheten.se/4a4827/globalassets/statistik/officiell-statistik/statistikprodukter/energistatistik-i-smahus/bas/bas-energistatistik-for-smahus-2009.pdf,2009 (pdf),,beskrivning av statistiken,2009,pdf,2026-10-05T18:46:52+00:00
energimyndigheten,Energimyndigheten,https://www.energimyndigheten.se/statistik/officiell-energistatistik/tillforsel-och-anvandning/energistatistik-for-smahus/?currentTab=3,Energistatistik för småhus,https://www.energimyndigheten.se/4a472d/globalassets/statistik/officiell-statistik/statistikprodukter/energistatistik-i-smahus/bas/bas-energistatistik-for-smahus-2008.pdf,2008 (pdf),,beskrivning av statistiken,2008,pdf,2026-10-05T18:46:52+00:00
energimyndigheten,Energimyndigheten,https://www.energimyndigheten.se/statistik/officiell-energistatistik/tillforsel-och-anvandning/energistatistik-for-smahus/?currentTab=3,Energistatistik för småhus,https://www.energimyndigheten.se/4a4895/globalassets/statistik/officiell-statistik/statistikprodukter/energistatistik-i-smahus/bas/bas-energistatistik-for-smahus-2007.pdf,2007 (pdf),,beskrivning av statistiken,2007,pdf,2026-10-05T18:46:52+00:00
energimyndigheten,Energimyndigheten,https://www.energimyndigheten.se/statistik/officiell-energistatistik/tillforsel-och-anvandning/energistatistik-for-smahus-flerbostadshus-och-lokaler/?currentTab=3,"Energistatistik för småhus, flerbostadshus och lokaler",https://www.energimyndigheten.se/4aade2/globalassets/statistik/officiell-statistik/statistikprodukter/energistatistik-i-smh-fbhlok/bas/sam_2024_kvalitetsdeklaration_slut.docx,2024 (pdf),,kvalitetsdeklaration,2024,docx,2026-10-05T18:46:55+00:00
energimyndigheten,Energimyndigheten,https://www.energimyndigheten.se/statistik/officiell-energistatistik/tillforsel-och-anvandning/energistatistik-for-smahus-flerbostadshus-och-lokaler/?currentTab=3,"Energistatistik för småhus, flerbostadshus och lokaler",https://www.energimyndigheten.se/49d2d6/globalassets/statistik/officiell-statistik/statistikprodukter/energistatistik-i-smh-fbhlok/bas/sam_kvalitetsdeklaration_2023_v1.docx,2023 (pdf),,kvalitetsdeklaration,2023,docx,2026-10-05T18:46:55+00:00
energimyndigheten,Energimyndigheten,https://www.energimyndigheten.se/statistik/officiell-energistatistik/tillforsel-och-anvandning/energistatistik-for-smahus-flerbostadshus-och-lokaler/?currentTab=3,"Energistatistik för småhus, flerbostadshus och lokaler",https://www.energimyndigheten.se/494302/globalassets/statistik/officiell-statistik/statistikprodukter/energistatistik-i-smh-fbhlok/bas/kvalitetsdeklaration-samling-2022.pdf,2022 (pdf),,kvalitetsdeklaration,2022,pdf,2026-10-05T18:46:55+00:00
energimyndigheten,Energimyndigheten,https://www.energimyndigheten.se/statistik/officiell-energistatistik/tillforsel-och-anvandning/energistatistik-for-smahus-flerbostadshus-och-lokaler/?currentTab=3,"Energistatistik för småhus, flerbostadshus och lokaler",https://www.energimyndigheten.se/499d0c/globalassets/statistik/officiell-statistik/statistikprodukter/energistatistik-i-smh-fbhlok/bas/rapport_03v01_sam2021_kvalitetsdeklaration.pdf,2021 (pdf),,kvalitetsdeklaration,2021,pdf,2026-10-05T18:46:55+00:00
energimyndigheten,Energimyndigheten,https://www.energimyndigheten.se/statistik/officiell-energistatistik/tillforsel-och-anvandning/energistatistik-for-smahus-flerbostadshus-och-lokaler/?currentTab=3,"Energistatistik för småhus, flerbostadshus och lokaler",https://www.energimyndigheten.se/499b9e/globalassets/statistik/officiell-statistik/statistikprodukter/energistatistik-i-smh-fbhlok/bas/rapport_03v01_sam2020_kvalitetsdeklaration.pdf,2020 (pdf),,kvalitetsdeklaration,2020,pdf,2026-10-05T18:46:55+00:00
energimyndigheten,Energimyndigheten,https://www.energimyndigheten.se/statistik/officiell-energistatistik/tillforsel-och-anvandning/energistatistik-for-smahus-flerbostadshus-och-lokaler/?currentTab=3,"Energistatistik för småhus, flerbostadshus och lokaler",https://www.energimyndigheten.se/4a9639/globalassets/statistik/officiell-statistik/statistikprodukter/energistatistik-i-smh-fbhlok/bas/rapport_03v01_sam2019_kvalitetsdeklaration.pdf,2019 (pdf),,kvalitetsdeklaration,2019,pdf,2026-10-05T18:46:55+00:00
energimyndigheten,Energimyndigheten,https://www.energimyndigheten.se/statistik/officiell-energistatistik/tillforsel-och-anvandning/energistatistik-for-smahus-flerbostadshus-och-lokaler/?currentTab=3,"Energistatistik för småhus, flerbostadshus och lokaler",https://www.energimyndigheten.se/4a2eaa/globalassets/statistik/officiell-statistik/statistikprodukter/energistatistik-i-smh-fbhlok/bas/kd-energistatistik-for-smahus-flerbostadshus-och-lokaler.pdf,2018 (pdf),,kvalitetsdeklaration,2018,pdf,2026-10-05T18:46:55+00:00
energimyndigheten,Energimyndigheten,https://www.energimyndigheten.se/statistik/officiell-energistatistik/tillforsel-och-anvandning/energistatistik-for-smahus-flerbostadshus-och-lokaler/?currentTab=3,"Energistatistik för småhus, flerbostadshus och lokaler",https://www.energimyndigheten.se/4a48b0/globalassets/statistik/officiell-statistik/statistikprodukter/energistatistik-i-smh-fbhlok/bas/kd-energistatistik-for-smahus-flerbostadshus-och-lokaler-2017.pdf,2017 (pdf),,kvalitetsdeklaration,2017,pdf,2026-10-05T18:46:55+00:00
energimyndigheten,Energimyndigheten,https://www.energimyndigheten.se/statistik/officiell-energistatistik/tillforsel-och-anvandning/energistatistik-for-smahus-flerbostadshus-och-lokaler/?currentTab=3,"Energistatistik för småhus, flerbostadshus och lokaler",https://www.energimyndigheten.se/4a480a/globalassets/statistik/officiell-statistik/statistikprodukter/energistatistik-i-smh-fbhlok/bas/kd-energistatistik-for-smahus-flerbostadshus-och-lokaler-2016.pdf,2016 (pdf),,kvalitetsdeklaration,2016,pdf,2026-10-05T18:46:55+00:00
energimyndigheten,Energimyndigheten,https://www.energimyndigheten.se/statistik/officiell-energistatistik/tillforsel-och-anvandning/energistatistik-for-smahus-flerbostadshus-och-lokaler/?currentTab=3,"Energistatistik för småhus, flerbostadshus och lokaler",https://www.energimyndigheten.se/4a48e2/globalassets/statistik/officiell-statistik/statistikprodukter/energistatistik-i-smh-fbhlok/bas/bas_energistatistik-for-smahus-flerbostadshus-och-lokaler-2015.pdf,2015 (pdf),,beskrivning av statistiken,2015,pdf,2026-10-05T18:46:55+00:00
energimyndigheten,Energimyndigheten,https://www.energimyndigheten.se/statistik/officiell-energistatistik/tillforsel-och-anvandning/energistatistik-for-smahus-flerbostadshus-och-lokaler/?currentTab=3,"Energistatistik för småhus, flerbostadshus och lokaler",https://www.energimyndigheten.se/4a5705/globalassets/statistik/officiell-statistik/statistikprodukter/energistatistik-i-smh-fbhlok/bas/bas-energistatistik-for-smahus-flerbostadshus-och-lokaler-2014.pdf,2014 (pdf),,beskrivning av statistiken,2014,pdf,2026-10-05T18:46:55+00:00
energimyndigheten,Energimyndigheten,https://www.energimyndigheten.se/statistik/officiell-energistatistik/tillforsel-och-anvandning/energistatistik-for-smahus-flerbostadshus-och-lokaler/?currentTab=3,"Energistatistik för småhus, flerbostadshus och lokaler",https://www.energimyndigheten.se/4a5864/globalassets/statistik/officiell-statistik/statistikprodukter/energistatistik-i-smh-fbhlok/bas/bas-energistatistik-for-smahus-flerbostadshus-och-lokaler-2013.pdf,2013 (pdf),,beskrivning av statistiken,2013,pdf,2026-10-05T18:46:55+00:00
energimyndigheten,Energimyndigheten,https://www.energimyndigheten.se/statistik/officiell-energistatistik/tillforsel-och-anvandning/energistatistik-for-smahus-flerbostadshus-och-lokaler/?currentTab=3,"Energistatistik för småhus, flerbostadshus och lokaler",https://www.energimyndigheten.se/4a47cc/globalassets/statistik/officiell-statistik/statistikprodukter/energistatistik-i-smh-fbhlok/bas/bas-energistatistik-for-smahus-flerbostadshus-och-lokaler-2012.pdf,2012 (pdf),,beskrivning av statistiken,2012,pdf,2026-10-05T18:46:55+00:00
energimyndigheten,Energimyndigheten,https://www.energimyndigheten.se/statistik/officiell-energistatistik/tillforsel-och-anvandning/energistatistik-for-smahus-flerbostadshus-och-lokaler/?currentTab=3,"Energistatistik för småhus, flerbostadshus och lokaler",https://www.energimyndigheten.se/4a598e/globalassets/statistik/officiell-statistik/statistikprodukter/energistatistik-i-smh-fbhlok/bas/bas-energistatistik-for-smahus-flerbostadshus-och-lokaler-2011.pdf,2011 (pdf),,beskrivning av statistiken,2011,pdf,2026-10-05T18:46:55+00:00
energimyndigheten,Energimyndigheten,https://www.energimyndigheten.se/statistik/officiell-energistatistik/tillforsel-och-anvandning/energistatistik-for-smahus-flerbostadshus-och-lokaler/?currentTab=3,"Energistatistik för småhus, flerbostadshus och lokaler",https://www.energimyndigheten.se/4a59cf/globalassets/statistik/officiell-statistik/statistikprodukter/energistatistik-i-smh-fbhlok/bas/bas-energistatistik-for-smahus-flerbostadshus-och-lokaler-2010.pdf,2010 (pdf),,beskrivning av statistiken,2010,pdf,2026-10-05T18:46:55+00:00
energimyndigheten,Energimyndigheten,https://www.energimyndigheten.se/statistik/officiell-energistatistik/tillforsel-och-anvandning/energistatistik-for-smahus-flerbostadshus-och-lokaler/?currentTab=3,"Energistatistik för småhus, flerbostadshus och lokaler",https://www.energimyndigheten.se/4a4ae0/globalassets/statistik/officiell-statistik/statistikprodukter/energistatistik-i-smh-fbhlok/bas/bas-energistatistik-for-smahus-flerbostadshus-och-lokaler-2009.pdf,2009 (pdf),,beskrivning av statistiken,2009,pdf,2026-10-05T18:46:55+00:00
energimyndigheten,Energimyndigheten,https://www.energimyndigheten.se/statistik/officiell-energistatistik/tillforsel-och-anvandning/industrins-energianvandning/?currentTab=2,Industrins energianvändning,https://www.energimyndigheten.se/4ac80b/globalassets/statistik/officiell-statistik/statistikprodukter/industrins-energianvandning/en0113_kd_2024_v1_20251114.pdf,2024 (pdf),EN0113,kvalitetsdeklaration,2024,pdf,2026-10-05T18:46:56+00:00
energimyndigheten,Energimyndigheten,https://www.energimyndigheten.se/statistik/officiell-energistatistik/tillforsel-och-anvandning/industrins-energianvandning/?currentTab=2,Industrins energianvändning,https://www.energimyndigheten.se/4acd69/globalassets/statistik/officiell-statistik/statistikprodukter/industrins-energianvandning/en0113_kd_-2023_v1_20241115.pdf,2023 (pdf),EN0113,kvalitetsdeklaration,2023,pdf,2026-10-05T18:46:56+00:00
energimyndigheten,Energimyndigheten,https://www.energimyndigheten.se/statistik/officiell-energistatistik/tillforsel-och-anvandning/industrins-energianvandning/?currentTab=2,Industrins energianvändning,https://www.energimyndigheten.se/4ace0b/globalassets/statistik/officiell-statistik/statistikprodukter/industrins-energianvandning/en0113_kd_-2022_jb_ma_jb_231212.pdf,2022 (pdf),EN0113,kvalitetsdeklaration,2022,pdf,2026-10-05T18:46:56+00:00
energimyndigheten,Energimyndigheten,https://www.energimyndigheten.se/statistik/officiell-energistatistik/tillforsel-och-anvandning/industrins-energianvandning/?currentTab=2,Industrins energianvändning,https://www.energimyndigheten.se/4af30b/globalassets/statistik/officiell-statistik/statistikprodukter/industrins-energianvandning/kvalitetsdeklaration-en0113-2021.pdf,2021 (pdf),EN0113,kvalitetsdeklaration,2021,pdf,2026-10-05T18:46:56+00:00
energimyndigheten,Energimyndigheten,https://www.energimyndigheten.se/statistik/officiell-energistatistik/tillforsel-och-anvandning/industrins-energianvandning/?currentTab=2,Industrins energianvändning,https://www.energimyndigheten.se/4addef/globalassets/statistik/officiell-statistik/statistikprodukter/industrins-energianvandning/en0113_kvalitetsdeklaration.pdf,2019 (pdf),EN0113,kvalitetsdeklaration,2019,pdf,2026-10-05T18:46:56+00:00
energimyndigheten,Energimyndigheten,https://www.energimyndigheten.se/statistik/officiell-energistatistik/tillforsel-och-anvandning/industrins-energianvandning/?currentTab=2,Industrins energianvändning,https://www.energimyndigheten.se/4a22f7/globalassets/statistik/officiell-statistik/statistikprodukter/industrins-energianvandning/kvalitetsdeklaration-en0113-2018.pdf,2018 (pdf),EN0113,kvalitetsdeklaration,2018,pdf,2026-10-05T18:46:56+00:00
energimyndigheten,Energimyndigheten,https://www.energimyndigheten.se/statistik/officiell-energistatistik/tillforsel-och-anvandning/industrins-energianvandning/?currentTab=2,Industrins energianvändning,https://www.energimyndigheten.se/4a49bd/globalassets/statistik/officiell-statistik/statistikprodukter/industrins-energianvandning/kvalitetsdeklaration-en0113-2017.pdf,2017 (pdf),EN0113,kvalitetsdeklaration,2017,pdf,2026-10-05T18:46:56+00:00
energimyndigheten,Energimyndigheten,https://www.energimyndigheten.se/statistik/officiell-energistatistik/tillforsel-och-anvandning/industrins-energianvandning/?currentTab=2,Industrins energianvändning,https://www.energimyndigheten.se/4a55f2/globalassets/statistik/officiell-statistik/statistikprodukter/industrins-energianvandning/kvalitetsdeklaration-en0113-2016.pdf,2016 (pdf),EN0113,kvalitetsdeklaration,2016,pdf,2026-10-05T18:46:56+00:00
energimyndigheten,Energimyndigheten,https://www.energimyndigheten.se/statistik/officiell-energistatistik/tillforsel-och-anvandning/industrins-energianvandning/?currentTab=2,Industrins energianvändning,https://www.energimyndigheten.se/4a5637/globalassets/statistik/officiell-statistik/statistikprodukter/industrins-energianvandning/en0113_bs_2015.pdf,2015 (pdf),EN0113,beskrivning av statistiken,2015,pdf,2026-10-05T18:46:56+00:00
energimyndigheten,Energimyndigheten,https://www.energimyndigheten.se/statistik/officiell-energistatistik/tillforsel-och-anvandning/industrins-energianvandning/?currentTab=2,Industrins energianvändning,https://www.energimyndigheten.se/4a5653/globalassets/statistik/officiell-statistik/statistikprodukter/industrins-energianvandning/isen-bas-2014.pdf,2014 (pdf),,beskrivning av statistiken,2014,pdf,2026-10-05T18:46:56+00:00
energimyndigheten,Energimyndigheten,https://www.energimyndigheten.se/statistik/officiell-energistatistik/tillforsel-och-anvandning/industrins-energianvandning/?currentTab=2,Industrins energianvändning,https://www.energimyndigheten.se/4a568a/globalassets/statistik/officiell-statistik/statistikprodukter/industrins-energianvandning/isen-bas-2013.pdf,2013 (pdf),,beskrivning av statistiken,2013,pdf,2026-10-05T18:46:56+00:00
energimyndigheten,Energimyndigheten,https://www.energimyndigheten.se/statistik/officiell-energistatistik/tillforsel-och-anvandning/industrins-energianvandning/?currentTab=2,Industrins energianvändning,https://www.energimyndigheten.se/4a571a/globalassets/statistik/officiell-statistik/statistikprodukter/industrins-energianvandning/isen-bas-2012.pdf,2012 (pdf),,beskrivning av statistiken,2012,pdf,2026-10-05T18:46:56+00:00
energimyndigheten,Energimyndigheten,https://www.energimyndigheten.se/statistik/officiell-energistatistik/tillforsel-och-anvandning/industrins-energianvandning/?currentTab=2,Industrins energianvändning,https://www.energimyndigheten.se/4a5731/globalassets/statistik/officiell-statistik/statistikprodukter/industrins-energianvandning/isen-bas-2011.pdf,2011 (pdf),,beskrivning av statistiken,2011,pdf,2026-10-05T18:46:56+00:00
energimyndigheten,Energimyndigheten,https://www.energimyndigheten.se/statistik/officiell-energistatistik/tillforsel-och-anvandning/industrins-energianvandning/?currentTab=2,Industrins energianvändning,https://www.energimyndigheten.se/4a57e7/globalassets/statistik/officiell-statistik/statistikprodukter/industrins-energianvandning/isen-bas-2010.pdf,2010 (pdf),,beskrivning av statistiken,2010,pdf,2026-10-05T18:46:56+00:00
energimyndigheten,Energimyndigheten,https://www.energimyndigheten.se/statistik/officiell-energistatistik/tillforsel-och-anvandning/industrins-energianvandning/?currentTab=2,Industrins energianvändning,https://www.energimyndigheten.se/4a580d/globalassets/statistik/officiell-statistik/statistikprodukter/industrins-energianvandning/isen-bas-2009.pdf,2009 (pdf),,beskrivning av statistiken,2009,pdf,2026-10-05T18:46:56+00:00
energimyndigheten,Energimyndigheten,https://www.energimyndigheten.se/statistik/officiell-energistatistik/tillforsel-och-anvandning/industrins-energianvandning/?currentTab=2,Industrins energianvändning,https://www.energimyndigheten.se/4a596f/globalassets/statistik/officiell-statistik/statistikprodukter/industrins-energianvandning/isen-bas-2008.pdf,2008 (pdf),,beskrivning av statistiken,2008,pdf,2026-10-05T18:46:56+00:00
energimyndigheten,Energimyndigheten,https://www.energimyndigheten.se/statistik/officiell-energistatistik/tillforsel-och-anvandning/industrins-energianvandning/?currentTab=2,Industrins energianvändning,https://www.energimyndigheten.se/49c378/globalassets/statistik/officiell-statistik/statistikprodukter/industrins-energianvandning/isen-bas-2007.pdf,2007 (pdf),,beskrivning av statistiken,2007,pdf,2026-10-05T18:46:56+00:00
energimyndigheten,Energimyndigheten,https://www.energimyndigheten.se/statistik/officiell-energistatistik/tillforsel-och-anvandning/industrins-energianvandning/?currentTab=2,Industrins energianvändning,https://www.energimyndigheten.se/49c378/globalassets/statistik/officiell-statistik/statistikprodukter/industrins-energianvandning/isen-bas-2006.pdf,2006 (pdf),,beskrivning av statistiken,2006,pdf,2026-10-05T18:46:56+00:00
energimyndigheten,Energimyndigheten,https://www.energimyndigheten.se/statistik/officiell-energistatistik/tillforsel-och-anvandning/industrins-energianvandning/?currentTab=2,Industrins energianvändning,https://www.energimyndigheten.se/49c378/globalassets/statistik/officiell-statistik/statistikprodukter/industrins-energianvandning/isen-bas-2005.pdf,2005 (pdf),,beskrivning av statistiken,2005,pdf,2026-10-05T18:46:56+00:00
energimyndigheten,Energimyndigheten,https://www.energimyndigheten.se/statistik/officiell-energistatistik/tillforsel-och-anvandning/industrins-energianvandning/?currentTab=2,Industrins energianvändning,https://www.energimyndigheten.se/49c378/globalassets/statistik/officiell-statistik/statistikprodukter/industrins-energianvandning/isen-bas-2004.pdf,2004 (pdf),,beskrivning av statistiken,2004,pdf,2026-10-05T18:46:56+00:00
energimyndigheten,Energimyndigheten,https://www.energimyndigheten.se/statistik/officiell-energistatistik/tillforsel-och-anvandning/industrins-energianvandning/?currentTab=2,Industrins energianvändning,https://www.energimyndigheten.se/4ac80b/globalassets/statistik/officiell-statistik/statistikprodukter/industrins-energianvandning/en0113_staf_2024_v1_20251114.pdf,2024 (pdf),EN0113,statistikens framställning,2024,pdf,2026-10-05T18:46:56+00:00
energimyndigheten,Energimyndigheten,https://www.energimyndigheten.se/statistik/officiell-energistatistik/tillforsel-och-anvandning/industrins-energianvandning/?currentTab=2,Industrins energianvändning,https://www.energimyndigheten.se/4ace0b/globalassets/statistik/officiell-statistik/statistikprodukter/industrins-energianvandning/en0113_staf_2022-jb.pdf,2022 (pdf),EN0113,statistikens framställning,2022,pdf,2026-10-05T18:46:56+00:00
energimyndigheten,Energimyndigheten,https://www.energimyndigheten.se/statistik/officiell-energistatistik/tillforsel-och-anvandning/industrins-energianvandning/?currentTab=2,Industrins energianvändning,https://www.energimyndigheten.se/4af30b/globalassets/statistik/officiell-statistik/statistikprodukter/industrins-energianvandning/en0113_staf_2021.pdf,2021 (pdf),EN0113,statistikens framställning,2021,pdf,2026-10-05T18:46:56+00:00
energimyndigheten,Energimyndigheten,https://www.energimyndigheten.se/statistik/officiell-energistatistik/tillforsel-och-anvandning/industrins-energianvandning/?currentTab=2,Industrins energianvändning,https://www.energimyndigheten.se/4affc6/globalassets/statistik/officiell-statistik/statistikprodukter/industrins-energianvandning/en0113_staf_2020.pdf,2020 (pdf),EN0113,statistikens framställning,2020,pdf,2026-10-05T18:46:56+00:00
energimyndigheten,Energimyndigheten,https://www.energimyndigheten.se/statistik/officiell-energistatistik/tillforsel-och-anvandning/industrins-energianvandning/?currentTab=2,Industrins energianvändning,https://www.energimyndigheten.se/4a21e0/globalassets/statistik/officiell-statistik/statistikprodukter/industrins-energianvandning/staf-en0113-2018.pdf,2019 (pdf),EN0113,statistikens framställning,2018,pdf,2026-10-05T18:46:56+00:00
energimyndigheten,Energimyndigheten,https://www.energimyndigheten.se/statistik/officiell-energistatistik/tillforsel-och-anvandning/industrins-energianvandning/?currentTab=2,Industrins energianvändning,https://www.energimyndigheten.se/4a21e0/globalassets/statistik/officiell-statistik/statistikprodukter/industrins-energianvandning/staf-en0113-2018.pdf,2018 (pdf),EN0113,statistikens framställning,2018,pdf,2026-10-05T18:46:56+00:00
energimyndigheten,Energimyndigheten,https://www.energimyndigheten.se/statistik/officiell-energistatistik/tillforsel-och-anvandning/natanslutna-solcellsanlaggningar/?currentTab=2,Nätanslutna solcellsanläggningar,https://www.energimyndigheten.se/496201/globalassets/statistik/officiell-statistik/statistikprodukter/natanslutna-solceller/en0123_kd_2025.pdf,Kvalitetsdeklaration 2025 (pdf),EN0123,kvalitetsdeklaration,2025,pdf,2026-10-05T18:47:08+00:00
energimyndigheten,Energimyndigheten,https://www.energimyndigheten.se/statistik/officiell-energistatistik/tillforsel-och-anvandning/natanslutna-solcellsanlaggningar/?currentTab=2,Nätanslutna solcellsanläggningar,https://www.energimyndigheten.se/49639d/globalassets/statistik/officiell-statistik/statistikprodukter/natanslutna-solceller/en0123_kd_2024.pdf,Kvalitetsdeklaration 2024 (pdf),EN0123,kvalitetsdeklaration,2024,pdf,2026-10-05T18:47:08+00:00
energimyndigheten,Energimyndigheten,https://www.energimyndigheten.se/statistik/officiell-energistatistik/tillforsel-och-anvandning/natanslutna-solcellsanlaggningar/?currentTab=2,Nätanslutna solcellsanläggningar,https://www.energimyndigheten.se/4969a5/globalassets/statistik/officiell-statistik/statistikprodukter/natanslutna-solceller/en0123_kd_a.pdf,Kvalitetsdeklaration 2023 (pdf),EN0123,kvalitetsdeklaration,2023,pdf,2026-10-05T18:47:08+00:00
energimyndigheten,Energimyndigheten,https://www.energimyndigheten.se/statistik/officiell-energistatistik/tillforsel-och-anvandning/natanslutna-solcellsanlaggningar/?currentTab=2,Nätanslutna solcellsanläggningar,https://www.energimyndigheten.se/4960d3/globalassets/statistik/officiell-statistik/statistikprodukter/natanslutna-solceller/en0123_kd_2022.pdf,Kvalitetsdeklaration 2022 (pdf),EN0123,kvalitetsdeklaration,2022,pdf,2026-10-05T18:47:08+00:00
energimyndigheten,Energimyndigheten,https://www.energimyndigheten.se/statistik/officiell-energistatistik/tillforsel-och-anvandning/natanslutna-solcellsanlaggningar/?currentTab=2,Nätanslutna solcellsanläggningar,https://www.energimyndigheten.se/49619a/globalassets/statistik/officiell-statistik/statistikprodukter/natanslutna-solceller/en0123_kd_2021.pdf,Kvalitetsdeklaration 2021 (pdf),EN0123,kvalitetsdeklaration,2021,pdf,2026-10-05T18:47:08+00:00
energimyndigheten,Energimyndigheten,https://www.energimyndigheten.se/statistik/officiell-energistatistik/tillforsel-och-anvandning/natanslutna-solcellsanlaggningar/?currentTab=2,Nätanslutna solcellsanläggningar,https://www.energimyndigheten.se/4967c1/globalassets/statistik/officiell-statistik/statistikprodukter/natanslutna-solceller/en0123_kvd_2020.pdf,Kvalitetsdeklaration 2020 (pdf),EN0123,kvalitetsdeklaration,2020,pdf,2026-10-05T18:47:08+00:00
energimyndigheten,Energimyndigheten,https://www.energimyndigheten.se/statistik/officiell-energistatistik/tillforsel-och-anvandning/natanslutna-solcellsanlaggningar/?currentTab=2,Nätanslutna solcellsanläggningar,https://www.energimyndigheten.se/4a2a9f/globalassets/statistik/officiell-statistik/statistikprodukter/natanslutna-solceller/en0123_kd_2019.pdf,Kvalitetsdeklaration 2019 (pdf),EN0123,kvalitetsdeklaration,2019,pdf,2026-10-05T18:47:08+00:00
energimyndigheten,Energimyndigheten,https://www.energimyndigheten.se/statistik/officiell-energistatistik/tillforsel-och-anvandning/natanslutna-solcellsanlaggningar/?currentTab=2,Nätanslutna solcellsanläggningar,https://www.energimyndigheten.se/4a3f75/globalassets/statistik/officiell-statistik/statistikprodukter/natanslutna-solceller/en0123_kd_2018_mk_190327.pdf,Kvalitetsdeklaration 2018 (pdf),EN0123,kvalitetsdeklaration,2018,pdf,2026-10-05T18:47:08+00:00
energimyndigheten,Energimyndigheten,https://www.energimyndigheten.se/statistik/officiell-energistatistik/tillforsel-och-anvandning/natanslutna-solcellsanlaggningar/?currentTab=2,Nätanslutna solcellsanläggningar,https://www.energimyndigheten.se/4a55e5/globalassets/statistik/officiell-statistik/statistikprodukter/natanslutna-solceller/en0123_kd_2017_se_180320.pdf,Kvalitetsdeklaration 2017 (pdf),EN0123,kvalitetsdeklaration,2017,pdf,2026-10-05T18:47:08+00:00
energimyndigheten,Energimyndigheten,https://www.energimyndigheten.se/statistik/officiell-energistatistik/tillforsel-och-anvandning/natanslutna-solcellsanlaggningar/?currentTab=2,Nätanslutna solcellsanläggningar,https://www.energimyndigheten.se/4a5629/globalassets/statistik/officiell-statistik/statistikprodukter/natanslutna-solceller/en0123_kd_2016_se_170330.pdf,Kvalitetsdeklaration 2016 (pdf),EN0123,kvalitetsdeklaration,2016,pdf,2026-10-05T18:47:08+00:00
energimyndigheten,Energimyndigheten,https://www.energimyndigheten.se/statistik/officiell-energistatistik/tillforsel-och-anvandning/natanslutna-solcellsanlaggningar/?currentTab=2,Nätanslutna solcellsanläggningar,https://www.energimyndigheten.se/4961e0/globalassets/statistik/officiell-statistik/statistikprodukter/natanslutna-solceller/en0123_staf_2025.pdf,Statistikens framställning 2025 (pdf),EN0123,statistikens framställning,2025,pdf,2026-10-05T18:47:08+00:00
energimyndigheten,Energimyndigheten,https://www.energimyndigheten.se/statistik/officiell-energistatistik/tillforsel-och-anvandning/natanslutna-solcellsanlaggningar/?currentTab=2,Nätanslutna solcellsanläggningar,https://www.energimyndigheten.se/496399/globalassets/statistik/officiell-statistik/statistikprodukter/natanslutna-solceller/en0123_staf_2024.pdf,Statistikens framställning 2024 (pdf),EN0123,statistikens framställning,2024,pdf,2026-10-05T18:47:08+00:00
energimyndigheten,Energimyndigheten,https://www.energimyndigheten.se/statistik/officiell-energistatistik/tillforsel-och-anvandning/natanslutna-solcellsanlaggningar/?currentTab=2,Nätanslutna solcellsanläggningar,https://www.energimyndigheten.se/4969b1/globalassets/statistik/officiell-statistik/statistikprodukter/natanslutna-solceller/en0123_staf_b.pdf,Statistikens framställning 2023 (pdf),EN0123,statistikens framställning,2023,pdf,2026-10-05T18:47:08+00:00
energimyndigheten,Energimyndigheten,https://www.energimyndigheten.se/statistik/officiell-energistatistik/tillforsel-och-anvandning/natanslutna-solcellsanlaggningar/?currentTab=2,Nätanslutna solcellsanläggningar,https://www.energimyndigheten.se/4960d3/globalassets/statistik/officiell-statistik/statistikprodukter/natanslutna-solceller/en0123_staf_2022.pdf,Statistikens framställning 2022 (pdf),EN0123,statistikens framställning,2022,pdf,2026-10-05T18:47:08+00:00
energimyndigheten,Energimyndigheten,https://www.energimyndigheten.se/statistik/officiell-energistatistik/tillforsel-och-anvandning/natanslutna-solcellsanlaggningar/?currentTab=2,Nätanslutna solcellsanläggningar,https://www.energimyndigheten.se/49619a/globalassets/statistik/officiell-statistik/statistikprodukter/natanslutna-solceller/en0123_staf_2021.pdf,Statistikens framställning 2021 (pdf),EN0123,statistikens framställning,2021,pdf,2026-10-05T18:47:08+00:00
energimyndigheten,Energimyndigheten,https://www.energimyndigheten.se/statistik/officiell-energistatistik/tillforsel-och-anvandning/natanslutna-solcellsanlaggningar/?currentTab=2,Nätanslutna solcellsanläggningar,https://www.energimyndigheten.se/4967c1/globalassets/statistik/officiell-statistik/statistikprodukter/natanslutna-solceller/en0123_staf_2020.pdf,Statistikens framställning 2020 (pdf),EN0123,statistikens framställning,2020,pdf,2026-10-05T18:47:08+00:00
energimyndigheten,Energimyndigheten,https://www.energimyndigheten.se/statistik/officiell-energistatistik/tillforsel-och-anvandning/natanslutna-solcellsanlaggningar/?currentTab=2,Nätanslutna solcellsanläggningar,https://www.energimyndigheten.se/4a2a54/globalassets/statistik/officiell-statistik/statistikprodukter/natanslutna-solceller/en0123_staf_2019.pdf,Statistikens framställning 2019 (pdf),EN0123,statistikens framställning,2019,pdf,2026-10-05T18:47:08+00:00
energimyndigheten,Energimyndigheten,https://www.energimyndigheten.se/statistik/officiell-energistatistik/tillforsel-och-anvandning/natanslutna-solcellsanlaggningar/?currentTab=2,Nätanslutna solcellsanläggningar,https://www.energimyndigheten.se/4a3ff1/globalassets/statistik/officiell-statistik/statistikprodukter/natanslutna-solceller/en0123_staf_2018_mk_190327_.pdf,Statistikens framställning 2018 (pdf),EN0123,statistikens framställning,2018,pdf,2026-10-05T18:47:08+00:00
energimyndigheten,Energimyndigheten,https://www.energimyndigheten.se/statistik/officiell-energistatistik/tillforsel-och-anvandning/natanslutna-solcellsanlaggningar/?currentTab=2,Nätanslutna solcellsanläggningar,https://www.energimyndigheten.se/49be8c/globalassets/statistik/officiell-statistik/statistikprodukter/natanslutna-solceller/en0123_staf_2017_se_180320.pdf,Statistikens framställning 2017 (pdf),EN0123,statistikens framställning,2017,pdf,2026-10-05T18:47:08+00:00
energimyndigheten,Energimyndigheten,https://www.energimyndigheten.se/statistik/officiell-energistatistik/tillforsel-och-anvandning/natanslutna-solcellsanlaggningar/?currentTab=2,Nätanslutna solcellsanläggningar,https://www.energimyndigheten.se/49be8c/globalassets/statistik/officiell-statistik/statistikprodukter/natanslutna-solceller/en0123_do_2016_se_170327.pdf,Statistikens framställning 2016 (pdf),EN0123,scbdok,2016,pdf,2026-10-05T18:47:08+00:00
energimyndigheten,Energimyndigheten,https://www.energimyndigheten.se/statistik/officiell-energistatistik/tillforsel-och-anvandning/Produktion-av-biogas-och-rotrester/?currentTab=3,Produktion av biogas och rötrester,https://www.energimyndigheten.se/4a83f0/globalassets/statistik/officiell-statistik/statistikprodukter/biogas/kvalitetsdeklaration-2024.pdf,Kvalitetsdeklaration 2024,,kvalitetsdeklaration,2024,pdf,2026-10-05T18:47:14+00:00
energimyndigheten,Energimyndigheten,https://www.energimyndigheten.se/statistik/officiell-energistatistik/tillforsel-och-anvandning/Produktion-av-biogas-och-rotrester/?currentTab=3,Produktion av biogas och rötrester,https://www.energimyndigheten.se/4a75cf/globalassets/statistik/officiell-statistik/statistikprodukter/biogas/kvalitetsdeklaration-2023.pdf,Kvalitetsdeklaration 2023,,kvalitetsdeklaration,2023,pdf,2026-10-05T18:47:14+00:00
energimyndigheten,Energimyndigheten,https://www.energimyndigheten.se/statistik/officiell-energistatistik/tillforsel-och-anvandning/Produktion-av-biogas-och-rotrester/?currentTab=3,Produktion av biogas och rötrester,https://www.energimyndigheten.se/4a793b/globalassets/statistik/officiell-statistik/statistikprodukter/biogas/kvalitetsdeklaration-2022.pdf,Kvalitetsdeklaration 2022,,kvalitetsdeklaration,2022,pdf,2026-10-05T18:47:14+00:00
energimyndigheten,Energimyndigheten,https://www.energimyndigheten.se/statistik/officiell-energistatistik/tillforsel-och-anvandning/Produktion-av-biogas-och-rotrester/?currentTab=3,Produktion av biogas och rötrester,https://www.energimyndigheten.se/4a8455/globalassets/statistik/officiell-statistik/statistikprodukter/biogas/kvalitetsdeklaration-en0124_2021.pdf,Kvalitetsdeklaration 2021,EN0124,kvalitetsdeklaration,2021,pdf,2026-10-05T18:47:14+00:00
energimyndigheten,Energimyndigheten,https://www.energimyndigheten.se/statistik/officiell-energistatistik/tillforsel-och-anvandning/Produktion-av-biogas-och-rotrester/?currentTab=3,Produktion av biogas och rötrester,https://www.energimyndigheten.se/4adcc4/globalassets/statistik/officiell-statistik/statistikprodukter/biogas/kvalitetsdeklaration-en0124.pdf,Kvalitetsdeklaration 2020,EN0124,kvalitetsdeklaration,2020,pdf,2026-10-05T18:47:14+00:00
energimyndigheten,Energimyndigheten,https://www.energimyndigheten.se/statistik/officiell-energistatistik/tillforsel-och-anvandning/Produktion-av-biogas-och-rotrester/?currentTab=3,Produktion av biogas och rötrester,https://www.energimyndigheten.se/4a823c/globalassets/statistik/officiell-statistik/statistikprodukter/biogas/kvalitetsdeklaration-2019.pdf,Kvalitetsdeklaration 2019,,kvalitetsdeklaration,2019,pdf,2026-10-05T18:47:14+00:00
energimyndigheten,Energimyndigheten,https://www.energimyndigheten.se/statistik/officiell-energistatistik/tillforsel-och-anvandning/Produktion-av-biogas-och-rotrester/?currentTab=3,Produktion av biogas och rötrester,https://www.energimyndigheten.se/4a4e12/globalassets/statistik/kvalitetsdeklaration-en0124.pdf,Kvalitetsdeklaration 2018,EN0124,kvalitetsdeklaration,2018,pdf,2026-10-05T18:47:14+00:00
energimyndigheten,Energimyndigheten,https://www.energimyndigheten.se/statistik/officiell-energistatistik/tillforsel-och-anvandning/Produktion-av-biogas-och-rotrester/?currentTab=3,Produktion av biogas och rötrester,https://www.energimyndigheten.se/4a83f0/globalassets/statistik/officiell-statistik/statistikprodukter/biogas/en0124_staf_2024.pdf,Statistikens framställning 2024,EN0124,statistikens framställning,2024,pdf,2026-10-05T18:47:14+00:00
energimyndigheten,Energimyndigheten,https://www.energimyndigheten.se/statistik/officiell-energistatistik/tillforsel-och-anvandning/Produktion-av-biogas-och-rotrester/?currentTab=3,Produktion av biogas och rötrester,https://www.energimyndigheten.se/4a75cf/globalassets/statistik/officiell-statistik/statistikprodukter/biogas/en0124_staf_2023.pdf,Statistikens framställning 2023,EN0124,statistikens framställning,2023,pdf,2026-10-05T18:47:14+00:00
energimyndigheten,Energimyndigheten,https://www.energimyndigheten.se/statistik/officiell-energistatistik/tillforsel-och-anvandning/Produktion-av-biogas-och-rotrester/?currentTab=3,Produktion av biogas och rötrester,https://www.energimyndigheten.se/4a7930/globalassets/statistik/officiell-statistik/statistikprodukter/biogas/en0124_staf_2022.pdf,Statistikens framställning 2022,EN0124,statistikens framställning,2022,pdf,2026-10-05T18:47:14+00:00
energimyndigheten,Energimyndigheten,https://www.energimyndigheten.se/statistik/officiell-energistatistik/tillforsel-och-anvandning/Produktion-av-biogas-och-rotrester/?currentTab=3,Produktion av biogas och rötrester,https://www.energimyndigheten.se/4a84c8/globalassets/statistik/officiell-statistik/statistikprodukter/biogas/en0124_staf_2021.pdf,Statistikens framställning 2021,EN0124,statistikens framställning,2021,pdf,2026-10-05T18:47:14+00:00
energimyndigheten,Energimyndigheten,https://www.energimyndigheten.se/statistik/officiell-energistatistik/tillforsel-och-anvandning/Produktion-av-biogas-och-rotrester/?currentTab=3,Produktion av biogas och rötrester,https://www.energimyndigheten.se/4adcc4/globalassets/statistik/officiell-statistik/statistikprodukter/biogas/en0124_staf_2020.pdf,Statistikens framställning 2020,EN0124,statistikens framställning,2020,pdf,2026-10-05T18:47:14+00:00
energimyndigheten,Energimyndigheten,https://www.energimyndigheten.se/statistik/officiell-energistatistik/tillforsel-och-anvandning/Produktion-av-biogas-och-rotrester/?currentTab=3,Produktion av biogas och rötrester,https://www.energimyndigheten.se/4a8178/globalassets/statistik/officiell-statistik/statistikprodukter/biogas/en0124_staf_2019.pdf,Statistikens framställning 2019,EN0124,statistikens framställning,2019,pdf,2026-10-05T18:47:14+00:00
energimyndigheten,Energimyndigheten,https://www.energimyndigheten.se/statistik/officiell-energistatistik/tillforsel-och-anvandning/Produktion-av-biogas-och-rotrester/?currentTab=3,Produktion av biogas och rötrester,https://www.energimyndigheten.se/4a493a/globalassets/statistik/statistikens-framstallning-en0124.pdf,Statistikens framställning 2018,EN0124,statistikens framställning,2018,pdf,2026-10-05T18:47:14+00:00
energimyndigheten,Energimyndigheten,https://www.energimyndigheten.se/statistik/officiell-energistatistik/tillforsel-och-anvandning/produktion-import-och-export-av-oforadlade-tradbranslen/?currentTab=3,"Produktion, import och export av oförädlade trädbränslen",https://www.energimyndigheten.se/4afbb2/globalassets/statistik/officiell-statistik/statistikprodukter/oforadlade-tradbranslen/en0122_kd_2024a.pdf,2024 (pdf),EN0122,kvalitetsdeklaration,2024,pdf,2026-10-05T18:47:17+00:00
energimyndigheten,Energimyndigheten,https://www.energimyndigheten.se/statistik/officiell-energistatistik/tillforsel-och-anvandning/produktion-import-och-export-av-oforadlade-tradbranslen/?currentTab=3,"Produktion, import och export av oförädlade trädbränslen",https://www.energimyndigheten.se/4ae276/globalassets/statistik/officiell-statistik/statistikprodukter/oforadlade-tradbranslen/en0122_kd_2023a_v1_241203.pdf,2023 (pdf),EN0122,kvalitetsdeklaration,2023,pdf,2026-10-05T18:47:17+00:00
energimyndigheten,Energimyndigheten,https://www.energimyndigheten.se/statistik/officiell-energistatistik/tillforsel-och-anvandning/produktion-import-och-export-av-oforadlade-tradbranslen/?currentTab=3,"Produktion, import och export av oförädlade trädbränslen",https://www.energimyndigheten.se/49391c/globalassets/statistik/officiell-statistik/statistikprodukter/oforadlade-tradbranslen/en0122_kd_2021a_v2_231201.pdf,2022 (pdf),EN0122,kvalitetsdeklaration,2021,pdf,2026-10-05T18:47:17+00:00
energimyndigheten,Energimyndigheten,https://www.energimyndigheten.se/statistik/officiell-energistatistik/tillforsel-och-anvandning/produktion-import-och-export-av-oforadlade-tradbranslen/?currentTab=3,"Produktion, import och export av oförädlade trädbränslen",https://www.energimyndigheten.se/4ae359/globalassets/statistik/officiell-statistik/statistikprodukter/oforadlade-tradbranslen/en0122_kd_2021.pdf,2021 (pdf),EN0122,kvalitetsdeklaration,2021,pdf,2026-10-05T18:47:17+00:00
energimyndigheten,Energimyndigheten,https://www.energimyndigheten.se/statistik/officiell-energistatistik/tillforsel-och-anvandning/produktion-import-och-export-av-oforadlade-tradbranslen/?currentTab=3,"Produktion, import och export av oförädlade trädbränslen",https://www.energimyndigheten.se/4ad4f1/globalassets/statistik/officiell-statistik/statistikprodukter/oforadlade-tradbranslen/en0122_kd_2019_201202.pdf,2020 (pdf),EN0122,kvalitetsdeklaration,2019,pdf,2026-10-05T18:47:17+00:00
energimyndigheten,Energimyndigheten,https://www.energimyndigheten.se/statistik/officiell-energistatistik/tillforsel-och-anvandning/produktion-import-och-export-av-oforadlade-tradbranslen/?currentTab=3,"Produktion, import och export av oförädlade trädbränslen",https://www.energimyndigheten.se/4ae44f/globalassets/statistik/officiell-statistik/statistikprodukter/oforadlade-tradbranslen/en0122_kd_2020_211201.pdf,2019 (pdf),EN0122,kvalitetsdeklaration,2020,pdf,2026-10-05T18:47:17+00:00
energimyndigheten,Energimyndigheten,https://www.energimyndigheten.se/statistik/officiell-energistatistik/tillforsel-och-anvandning/produktion-import-och-export-av-oforadlade-tradbranslen/?currentTab=3,"Produktion, import och export av oförädlade trädbränslen",https://www.energimyndigheten.se/4a1fd9/globalassets/statistik/officiell-statistik/statistikprodukter/oforadlade-tradbranslen/en0122_kd_2018_191202.pdf,2018 (pdf),EN0122,kvalitetsdeklaration,2018,pdf,2026-10-05T18:47:17+00:00
energimyndigheten,Energimyndigheten,https://www.energimyndigheten.se/statistik/officiell-energistatistik/tillforsel-och-anvandning/produktion-import-och-export-av-oforadlade-tradbranslen/?currentTab=3,"Produktion, import och export av oförädlade trädbränslen",https://www.energimyndigheten.se/4a4c1e/globalassets/statistik/officiell-statistik/statistikprodukter/oforadlade-tradbranslen/kvalitetsdeklaration_en0122_2017.pdf,2017 (pdf),EN0122,kvalitetsdeklaration,2017,pdf,2026-10-05T18:47:17+00:00
energimyndigheten,Energimyndigheten,https://www.energimyndigheten.se/statistik/officiell-energistatistik/tillforsel-och-anvandning/produktion-import-och-export-av-oforadlade-tradbranslen/?currentTab=3,"Produktion, import och export av oförädlade trädbränslen",https://www.energimyndigheten.se/4a56ff/globalassets/statistik/officiell-statistik/statistikprodukter/oforadlade-tradbranslen/kvalitetsdeklaration_en0122_2016.pdf,2016 (pdf),EN0122,kvalitetsdeklaration,2016,pdf,2026-10-05T18:47:17+00:00
energimyndigheten,Energimyndigheten,https://www.energimyndigheten.se/statistik/officiell-energistatistik/tillforsel-och-anvandning/produktion-import-och-export-av-oforadlade-tradbranslen/?currentTab=3,"Produktion, import och export av oförädlade trädbränslen",https://www.energimyndigheten.se/4a5720/globalassets/statistik/officiell-statistik/statistikprodukter/oforadlade-tradbranslen/BAS_2015.pdf,2015 (pdf),,beskrivning av statistiken,2015,pdf,2026-10-05T18:47:17+00:00
energimyndigheten,Energimyndigheten,https://www.energimyndigheten.se/statistik/officiell-energistatistik/tillforsel-och-anvandning/produktion-import-och-export-av-oforadlade-tradbranslen/?currentTab=3,"Produktion, import och export av oförädlade trädbränslen",https://www.energimyndigheten.se/495c6b/globalassets/statistik/officiell-statistik/statistikprodukter/tradbransle-och-torvpriser/en0112_kd_2014.pdf,2014 (pdf),EN0112,kvalitetsdeklaration,2014,pdf,2026-10-05T18:47:17+00:00
energimyndigheten,Energimyndigheten,https://www.energimyndigheten.se/statistik/officiell-energistatistik/tillforsel-och-anvandning/produktion-import-och-export-av-oforadlade-tradbranslen/?currentTab=3,"Produktion, import och export av oförädlade trädbränslen",https://www.energimyndigheten.se/495c6b/globalassets/statistik/officiell-statistik/statistikprodukter/tradbransle-och-torvpriser/en0122_kd_2013.pdf,2013 (pdf),EN0122,kvalitetsdeklaration,2013,pdf,2026-10-05T18:47:17+00:00
energimyndigheten,Energimyndigheten,https://www.energimyndigheten.se/statistik/officiell-energistatistik/tillforsel-och-anvandning/produktion-import-och-export-av-oforadlade-tradbranslen/?currentTab=3,"Produktion, import och export av oförädlade trädbränslen",https://www.energimyndigheten.se/4ad70b/globalassets/statistik/officiell-statistik/statistikprodukter/oforadlade-tradbranslen/en0122_staf_2022.pdf,2022 (pdf),EN0122,statistikens framställning,2022,pdf,2026-10-05T18:47:17+00:00
energimyndigheten,Energimyndigheten,https://www.energimyndigheten.se/statistik/officiell-energistatistik/tillforsel-och-anvandning/produktion-import-och-export-av-oforadlade-tradbranslen/?currentTab=3,"Produktion, import och export av oförädlade trädbränslen",https://www.energimyndigheten.se/4ae359/globalassets/statistik/officiell-statistik/statistikprodukter/oforadlade-tradbranslen/en0122_staf_2021.pdf,2021 (pdf),EN0122,statistikens framställning,2021,pdf,2026-10-05T18:47:17+00:00
energimyndigheten,Energimyndigheten,https://www.energimyndigheten.se/statistik/officiell-energistatistik/tillforsel-och-anvandning/produktion-import-och-export-av-oforadlade-tradbranslen/?currentTab=3,"Produktion, import och export av oförädlade trädbränslen",https://www.energimyndigheten.se/4ae167/globalassets/statistik/officiell-statistik/statistikprodukter/oforadlade-tradbranslen/en0122_2020_staf.pdf,2020 (pdf),EN0122,statistikens framställning,2020,pdf,2026-10-05T18:47:17+00:00
energimyndigheten,Energimyndigheten,https://www.energimyndigheten.se/statistik/officiell-energistatistik/tillforsel-och-anvandning/produktion-import-och-export-av-oforadlade-tradbranslen/?currentTab=3,"Produktion, import och export av oförädlade trädbränslen",https://www.energimyndigheten.se/4ad4f1/globalassets/statistik/officiell-statistik/statistikprodukter/oforadlade-tradbranslen/en0122_staf_2019_201202.pdf,2019 (pdf),EN0122,statistikens framställning,2019,pdf,2026-10-05T18:47:17+00:00
energimyndigheten,Energimyndigheten,https://www.energimyndigheten.se/statistik/officiell-energistatistik/tillforsel-och-anvandning/produktion-import-och-export-av-oforadlade-tradbranslen/?currentTab=3,"Produktion, import och export av oförädlade trädbränslen",https://www.energimyndigheten.se/4a2841/globalassets/statistik/officiell-statistik/statistikprodukter/oforadlade-tradbranslen/en0122_staf_2018_191202.pdf,2018 (pdf),EN0122,statistikens framställning,2018,pdf,2026-10-05T18:47:17+00:00
energimyndigheten,Energimyndigheten,https://www.energimyndigheten.se/statistik/officiell-energistatistik/tillforsel-och-anvandning/produktion-import-och-export-av-oforadlade-tradbranslen/?currentTab=3,"Produktion, import och export av oförädlade trädbränslen",https://www.energimyndigheten.se/4a4c77/globalassets/statistik/officiell-statistik/statistikprodukter/oforadlade-tradbranslen/en0122_staf_2017_fk_181130.pdf,2017 (pdf),EN0122,statistikens framställning,2017,pdf,2026-10-05T18:47:17+00:00
energimyndigheten,Energimyndigheten,https://www.energimyndigheten.se/statistik/officiell-energistatistik/tillforsel-och-anvandning/produktion-import-och-export-av-oforadlade-tradbranslen/?currentTab=3,"Produktion, import och export av oförädlade trädbränslen",https://www.energimyndigheten.se/495c6b/globalassets/statistik/officiell-statistik/statistikprodukter/tradbransle-och-torvpriser/en0122_bas_2014.pdf,2014 (pdf),EN0122,beskrivning av statistiken,2014,pdf,2026-10-05T18:47:17+00:00
energimyndigheten,Energimyndigheten,https://www.energimyndigheten.se/statistik/officiell-energistatistik/tillforsel-och-anvandning/produktion-import-och-export-av-oforadlade-tradbranslen/?currentTab=3,"Produktion, import och export av oförädlade trädbränslen",https://www.energimyndigheten.se/495c6b/globalassets/statistik/officiell-statistik/statistikprodukter/tradbransle-och-torvpriser/en0122_bas_2013.pdf,2013 (pdf),EN0122,beskrivning av statistiken,2013,pdf,2026-10-05T18:47:17+00:00
energimyndigheten,Energimyndigheten,https://www.energimyndigheten.se/statistik/officiell-energistatistik/tillforsel-och-anvandning/transportsektorns-energianvandning/?currentTab=3,Transportsektorns energianvändning,https://www.energimyndigheten.se/4a6a69/globalassets/statistik/officiell-statistik/statistikprodukter/transportsektorns-energianvandning/kvalitetsdeklaration---transportsektorns-energianvandning-2021-2023.pdf,2021-2023: Samtliga transportslag (pdf),,kvalitetsdeklaration,2023,pdf,2026-10-05T18:47:19+00:00
energimyndigheten,Energimyndigheten,https://www.energimyndigheten.se/statistik/officiell-energistatistik/tillforsel-och-anvandning/transportsektorns-energianvandning/?currentTab=3,Transportsektorns energianvändning,https://www.energimyndigheten.se/49072d/globalassets/statistik/officiell-statistik/statistikprodukter/transportsektorns-energianvandning/kvalitetsdeklaration---transportsektorns-energianvandning-2016-2020.pdf,2016-2020: Samtliga transportslag (pdf),,kvalitetsdeklaration,2020,pdf,2026-10-05T18:47:19+00:00
energimyndigheten,Energimyndigheten,https://www.energimyndigheten.se/statistik/officiell-energistatistik/tillforsel-och-anvandning/transportsektorns-energianvandning/?currentTab=3,Transportsektorns energianvändning,https://www.energimyndigheten.se/4a5953/globalassets/statistik/officiell-statistik/statistikprodukter/transportsektorns-energianvandning/statistikens-framstallning---elanvandning-vagtransporter-2019-2025.pdf,2019-2025: Elanvändning vägtransporter (pdf),,statistikens framställning,2025,pdf,2026-10-05T18:47:19+00:00
energimyndigheten,Energimyndigheten,https://www.energimyndigheten.se/statistik/officiell-energistatistik/tillforsel-och-anvandning/transportsektorns-energianvandning/?currentTab=3,Transportsektorns energianvändning,https://www.energimyndigheten.se/4a5959/globalassets/statistik/officiell-statistik/statistikprodukter/transportsektorns-energianvandning/kvalitetsdeklaration---bantrafikens-energianvandning-2019-2025.pdf,2019-2025: Bantrafikens energianvändning (pdf),,kvalitetsdeklaration,2025,pdf,2026-10-05T18:47:19+00:00
energimyndigheten,Energimyndigheten,https://www.energimyndigheten.se/statistik/officiell-energistatistik/tillforsel-och-anvandning/transportsektorns-energianvandning/?currentTab=3,Transportsektorns energianvändning,https://www.energimyndigheten.se/4a3049/globalassets/statistik/officiell-statistik/statistikprodukter/transportsektorns-energianvandning/kvalitetsdeklaration---bantrafikens-energianvandning-2018.pdf,2018: Bantrafikens energianvändning (pdf),,kvalitetsdeklaration,2018,pdf,2026-10-05T18:47:19+00:00
energimyndigheten,Energimyndigheten,https://www.energimyndigheten.se/statistik/officiell-energistatistik/tillforsel-och-anvandning/transportsektorns-energianvandning/?currentTab=3,Transportsektorns energianvändning,https://www.energimyndigheten.se/4a5889/globalassets/statistik/officiell-statistik/statistikprodukter/transportsektorns-energianvandning/kvalitetsdeklaration---bantrafikens-energianvandning-2017.pdf,2017: Bantrafikens energianvändning (pdf),,kvalitetsdeklaration,2017,pdf,2026-10-05T18:47:19+00:00
energimyndigheten,Energimyndigheten,https://www.energimyndigheten.se/statistik/officiell-energistatistik/tillforsel-och-anvandning/transportsektorns-energianvandning/?currentTab=3,Transportsektorns energianvändning,https://www.energimyndigheten.se/4a6a69/globalassets/statistik/officiell-statistik/statistikprodukter/transportsektorns-energianvandning/statistikens-framstallning---elanvandning-vagtransporter-2019-2023.pdf,2019-2023: Elanvändning vägtransporter,,statistikens framställning,2023,pdf,2026-10-05T18:47:19+00:00
energimyndigheten,Energimyndigheten,https://www.energimyndigheten.se/statistik/officiell-energistatistik/tillforsel-och-anvandning/vindkraftsstatistik/,Vindkraftsstatistik,https://www.energimyndigheten.se/49781b/globalassets/statistik/officiell-statistik/statistikprodukter/vindkraftsstatistik/kvalitetsdeklaration-vindkraftstatistik-2025.pdf,Kvalitetsdeklaration 2025 (pdf),,kvalitetsdeklaration,2025,pdf,2026-10-05T18:47:23+00:00
energimyndigheten,Energimyndigheten,https://www.energimyndigheten.se/statistik/officiell-energistatistik/tillforsel-och-anvandning/vindkraftsstatistik/,Vindkraftsstatistik,https://www.energimyndigheten.se/497750/globalassets/statistik/officiell-statistik/statistikprodukter/vindkraftsstatistik/kvalitetsdeklaration-vindkraftstatistik-2024.pdf,Kvalitetsdeklaration 2024 (pdf),,kvalitetsdeklaration,2024,pdf,2026-10-05T18:47:23+00:00
energimyndigheten,Energimyndigheten,https://www.energimyndigheten.se/statistik/officiell-energistatistik/tillforsel-och-anvandning/vindkraftsstatistik/,Vindkraftsstatistik,https://www.energimyndigheten.se/497ced/globalassets/statistik/officiell-statistik/statistikprodukter/vindkraftsstatistik/kvalitetsdeklaration-vindkraftstatistik-2023.pdf,Kvalitetsdeklaration 2023 (pdf),,kvalitetsdeklaration,2023,pdf,2026-10-05T18:47:23+00:00
energimyndigheten,Energimyndigheten,https://www.energimyndigheten.se/statistik/officiell-energistatistik/tillforsel-och-anvandning/vindkraftsstatistik/,Vindkraftsstatistik,https://www.energimyndigheten.se/497fe6/globalassets/statistik/officiell-statistik/statistikprodukter/vindkraftsstatistik/kvalitetsdeklaration-vindkraftstatistik-2022.pdf,Kvalitetsdeklaration 2022 (pdf),,kvalitetsdeklaration,2022,pdf,2026-10-05T18:47:23+00:00
energimyndigheten,Energimyndigheten,https://www.energimyndigheten.se/statistik/officiell-energistatistik/tillforsel-och-anvandning/vindkraftsstatistik/,Vindkraftsstatistik,https://www.energimyndigheten.se/498345/globalassets/statistik/officiell-statistik/statistikprodukter/vindkraftsstatistik/kvalitetsdeklaration-vindkraftstatistik-2021.pdf,Kvalitetsdeklaration,,kvalitetsdeklaration,2021,pdf,2026-10-05T18:47:23+00:00
energimyndigheten,Energimyndigheten,https://www.energimyndigheten.se/statistik/officiell-energistatistik/tillforsel-och-anvandning/vindkraftsstatistik/,Vindkraftsstatistik,https://www.energimyndigheten.se/498345/globalassets/statistik/officiell-statistik/statistikprodukter/vindkraftsstatistik/kvalitetsdeklaration-vindkraftstatistik-2021.pdf,202,,kvalitetsdeklaration,2021,pdf,2026-10-05T18:47:23+00:00
energimyndigheten,Energimyndigheten,https://www.energimyndigheten.se/statistik/officiell-energistatistik/tillforsel-och-anvandning/vindkraftsstatistik/,Vindkraftsstatistik,https://www.energimyndigheten.se/498345/globalassets/statistik/officiell-statistik/statistikprodukter/vindkraftsstatistik/kvalitetsdeklaration-vindkraftstatistik-2021.pdf,1,,kvalitetsdeklaration,2021,pdf,2026-10-05T18:47:23+00:00
energimyndigheten,Energimyndigheten,https://www.energimyndigheten.se/statistik/officiell-energistatistik/tillforsel-och-anvandning/vindkraftsstatistik/,Vindkraftsstatistik,https://www.energimyndigheten.se/498345/globalassets/statistik/officiell-statistik/statistikprodukter/vindkraftsstatistik/kvalitetsdeklaration-vindkraftstatistik-2021.pdf,(pdf),,kvalitetsdeklaration,2021,pdf,2026-10-05T18:47:23+00:00
energimyndigheten,Energimyndigheten,https://www.energimyndigheten.se/statistik/officiell-energistatistik/tillforsel-och-anvandning/vindkraftsstatistik/,Vindkraftsstatistik,https://www.energimyndigheten.se/4984bb/globalassets/statistik/officiell-statistik/statistikprodukter/vindkraftsstatistik/kvalitetsdeklaration-vindkraftstatistik-2020.pdf,Kvalitetsdeklaration 2020 (pdf),,kvalitetsdeklaration,2020,pdf,2026-10-05T18:47:23+00:00
energimyndigheten,Energimyndigheten,https://www.energimyndigheten.se/statistik/officiell-energistatistik/tillforsel-och-anvandning/vindkraftsstatistik/,Vindkraftsstatistik,https://www.energimyndigheten.se/4a2c86/globalassets/statistik/officiell-statistik/statistikprodukter/vindkraftsstatistik/kvalitetsdeklaration-vindkraftstatistik-2019.pdf,Kvalitetsdeklaration 2019 (pdf),,kvalitetsdeklaration,2019,pdf,2026-10-05T18:47:23+00:00
energimyndigheten,Energimyndigheten,https://www.energimyndigheten.se/statistik/officiell-energistatistik/tillforsel-och-anvandning/vindkraftsstatistik/,Vindkraftsstatistik,https://www.energimyndigheten.se/4a2c5c/globalassets/statistik/officiell-statistik/statistikprodukter/vindkraftsstatistik/kvalitetsdeklaration-vindkraftstatistik-2018.pdf,Kvalitetsdeklaration 2018 (pdf),,kvalitetsdeklaration,2018,pdf,2026-10-05T18:47:23+00:00
energimyndigheten,Energimyndigheten,https://www.energimyndigheten.se/statistik/officiell-energistatistik/prisutveckling-inom-energiomradet/tradbransle--och-torvpriser/?currentTab=3,"Trädbränsle-, torv- och avfallspriser",https://www.energimyndigheten.se/49b829/globalassets/statistik/officiell-statistik/statistikprodukter/tradbransle-och-torvpriser/en0307_kd_2026.pdf,Kvalitetsdeklaration 2026,EN0307,kvalitetsdeklaration,2026,pdf,2026-10-05T18:47:34+00:00
energimyndigheten,Energimyndigheten,https://www.energimyndigheten.se/statistik/officiell-energistatistik/prisutveckling-inom-energiomradet/tradbransle--och-torvpriser/?currentTab=3,"Trädbränsle-, torv- och avfallspriser",https://www.energimyndigheten.se/49c107/globalassets/statistik/officiell-statistik/statistikprodukter/tradbransle-och-torvpriser/en0307_kd_2025.pdf,Kvalitetsdeklaration 2025,EN0307,kvalitetsdeklaration,2025,pdf,2026-10-05T18:47:34+00:00
energimyndigheten,Energimyndigheten,https://www.energimyndigheten.se/statistik/officiell-energistatistik/prisutveckling-inom-energiomradet/tradbransle--och-torvpriser/?currentTab=3,"Trädbränsle-, torv- och avfallspriser",https://www.energimyndigheten.se/49c47e/globalassets/statistik/officiell-statistik/statistikprodukter/tradbransle-och-torvpriser/en0307_kd_2024.pdf,Kvalitetsdeklaration 2024,EN0307,kvalitetsdeklaration,2024,pdf,2026-10-05T18:47:34+00:00
energimyndigheten,Energimyndigheten,https://www.energimyndigheten.se/statistik/officiell-energistatistik/prisutveckling-inom-energiomradet/tradbransle--och-torvpriser/?currentTab=3,"Trädbränsle-, torv- och avfallspriser",https://www.energimyndigheten.se/49c543/globalassets/statistik/officiell-statistik/statistikprodukter/tradbransle-och-torvpriser/en0307_kd_2023.pdf,Kvalitetsdeklaration 2023,EN0307,kvalitetsdeklaration,2023,pdf,2026-10-05T18:47:34+00:00
energimyndigheten,Energimyndigheten,https://www.energimyndigheten.se/statistik/officiell-energistatistik/prisutveckling-inom-energiomradet/tradbransle--och-torvpriser/?currentTab=3,"Trädbränsle-, torv- och avfallspriser",https://www.energimyndigheten.se/49c83c/globalassets/statistik/officiell-statistik/statistikprodukter/tradbransle-och-torvpriser/en0307_kd_2022.pdf,Kvalitetsdeklaration 2022,EN0307,kvalitetsdeklaration,2022,pdf,2026-10-05T18:47:34+00:00
energimyndigheten,Energimyndigheten,https://www.energimyndigheten.se/statistik/officiell-energistatistik/prisutveckling-inom-energiomradet/tradbransle--och-torvpriser/?currentTab=3,"Trädbränsle-, torv- och avfallspriser",https://www.energimyndigheten.se/4941be/globalassets/statistik/officiell-statistik/statistikprodukter/tradbransle-och-torvpriser/en0307_kd_2021_220311.pdf,Kvalitetsdeklaration 2021,EN0307,kvalitetsdeklaration,2021,pdf,2026-10-05T18:47:34+00:00
energimyndigheten,Energimyndigheten,https://www.energimyndigheten.se/statistik/officiell-energistatistik/prisutveckling-inom-energiomradet/tradbransle--och-torvpriser/?currentTab=3,"Trädbränsle-, torv- och avfallspriser",https://www.energimyndigheten.se/4a74a0/globalassets/statistik/officiell-statistik/statistikprodukter/tradbransle-och-torvpriser/en0307_kd_2020_ml_200610.pdf,Kvalitetsdeklaration 2020,EN0307,kvalitetsdeklaration,2020,pdf,2026-10-05T18:47:34+00:00
energimyndigheten,Energimyndigheten,https://www.energimyndigheten.se/statistik/officiell-energistatistik/prisutveckling-inom-energiomradet/tradbransle--och-torvpriser/?currentTab=3,"Trädbränsle-, torv- och avfallspriser",https://www.energimyndigheten.se/4a753e/globalassets/statistik/officiell-statistik/statistikprodukter/tradbransle-och-torvpriser/en0307_kd_2019_mk_190605.pdf,Kvalitetsdeklaration 2019,EN0307,kvalitetsdeklaration,2019,pdf,2026-10-05T18:47:34+00:00
energimyndigheten,Energimyndigheten,https://www.energimyndigheten.se/statistik/officiell-energistatistik/prisutveckling-inom-energiomradet/tradbransle--och-torvpriser/?currentTab=3,"Trädbränsle-, torv- och avfallspriser",https://www.energimyndigheten.se/4a5245/globalassets/statistik/officiell-statistik/statistikprodukter/tradbransle-och-torvpriser/en0307_kd_2018_mk_181205.pdf,Kvalitetsdeklaration 2018,EN0307,kvalitetsdeklaration,2018,pdf,2026-10-05T18:47:34+00:00
energimyndigheten,Energimyndigheten,https://www.energimyndigheten.se/statistik/officiell-energistatistik/prisutveckling-inom-energiomradet/tradbransle--och-torvpriser/?currentTab=3,"Trädbränsle-, torv- och avfallspriser",https://www.energimyndigheten.se/4a58db/globalassets/statistik/officiell-statistik/statistikprodukter/tradbransle-och-torvpriser/en0307_kd_2017_eh_180222.pdf,Kvalitetsdeklaration 2017,EN0307,kvalitetsdeklaration,2017,pdf,2026-10-05T18:47:34+00:00
energimyndigheten,Energimyndigheten,https://www.energimyndigheten.se/statistik/officiell-energistatistik/prisutveckling-inom-energiomradet/tradbransle--och-torvpriser/?currentTab=3,"Trädbränsle-, torv- och avfallspriser",https://www.energimyndigheten.se/49b829/globalassets/statistik/officiell-statistik/statistikprodukter/tradbransle-och-torvpriser/en0307_staf_2026.pdf,Statistikens framställning 2026,EN0307,statistikens framställning,2026,pdf,2026-10-05T18:47:34+00:00
energimyndigheten,Energimyndigheten,https://www.energimyndigheten.se/statistik/officiell-energistatistik/prisutveckling-inom-energiomradet/tradbransle--och-torvpriser/?currentTab=3,"Trädbränsle-, torv- och avfallspriser",https://www.energimyndigheten.se/49bb98/globalassets/statistik/officiell-statistik/statistikprodukter/tradbransle-och-torvpriser/en0307_staf_2025.pdf,Statistikens framställning 2025,EN0307,statistikens framställning,2025,pdf,2026-10-05T18:47:34+00:00
energimyndigheten,Energimyndigheten,https://www.energimyndigheten.se/statistik/officiell-energistatistik/prisutveckling-inom-energiomradet/tradbransle--och-torvpriser/?currentTab=3,"Trädbränsle-, torv- och avfallspriser",https://www.energimyndigheten.se/4a7d49/globalassets/statistik/officiell-statistik/statistikprodukter/tradbransle-och-torvpriser/en0307_staf_2024.pdf,Statistikens framställning 2024,EN0307,statistikens framställning,2024,pdf,2026-10-05T18:47:34+00:00
energimyndigheten,Energimyndigheten,https://www.energimyndigheten.se/statistik/officiell-energistatistik/prisutveckling-inom-energiomradet/tradbransle--och-torvpriser/?currentTab=3,"Trädbränsle-, torv- och avfallspriser",https://www.energimyndigheten.se/49c543/globalassets/statistik/officiell-statistik/statistikprodukter/tradbransle-och-torvpriser/en0307_staf_2023.pdf,Statistikens framställning 2023,EN0307,statistikens framställning,2023,pdf,2026-10-05T18:47:34+00:00
energimyndigheten,Energimyndigheten,https://www.energimyndigheten.se/statistik/officiell-energistatistik/prisutveckling-inom-energiomradet/tradbransle--och-torvpriser/?currentTab=3,"Trädbränsle-, torv- och avfallspriser",https://www.energimyndigheten.se/49c83c/globalassets/statistik/officiell-statistik/statistikprodukter/tradbransle-och-torvpriser/en0307_staf_2022.pdf,Statistikens framställning 2022,EN0307,statistikens framställning,2022,pdf,2026-10-05T18:47:34+00:00
energimyndigheten,Energimyndigheten,https://www.energimyndigheten.se/statistik/officiell-energistatistik/prisutveckling-inom-energiomradet/tradbransle--och-torvpriser/?currentTab=3,"Trädbränsle-, torv- och avfallspriser",https://www.energimyndigheten.se/49cce7/globalassets/statistik/officiell-statistik/statistikprodukter/tradbransle-och-torvpriser/en0307_staf_2021_210609.pdf,Statistikens framställning 2021,EN0307,statistikens framställning,2021,pdf,2026-10-05T18:47:34+00:00
energimyndigheten,Energimyndigheten,https://www.energimyndigheten.se/statistik/officiell-energistatistik/prisutveckling-inom-energiomradet/tradbransle--och-torvpriser/?currentTab=3,"Trädbränsle-, torv- och avfallspriser",https://www.energimyndigheten.se/4a7551/globalassets/statistik/officiell-statistik/statistikprodukter/tradbransle-och-torvpriser/en0307_staf_2020_ml_200610.pdf,Statistikens framställning 2020,EN0307,statistikens framställning,2020,pdf,2026-10-05T18:47:34+00:00
energimyndigheten,Energimyndigheten,https://www.energimyndigheten.se/statistik/officiell-energistatistik/prisutveckling-inom-energiomradet/tradbransle--och-torvpriser/?currentTab=3,"Trädbränsle-, torv- och avfallspriser",https://www.energimyndigheten.se/4a7474/globalassets/statistik/officiell-statistik/statistikprodukter/tradbransle-och-torvpriser/en0307_staf_2019_mk_190605.pdf,Statistikens framställning 2019,EN0307,statistikens framställning,2019,pdf,2026-10-05T18:47:34+00:00
energimyndigheten,Energimyndigheten,https://www.energimyndigheten.se/statistik/officiell-energistatistik/prisutveckling-inom-energiomradet/tradbransle--och-torvpriser/?currentTab=3,"Trädbränsle-, torv- och avfallspriser",https://www.energimyndigheten.se/4a5288/globalassets/statistik/officiell-statistik/statistikprodukter/tradbransle-och-torvpriser/en0307_staf_2018_mk_181205.pdf,Statistikens framställning 2018,EN0307,statistikens framställning,2018,pdf,2026-10-05T18:47:34+00:00
energimyndigheten,Energimyndigheten,https://www.energimyndigheten.se/statistik/officiell-energistatistik/prisutveckling-inom-energiomradet/tradbransle--och-torvpriser/?currentTab=3,"Trädbränsle-, torv- och avfallspriser",https://www.energimyndigheten.se/49b11f/globalassets/statistik/officiell-statistik/statistikprodukter/tradbransle-och-torvpriser/en0307_staf_2017_eh_171017.pdf,Statistikens framställning 2017,EN0307,statistikens framställning,2017,pdf,2026-10-05T18:47:34+00:00
folkhalsomyndigheten,Folkhälsomyndigheten,https://www.folkhalsomyndigheten.se/statistik-och-data/om-vara-data/sveriges-officiella-statistik/officiell-statistik-om-anmalningspliktiga-smittsamma-sjukdomar/,Officiell statistik om anmälningspliktiga smittsamma sjukdomar — Folkhälsomyndigheten,https://www.folkhalsomyndigheten.se/globalassets/statistik-uppfoljning/officiell-statistik/kvalitetsdeklaration-anmalningspliktiga-smittsamma-sjukdomar.pdf,"Kvalitetsdeklaration Anmälningspliktiga smittsamma sjukdomar (PDF, 334 kB)",,kvalitetsdeklaration,,pdf,2026-10-05T18:47:40+00:00
folkhalsomyndigheten,Folkhälsomyndigheten,https://www.folkhalsomyndigheten.se/statistik-och-data/om-vara-data/sveriges-officiella-statistik/officiell-statistik-om-anmalningspliktiga-smittsamma-sjukdomar/,Officiell statistik om anmälningspliktiga smittsamma sjukdomar — Folkhälsomyndigheten,https://www.folkhalsomyndigheten.se/globalassets/statistik-uppfoljning/officiell-statistik/statistikens-framstallning-anmalningspliktiga-smittsamma-sjukdomar.pdf,"Statistikens framställning Anmälningspliktiga smittsamma sjukdomar (PDF, 311 kB)",,statistikens framställning,,pdf,2026-10-05T18:47:40+00:00
folkhalsomyndigheten,Folkhälsomyndigheten,https://www.folkhalsomyndigheten.se/statistik-och-data/om-vara-data/sveriges-officiella-statistik/officiell-statistik-om-vaccinationer-inom-barnvaccinationsprogrammet/,Officiell statistik om vaccinationer inom barnvaccinationsprogrammet — Folkhälsomyndigheten,https://www.folkhalsomyndigheten.se/globalassets/statistik-uppfoljning/officiell-statistik/barnvaccination/kvalitetsdeklaration-barnvaccinationer.pdf,"Kvalitetsdeklaration Barnvaccinationer (PDF, 303 kB)",,kvalitetsdeklaration,,pdf,2026-10-05T18:47:41+00:00
folkhalsomyndigheten,Folkhälsomyndigheten,https://www.folkhalsomyndigheten.se/statistik-och-data/om-vara-data/sveriges-officiella-statistik/officiell-statistik-om-vaccinationer-inom-barnvaccinationsprogrammet/,Officiell statistik om vaccinationer inom barnvaccinationsprogrammet — Folkhälsomyndigheten,https://www.folkhalsomyndigheten.se/globalassets/statistik-uppfoljning/officiell-statistik/barnvaccination/statistikens-framstallning-barnvaccinationer.pdf,"Statistikens framställning Barnvaccinationer (PDF, 276 kB)",,statistikens framställning,,pdf,2026-10-05T18:47:41+00:00
folkhalsomyndigheten,Folkhälsomyndigheten,https://www.folkhalsomyndigheten.se/statistik-och-data/om-vara-data/om-vara-datainsamlingar/nationella-folkhalsoenkaten/dokumentation-nationella-folkhalsoenkaten/,Dokumentation – Nationella folkhälsoenkäten — Folkhälsomyndigheten,https://www.folkhalsomyndigheten.se/contentassets/9b1b216c596a487ca6c6aa6dc413efb4/kvalitetsdeklaration-hlv-20242.pdf,"Kvalitetsdeklaration 2024 (PDF, 508 kB)",,kvalitetsdeklaration,2024,pdf,2026-10-05T18:47:49+00:00
folkhalsomyndigheten,Folkhälsomyndigheten,https://www.folkhalsomyndigheten.se/statistik-och-data/om-vara-data/om-vara-datainsamlingar/nationella-folkhalsoenkaten/dokumentation-nationella-folkhalsoenkaten/,Dokumentation – Nationella folkhälsoenkäten — Folkhälsomyndigheten,https://www.folkhalsomyndigheten.se/contentassets/9b1b216c596a487ca6c6aa6dc413efb4/kvalitetsdeklaration-hlv.pdf,"Kvalitetsdeklaration 2022 (PDF, 407 kB)",,kvalitetsdeklaration,2022,pdf,2026-10-05T18:47:49+00:00
folkhalsomyndigheten,Folkhälsomyndigheten,https://www.folkhalsomyndigheten.se/statistik-och-data/om-vara-data/om-vara-datainsamlingar/nationella-folkhalsoenkaten/dokumentation-nationella-folkhalsoenkaten/,Dokumentation – Nationella folkhälsoenkäten — Folkhälsomyndigheten,https://www.folkhalsomyndigheten.se/contentassets/9b1b216c596a487ca6c6aa6dc413efb4/statistikens-framstallning-hlv-2024.pdf,"Statistikens framställning 2024 (PDF, 376 kB)",,statistikens framställning,2024,pdf,2026-10-05T18:47:49+00:00
havochvatten,Havs- och vattenmyndigheten,https://www.havochvatten.se/data-kartor-och-rapporter/data-och-statistik/officiell-statistik.html,Officiell statistik - Data och statistik - Statistik om miljötillstånd - Havs- och vattenmyndigheten,https://www.havochvatten.se/data-kartor-och-rapporter/data-och-statistik/officiell-statistik/officiell-statistik---havs--och-vattenmiljo/kvalitetsdeklarationer-for-sotvatten-och-kust-och-hav.html,Kvalitetsdeklarationer för Sötvatten och Kust och hav,,kvalitetsdeklaration,,html,2026-10-05T18:46:36+00:00
havochvatten,Havs- och vattenmyndigheten,https://www.havochvatten.se/data-kartor-och-rapporter/data-och-statistik/officiell-statistik/officiell-statistik---fiske/sm---statistiska-meddelanden.html,SM – Statistiska Meddelanden - Data och statistik - Statistik om miljötillstånd - Havs- och vattenmyndigheten,https://www.havochvatten.se/download/18.4edbca9b19e4aff867fbdbf5/1780382582728/officiell-statistik-JO55SM2601.pdf,"Kvalitetsdeklaration JO 55-50 SM Det yrkesmässiga fisket i havet pdf, 750.4 kB.",,kvalitetsdeklaration,,pdf,2026-10-05T18:46:41+00:00
havochvatten,Havs- och vattenmyndigheten,https://www.havochvatten.se/data-kartor-och-rapporter/data-och-statistik/officiell-statistik/officiell-statistik---fiske/sm---statistiska-meddelanden.html,SM – Statistiska Meddelanden - Data och statistik - Statistik om miljötillstånd - Havs- och vattenmyndigheten,https://www.havochvatten.se/download/18.4edbca9b19e4aff867fbdbf3/1780382561324/officiell-statistik-JO56SM2601.pdf,"Kvalitetsdeklaration JO 56 SM Det yrkesmässiga fisket i sötvatten pdf, 275 kB.",,kvalitetsdeklaration,,pdf,2026-10-05T18:46:41+00:00
havochvatten,Havs- och vattenmyndigheten,https://www.havochvatten.se/data-kartor-och-rapporter/data-och-statistik/officiell-statistik/officiell-statistik---fiske/fakta-om-fritidsfiske.html,Fakta om fritidsfiske - Data och statistik - Statistik om miljötillstånd - Havs- och vattenmyndigheten,https://www.havochvatten.se/download/18.2bebe2371a0b0a95efcd04b9/1790759299893/officiell-statistik-kvalitetsdeklaration-JO1104.pdf,"Kvalitetsdeklaration pdf, 473.9 kB.",JO1104,kvalitetsdeklaration,,pdf,2026-10-05T18:46:43+00:00
havochvatten,Havs- och vattenmyndigheten,https://www.havochvatten.se/data-kartor-och-rapporter/data-och-statistik/officiell-statistik/officiell-statistik---fiske/fakta-om-fritidsfiske.html,Fakta om fritidsfiske - Data och statistik - Statistik om miljötillstånd - Havs- och vattenmyndigheten,https://www.havochvatten.se/download/18.2bebe2371a0b0a95efcd04b8/1790759275739/officiell-statistik-fritidsfiske-sf-JO1104.pdf,"Statistikens framställning pdf, 1.4 MB.",JO1104,statistikens framställning,,pdf,2026-10-05T18:46:43+00:00
havochvatten,Havs- och vattenmyndigheten,https://www.havochvatten.se/data-kartor-och-rapporter/data-och-statistik/officiell-statistik/officiell-statistik---fiske/fakta-om-fritidsfiske.html,Fakta om fritidsfiske - Data och statistik - Statistik om miljötillstånd - Havs- och vattenmyndigheten,https://www.havochvatten.se/download/18.e09b5f41976574b186384af/1750076751515/officiell-statistik-fritidsfiske-JO57SM2501-kvalitetsdeklaration.pdf,"Kvalitetsdeklaration pdf, 537.3 kB.",,kvalitetsdeklaration,,pdf,2026-10-05T18:46:43+00:00
havochvatten,Havs- och vattenmyndigheten,https://www.havochvatten.se/data-kartor-och-rapporter/data-och-statistik/officiell-statistik/officiell-statistik---fiske/fakta-om-fritidsfiske.html,Fakta om fritidsfiske - Data och statistik - Statistik om miljötillstånd - Havs- och vattenmyndigheten,https://www.havochvatten.se/download/18.e09b5f41976574b1863875f/1750077426551/officiell-statistik-fritidsfiske-JO57SM2501-statistikens-framstallning.pdf,"Statistikens framställning pdf, 1.4 MB.",,statistikens framställning,,pdf,2026-10-05T18:46:43+00:00
havochvatten,Havs- och vattenmyndigheten,https://www.havochvatten.se/data-kartor-och-rapporter/data-och-statistik/officiell-statistik/officiell-statistik---fiske/fakta-om-fritidsfiske.html,Fakta om fritidsfiske - Data och statistik - Statistik om miljötillstånd - Havs- och vattenmyndigheten,https://www.havochvatten.se/download/18.5a0c1a2c18fa6d6097b7aded/1717155835132/officiell-statistik-kvalitetsdeklaration-2023.pdf,"Kvalitetsdeklaration pdf, 359.2 kB.",,kvalitetsdeklaration,2023,pdf,2026-10-05T18:46:43+00:00
havochvatten,Havs- och vattenmyndigheten,https://www.havochvatten.se/data-kartor-och-rapporter/data-och-statistik/officiell-statistik/officiell-statistik---fiske/fakta-om-fritidsfiske.html,Fakta om fritidsfiske - Data och statistik - Statistik om miljötillstånd - Havs- och vattenmyndigheten,https://www.havochvatten.se/download/18.5a0c1a2c18fa6d6097b7adee/1717155835152/officiell-statistik-statistikens-framstallning-2023.pdf,"Statistikens framställning pdf, 983.9 kB.",,statistikens framställning,2023,pdf,2026-10-05T18:46:43+00:00
havochvatten,Havs- och vattenmyndigheten,https://www.havochvatten.se/data-kartor-och-rapporter/data-och-statistik/officiell-statistik/officiell-statistik---fiske/fakta-om-fritidsfiske.html,Fakta om fritidsfiske - Data och statistik - Statistik om miljötillstånd - Havs- och vattenmyndigheten,https://www.havochvatten.se/download/18.6c895816188a27a9bca59e4e/1686834283367/officiell-statistik-kvalitetsdeklaration-2022-jo-1104.pdf,"Kvalitetsdeklaration pdf, 317.9 kB.",,kvalitetsdeklaration,2022,pdf,2026-10-05T18:46:43+00:00
havochvatten,Havs- och vattenmyndigheten,https://www.havochvatten.se/data-kartor-och-rapporter/data-och-statistik/officiell-statistik/officiell-statistik---fiske/fakta-om-fritidsfiske.html,Fakta om fritidsfiske - Data och statistik - Statistik om miljötillstånd - Havs- och vattenmyndigheten,https://www.havochvatten.se/download/18.6c895816188a27a9bca59f47/1686834443259/officiell-statistik-statistikens-framstallning-2022-jo-1104.pdf,"Statistikens framställning pdf, 1 MB.",,statistikens framställning,2022,pdf,2026-10-05T18:46:43+00:00
havochvatten,Havs- och vattenmyndigheten,https://www.havochvatten.se/data-kartor-och-rapporter/data-och-statistik/officiell-statistik/officiell-statistik---fiske/fakta-om-fritidsfiske.html,Fakta om fritidsfiske - Data och statistik - Statistik om miljötillstånd - Havs- och vattenmyndigheten,https://www.havochvatten.se/download/18.2910eb4e18168d823c8dbe54/1656498517454/fritidsfisket-i-sverige-2021-kvalitetsdeklaration..pdf,"Kvalitetsdeklaration pdf, 575.6 kB.",,kvalitetsdeklaration,2021,pdf,2026-10-05T18:46:43+00:00
havochvatten,Havs- och vattenmyndigheten,https://www.havochvatten.se/data-kartor-och-rapporter/data-och-statistik/officiell-statistik/officiell-statistik---fiske/fakta-om-fritidsfiske.html,Fakta om fritidsfiske - Data och statistik - Statistik om miljötillstånd - Havs- och vattenmyndigheten,https://www.havochvatten.se/download/18.2910eb4e18168d823c8dbe55/1684752912297/fritidsfisket-i-sverige-2021-statistikens-framstallning.pdf,"Statistikens framställning pdf, 1.7 MB.",,statistikens framställning,2021,pdf,2026-10-05T18:46:43+00:00
havochvatten,Havs- och vattenmyndigheten,https://www.havochvatten.se/data-kartor-och-rapporter/data-och-statistik/officiell-statistik/officiell-statistik---fiske/fakta-om-fritidsfiske.html,Fakta om fritidsfiske - Data och statistik - Statistik om miljötillstånd - Havs- och vattenmyndigheten,https://www.havochvatten.se/download/18.29a8aed7179dd194ae9a44aa/1623831037282/JO1104_KD_2020.pdf,"Kvalitetsdeklaration pdf, 623.4 kB.",JO1104,kvalitetsdeklaration,2020,pdf,2026-10-05T18:46:43+00:00
havochvatten,Havs- och vattenmyndigheten,https://www.havochvatten.se/data-kartor-och-rapporter/data-och-statistik/officiell-statistik/officiell-statistik---fiske/fakta-om-fritidsfiske.html,Fakta om fritidsfiske - Data och statistik - Statistik om miljötillstånd - Havs- och vattenmyndigheten,https://www.havochvatten.se/download/18.29a8aed7179dd194ae9a44ad/1623831058047/JO1104_STAF_2020.pdf,"Statistikens framställning pdf, 1.8 MB.",JO1104,statistikens framställning,2020,pdf,2026-10-05T18:46:43+00:00
havochvatten,Havs- och vattenmyndigheten,https://www.havochvatten.se/data-kartor-och-rapporter/data-och-statistik/officiell-statistik/officiell-statistik---fiske/fakta-om-fritidsfiske.html,Fakta om fritidsfiske - Data och statistik - Statistik om miljötillstånd - Havs- och vattenmyndigheten,https://www.havochvatten.se/download/18.1bd43926172bdc4d6488283b/1593180016975/kvalitetsdeklaration-2019-JO-1104-KD-2019.pdf,"Kvalitetsdeklaration pdf, 579.3 kB.",,kvalitetsdeklaration,2019,pdf,2026-10-05T18:46:43+00:00
havochvatten,Havs- och vattenmyndigheten,https://www.havochvatten.se/data-kartor-och-rapporter/data-och-statistik/officiell-statistik/officiell-statistik---fiske/fakta-om-fritidsfiske.html,Fakta om fritidsfiske - Data och statistik - Statistik om miljötillstånd - Havs- och vattenmyndigheten,https://www.havochvatten.se/download/18.1bd43926172bdc4d648828dc/1593180280897/statistikens-framstallning-JO-1104-STAF-2019.pdf,"Statistikens framställning pdf, 1.6 MB.",,statistikens framställning,2019,pdf,2026-10-05T18:46:43+00:00
havochvatten,Havs- och vattenmyndigheten,https://www.havochvatten.se/data-kartor-och-rapporter/data-och-statistik/officiell-statistik/officiell-statistik---fiske/fakta-om-fritidsfiske.html,Fakta om fritidsfiske - Data och statistik - Statistik om miljötillstånd - Havs- och vattenmyndigheten,https://www.havochvatten.se/download/18.4b6151c116b836ca6986eb70/1561723918617/kvalitetsdeklaration-2018.pdf,"Kvalitetsdeklaration pdf, 523.8 kB.",,kvalitetsdeklaration,2018,pdf,2026-10-05T18:46:43+00:00
havochvatten,Havs- och vattenmyndigheten,https://www.havochvatten.se/data-kartor-och-rapporter/data-och-statistik/officiell-statistik/officiell-statistik---fiske/fakta-om-fritidsfiske.html,Fakta om fritidsfiske - Data och statistik - Statistik om miljötillstånd - Havs- och vattenmyndigheten,https://www.havochvatten.se/download/18.4b6151c116b836ca6986ebfc/1561724098389/statistikens-framstallning-2018.pdf,"Statistikens framställning pdf, 1.2 MB.",,statistikens framställning,2018,pdf,2026-10-05T18:46:43+00:00
havochvatten,Havs- och vattenmyndigheten,https://www.havochvatten.se/data-kartor-och-rapporter/data-och-statistik/officiell-statistik/officiell-statistik---fiske/fakta-om-fritidsfiske.html,Fakta om fritidsfiske - Data och statistik - Statistik om miljötillstånd - Havs- och vattenmyndigheten,https://www.havochvatten.se/download/18.619e9cdf163fb20d0dd815a1/1708801022348/kvalitetsdeklaration-2017.pdf,"Kvalitetsdeklaration pdf, 4.7 MB.",,kvalitetsdeklaration,2017,pdf,2026-10-05T18:46:43+00:00
havochvatten,Havs- och vattenmyndigheten,https://www.havochvatten.se/data-kartor-och-rapporter/data-och-statistik/officiell-statistik/officiell-statistik---fiske/fakta-om-fritidsfiske.html,Fakta om fritidsfiske - Data och statistik - Statistik om miljötillstånd - Havs- och vattenmyndigheten,https://www.havochvatten.se/download/18.52431036160f5c99b629f52a/1708801022451/kvalitetsdeklaration-fritidsfiskeundersokningen-2016.pdf,"Kvalitetsdeklaration pdf, 504.9 kB.",,kvalitetsdeklaration,2016,pdf,2026-10-05T18:46:43+00:00
havochvatten,Havs- och vattenmyndigheten,https://www.havochvatten.se/data-kartor-och-rapporter/data-och-statistik/officiell-statistik/officiell-statistik---fiske/fakta-om-fritidsfiske.html,Fakta om fritidsfiske - Data och statistik - Statistik om miljötillstånd - Havs- och vattenmyndigheten,https://www.havochvatten.se/download/18.5b30d06015a95d6175c8d21b/1708801022466/Kvalitetsdeklaration-JO-57-SM-1701-1702-1703.pdf,"Kvalitetsdeklaration pdf, 368.1 kB.",,kvalitetsdeklaration,,pdf,2026-10-05T18:46:43+00:00
havochvatten,Havs- och vattenmyndigheten,https://www.havochvatten.se/data-kartor-och-rapporter/data-och-statistik/officiell-statistik/officiell-statistik---havs--och-vattenmiljo/alkalinitet-i-grundvatten.html,Alkalinitet i grundvatten - Data och statistik - Statistik om miljötillstånd - Havs- och vattenmyndigheten,https://www.havochvatten.se/data-kartor-och-rapporter/data-och-statistik/officiell-statistik/officiell-statistik---havs--och-vattenmiljo/kvalitetsdeklarationer-for-sotvatten-och-kust-och-hav.html,Här finns kvalitetsdeklarationer.,,kvalitetsdeklaration,,html,2026-10-05T18:46:44+00:00
havochvatten,Havs- och vattenmyndigheten,https://www.havochvatten.se/data-kartor-och-rapporter/data-och-statistik/officiell-statistik/officiell-statistik---havs--och-vattenmiljo/klorid-i-grundvatten.html,Klorid i grundvatten - Data och statistik - Statistik om miljötillstånd - Havs- och vattenmyndigheten,https://www.havochvatten.se/download/18.713e6c01184da5367a827250/1670317794418/officiell-statistik-kvalitetsdeklaration-grundvatten-sotvatten-miljoavstand-2022.pdf,"Sötvatten - Miljötillstånd pdf, 225.7 kB.",,kvalitetsdeklaration,2022,pdf,2026-10-05T18:46:50+00:00
havochvatten,Havs- och vattenmyndigheten,https://www.havochvatten.se/data-kartor-och-rapporter/data-och-statistik/officiell-statistik/officiell-statistik---havs--och-vattenmiljo/kvalitetsdeklarationer-for-sotvatten-och-kust-och-hav.html,Kvalitetsdeklarationer för Sötvatten och Kust och hav - Data och statistik - Statistik om miljötillstånd - Havs- och vattenmyndigheten,https://www.havochvatten.se/download/18.1f7f285219d529f31685290a/1775647526985/kvalitetsdeklaration-klorid-i-grundvatten-2019-2021.pdf,"Alkalinitet i grundvatten 2019-2021 pdf, 225.7 kB.",,kvalitetsdeklaration,2021,pdf,2026-10-05T18:46:52+00:00
havochvatten,Havs- och vattenmyndigheten,https://www.havochvatten.se/data-kartor-och-rapporter/data-och-statistik/officiell-statistik/officiell-statistik---havs--och-vattenmiljo/kvalitetsdeklarationer-for-sotvatten-och-kust-och-hav.html,Kvalitetsdeklarationer för Sötvatten och Kust och hav - Data och statistik - Statistik om miljötillstånd - Havs- och vattenmyndigheten,https://www.havochvatten.se/download/18.1f7f285219d529f3168428db/1775562474789/kvalitetsdeklaration-alkalinitet-i-vatten-1996-2018.pdf,"Alkalinitet i grundvatten 1996-2018 pdf, 194.4 kB.",,kvalitetsdeklaration,2018,pdf,2026-10-05T18:46:52+00:00
havochvatten,Havs- och vattenmyndigheten,https://www.havochvatten.se/data-kartor-och-rapporter/data-och-statistik/officiell-statistik/officiell-statistik---havs--och-vattenmiljo/kvalitetsdeklarationer-for-sotvatten-och-kust-och-hav.html,Kvalitetsdeklarationer för Sötvatten och Kust och hav - Data och statistik - Statistik om miljötillstånd - Havs- och vattenmyndigheten,https://www.havochvatten.se/download/18.1f7f285219d529f3168428dd/1775562491374/kvalitetsdeklaration-miljotillstand-i-sjoar-och-vattendrag-1995.pdf,"Miljötillstånd i sjöar och vattendrag 1995 pdf, 19.6 kB.",,kvalitetsdeklaration,1995,pdf,2026-10-05T18:46:52+00:00
havochvatten,Havs- och vattenmyndigheten,https://www.havochvatten.se/data-kartor-och-rapporter/data-och-statistik/officiell-statistik/officiell-statistik---havs--och-vattenmiljo/kvalitetsdeklarationer-for-sotvatten-och-kust-och-hav.html,Kvalitetsdeklarationer för Sötvatten och Kust och hav - Data och statistik - Statistik om miljötillstånd - Havs- och vattenmyndigheten,https://www.havochvatten.se/download/18.1f7f285219d529f316852d02/1775648736079/kvalitetsdeklaration-fisk-i-sjoar-2019-2021.pdf,"Fisk i sjöar 2019-2021 pdf, 249 kB.",,kvalitetsdeklaration,2021,pdf,2026-10-05T18:46:52+00:00
havochvatten,Havs- och vattenmyndigheten,https://www.havochvatten.se/data-kartor-och-rapporter/data-och-statistik/officiell-statistik/officiell-statistik---havs--och-vattenmiljo/kvalitetsdeklarationer-for-sotvatten-och-kust-och-hav.html,Kvalitetsdeklarationer för Sötvatten och Kust och hav - Data och statistik - Statistik om miljötillstånd - Havs- och vattenmyndigheten,https://www.havochvatten.se/download/18.1f7f285219d529f3168428de/1775562535847/kvalitetsdeklaration-fisk-i-sjoar-1994-2018.pdf,"Fisk i sjöar 1994-2018 pdf, 331.8 kB.",,kvalitetsdeklaration,2018,pdf,2026-10-05T18:46:52+00:00
havochvatten,Havs- och vattenmyndigheten,https://www.havochvatten.se/data-kartor-och-rapporter/data-och-statistik/officiell-statistik/officiell-statistik---havs--och-vattenmiljo/kvalitetsdeklarationer-for-sotvatten-och-kust-och-hav.html,Kvalitetsdeklarationer för Sötvatten och Kust och hav - Data och statistik - Statistik om miljötillstånd - Havs- och vattenmyndigheten,https://www.havochvatten.se/download/18.1f7f285219d529f316853003/1775649378467/kvalitetsdeklaration-fisk-i-vattendrag-2019-2021.pdf,"Fisk i vattendrag 2019-2021 pdf, 251.1 kB.",,kvalitetsdeklaration,2021,pdf,2026-10-05T18:46:52+00:00
havochvatten,Havs- och vattenmyndigheten,https://www.havochvatten.se/data-kartor-och-rapporter/data-och-statistik/officiell-statistik/officiell-statistik---havs--och-vattenmiljo/kvalitetsdeklarationer-for-sotvatten-och-kust-och-hav.html,Kvalitetsdeklarationer för Sötvatten och Kust och hav - Data och statistik - Statistik om miljötillstånd - Havs- och vattenmyndigheten,https://www.havochvatten.se/download/18.1f7f285219d529f3168429ae/1775562596065/kvalitetsdeklaration-fiskar-i-vattendrag-2007-2018.pdf,"Fisk i vattendrag 2007-2018 pdf, 347.1 kB.",,kvalitetsdeklaration,2018,pdf,2026-10-05T18:46:52+00:00
havochvatten,Havs- och vattenmyndigheten,https://www.havochvatten.se/data-kartor-och-rapporter/data-och-statistik/officiell-statistik/officiell-statistik---havs--och-vattenmiljo/kvalitetsdeklarationer-for-sotvatten-och-kust-och-hav.html,Kvalitetsdeklarationer för Sötvatten och Kust och hav - Data och statistik - Statistik om miljötillstånd - Havs- och vattenmyndigheten,https://www.havochvatten.se/download/18.1f7f285219d529f3168526b3/1775646674100/kvalitetsdeklaration-kvave-och-fosfor-i-sjoar-och-vattendrag-2019-2021.pdf,"Fosfor i sjöar och vattendrag 1997-2021 pdf, 260.2 kB.",,kvalitetsdeklaration,2021,pdf,2026-10-05T18:46:52+00:00
havochvatten,Havs- och vattenmyndigheten,https://www.havochvatten.se/data-kartor-och-rapporter/data-och-statistik/officiell-statistik/officiell-statistik---havs--och-vattenmiljo/kvalitetsdeklarationer-for-sotvatten-och-kust-och-hav.html,Kvalitetsdeklarationer för Sötvatten och Kust och hav - Data och statistik - Statistik om miljötillstånd - Havs- och vattenmyndigheten,https://www.havochvatten.se/download/18.1f7f285219d529f316843f64/1775570019973/kvalitetsdeklaration-fosfor-i-sjoar-och-vattendrag-1997-2018.pdf,"Fosfor i sjöar och vattendrag 1997-2018 pdf, 211.6 kB.",,kvalitetsdeklaration,2018,pdf,2026-10-05T18:46:52+00:00
havochvatten,Havs- och vattenmyndigheten,https://www.havochvatten.se/data-kartor-och-rapporter/data-och-statistik/officiell-statistik/officiell-statistik---havs--och-vattenmiljo/kvalitetsdeklarationer-for-sotvatten-och-kust-och-hav.html,Kvalitetsdeklarationer för Sötvatten och Kust och hav - Data och statistik - Statistik om miljötillstånd - Havs- och vattenmyndigheten,https://www.havochvatten.se/download/18.1f7f285219d529f3168529cd/1775647892725/kvalitetsdeklaration-forsurningspaverkan-i-grundvatten-2019-2021.pdf,"Försurningspåverkan i grundvatten 2019-2021 pdf, 225.7 kB.",,kvalitetsdeklaration,2021,pdf,2026-10-05T18:46:52+00:00
havochvatten,Havs- och vattenmyndigheten,https://www.havochvatten.se/data-kartor-och-rapporter/data-och-statistik/officiell-statistik/officiell-statistik---havs--och-vattenmiljo/kvalitetsdeklarationer-for-sotvatten-och-kust-och-hav.html,Kvalitetsdeklarationer för Sötvatten och Kust och hav - Data och statistik - Statistik om miljötillstånd - Havs- och vattenmyndigheten,https://www.havochvatten.se/download/18.1f7f285219d529f316844180/1775570291276/kvalitetsdeklaration-forsurningspaverkan-i-grundvatten-1996-2018.pdf,"Försurningspåverkan i grundvatten 1996-2018 pdf, 194.4 kB.",,kvalitetsdeklaration,2018,pdf,2026-10-05T18:46:52+00:00
havochvatten,Havs- och vattenmyndigheten,https://www.havochvatten.se/data-kartor-och-rapporter/data-och-statistik/officiell-statistik/officiell-statistik---havs--och-vattenmiljo/kvalitetsdeklarationer-for-sotvatten-och-kust-och-hav.html,Kvalitetsdeklarationer för Sötvatten och Kust och hav - Data och statistik - Statistik om miljötillstånd - Havs- och vattenmyndigheten,https://www.havochvatten.se/download/18.1f7f285219d529f31685290a/1775647526985/kvalitetsdeklaration-klorid-i-grundvatten-2019-2021.pdf,"Klorid i grundvatten 2019-2021 pdf, 225.7 kB.",,kvalitetsdeklaration,2021,pdf,2026-10-05T18:46:52+00:00
havochvatten,Havs- och vattenmyndigheten,https://www.havochvatten.se/data-kartor-och-rapporter/data-och-statistik/officiell-statistik/officiell-statistik---havs--och-vattenmiljo/kvalitetsdeklarationer-for-sotvatten-och-kust-och-hav.html,Kvalitetsdeklarationer för Sötvatten och Kust och hav - Data och statistik - Statistik om miljötillstånd - Havs- och vattenmyndigheten,https://www.havochvatten.se/download/18.1f7f285219d529f31684439c/1775571077548/kvalitetsdeklaration-klorid-i-grundvatten-1996-2018.pdf,"Klorid i grundvatten 1996-2018 pdf, 195.2 kB.",,kvalitetsdeklaration,2018,pdf,2026-10-05T18:46:52+00:00
havochvatten,Havs- och vattenmyndigheten,https://www.havochvatten.se/data-kartor-och-rapporter/data-och-statistik/officiell-statistik/officiell-statistik---havs--och-vattenmiljo/kvalitetsdeklarationer-for-sotvatten-och-kust-och-hav.html,Kvalitetsdeklarationer för Sötvatten och Kust och hav - Data och statistik - Statistik om miljötillstånd - Havs- och vattenmyndigheten,https://www.havochvatten.se/download/18.1f7f285219d529f3168526b3/1775646674100/kvalitetsdeklaration-kvave-och-fosfor-i-sjoar-och-vattendrag-2019-2021.pdf,"Kväve i sjöar och vattendrag 2019-2021 pdf, 260.2 kB.",,kvalitetsdeklaration,2021,pdf,2026-10-05T18:46:52+00:00
havochvatten,Havs- och vattenmyndigheten,https://www.havochvatten.se/data-kartor-och-rapporter/data-och-statistik/officiell-statistik/officiell-statistik---havs--och-vattenmiljo/kvalitetsdeklarationer-for-sotvatten-och-kust-och-hav.html,Kvalitetsdeklarationer för Sötvatten och Kust och hav - Data och statistik - Statistik om miljötillstånd - Havs- och vattenmyndigheten,https://www.havochvatten.se/download/18.1f7f285219d529f31684448d/1775571436924/kvalitetsdeklaration-kvave-i-sjoar-och-vattendrag-1997-2018.pdf,"Kväve i sjöar och vattendrag 1997-2018 pdf, 211.6 kB.",,kvalitetsdeklaration,2018,pdf,2026-10-05T18:46:52+00:00
havochvatten,Havs- och vattenmyndigheten,https://www.havochvatten.se/data-kartor-och-rapporter/data-och-statistik/officiell-statistik/officiell-statistik---havs--och-vattenmiljo/kvalitetsdeklarationer-for-sotvatten-och-kust-och-hav.html,Kvalitetsdeklarationer för Sötvatten och Kust och hav - Data och statistik - Statistik om miljötillstånd - Havs- och vattenmyndigheten,https://www.havochvatten.se/download/18.1f7f285219d529f316852835/1775647282279/kvalitetsdeklaration-nitrat-i-grundvatten-2019-2021.pdf,"Nitrat i grundvatten 2019-2021 pdf, 225.7 kB.",,kvalitetsdeklaration,2021,pdf,2026-10-05T18:46:52+00:00
havochvatten,Havs- och vattenmyndigheten,https://www.havochvatten.se/data-kartor-och-rapporter/data-och-statistik/officiell-statistik/officiell-statistik---havs--och-vattenmiljo/kvalitetsdeklarationer-for-sotvatten-och-kust-och-hav.html,Kvalitetsdeklarationer för Sötvatten och Kust och hav - Data och statistik - Statistik om miljötillstånd - Havs- och vattenmyndigheten,https://www.havochvatten.se/download/18.1f7f285219d529f316844709/1775572016140/kvalitetsdeklaration-nitrat-i-grundvatten-1996-2018.pdf,"Nitrat i grundvatten 1996-2018 pdf, 194.4 kB.",,kvalitetsdeklaration,2018,pdf,2026-10-05T18:46:52+00:00
havochvatten,Havs- och vattenmyndigheten,https://www.havochvatten.se/data-kartor-och-rapporter/data-och-statistik/officiell-statistik/officiell-statistik---havs--och-vattenmiljo/kvalitetsdeklarationer-for-sotvatten-och-kust-och-hav.html,Kvalitetsdeklarationer för Sötvatten och Kust och hav - Data och statistik - Statistik om miljötillstånd - Havs- och vattenmyndigheten,https://www.havochvatten.se/download/18.45d726f19aa200a17e39f7b/1763993090339/officiell-statistik-kvalitetsdeklaration-1995-2024.pdf,"Tillförsel av fosfor till kusten 2019-2024 pdf, 143.1 kB.",,kvalitetsdeklaration,2024,pdf,2026-10-05T18:46:52+00:00
havochvatten,Havs- och vattenmyndigheten,https://www.havochvatten.se/data-kartor-och-rapporter/data-och-statistik/officiell-statistik/officiell-statistik---havs--och-vattenmiljo/kvalitetsdeklarationer-for-sotvatten-och-kust-och-hav.html,Kvalitetsdeklarationer för Sötvatten och Kust och hav - Data och statistik - Statistik om miljötillstånd - Havs- och vattenmyndigheten,https://www.havochvatten.se/download/18.1f7f285219d529f316844a1f/1775573373626/kvalitetsdeklaration-tillforsel-av-fosfor-till-kusten-1995-2018.pdf,"Tillförsel av fosfor till kusten 1995-2018 pdf, 327.5 kB.",,kvalitetsdeklaration,2018,pdf,2026-10-05T18:46:52+00:00
havochvatten,Havs- och vattenmyndigheten,https://www.havochvatten.se/data-kartor-och-rapporter/data-och-statistik/officiell-statistik/officiell-statistik---havs--och-vattenmiljo/kvalitetsdeklarationer-for-sotvatten-och-kust-och-hav.html,Kvalitetsdeklarationer för Sötvatten och Kust och hav - Data och statistik - Statistik om miljötillstånd - Havs- och vattenmyndigheten,https://www.havochvatten.se/download/18.45d726f19aa200a17e39f7b/1763993090339/officiell-statistik-kvalitetsdeklaration-1995-2024.pdf,"Tillförsel av kväve till kusten 2019-2024 pdf, 143.1 kB.",,kvalitetsdeklaration,2024,pdf,2026-10-05T18:46:52+00:00
havochvatten,Havs- och vattenmyndigheten,https://www.havochvatten.se/data-kartor-och-rapporter/data-och-statistik/officiell-statistik/officiell-statistik---havs--och-vattenmiljo/kvalitetsdeklarationer-for-sotvatten-och-kust-och-hav.html,Kvalitetsdeklarationer för Sötvatten och Kust och hav - Data och statistik - Statistik om miljötillstånd - Havs- och vattenmyndigheten,https://www.havochvatten.se/download/18.1f7f285219d529f31684496d/1775573207467/kvalitetsdeklaration-tillforsel-av-kvave-till-kusten-1995-2018.pdf,"Tillförsel av kväve till kusten 1995-2018 pdf, 327.5 kB.",,kvalitetsdeklaration,2018,pdf,2026-10-05T18:46:52+00:00
havochvatten,Havs- och vattenmyndigheten,https://www.havochvatten.se/data-kartor-och-rapporter/data-och-statistik/officiell-statistik/officiell-statistik---havs--och-vattenmiljo/kvalitetsdeklarationer-for-sotvatten-och-kust-och-hav.html,Kvalitetsdeklarationer för Sötvatten och Kust och hav - Data och statistik - Statistik om miljötillstånd - Havs- och vattenmyndigheten,https://www.havochvatten.se/download/18.1f7f285219d529f31685276a/1775646996186/kvalitetsdeklaration-vaxtplankton-i-sjoar-2019-2021.pdf,"Växtplankton i sjöar 2019-2021 pdf, 157.8 kB.",,kvalitetsdeklaration,2021,pdf,2026-10-05T18:46:52+00:00
havochvatten,Havs- och vattenmyndigheten,https://www.havochvatten.se/data-kartor-och-rapporter/data-och-statistik/officiell-statistik/officiell-statistik---havs--och-vattenmiljo/kvalitetsdeklarationer-for-sotvatten-och-kust-och-hav.html,Kvalitetsdeklarationer för Sötvatten och Kust och hav - Data och statistik - Statistik om miljötillstånd - Havs- och vattenmyndigheten,https://www.havochvatten.se/download/18.1f7f285219d529f31684471f/1775572200501/kvalitetsdeklaration-vaxtplankton-i-sjoar-1997-2018.pdf,"Växtplankton i sjöar 1997-2018 pdf, 201.9 kB.",,kvalitetsdeklaration,2018,pdf,2026-10-05T18:46:52+00:00
havochvatten,Havs- och vattenmyndigheten,https://www.havochvatten.se/data-kartor-och-rapporter/data-och-statistik/officiell-statistik/officiell-statistik---havs--och-vattenmiljo/kvalitetsdeklarationer-for-sotvatten-och-kust-och-hav.html,Kvalitetsdeklarationer för Sötvatten och Kust och hav - Data och statistik - Statistik om miljötillstånd - Havs- och vattenmyndigheten,https://www.havochvatten.se/data-kartor-och-rapporter/data-och-statistik/officiell-statistik/officiell-statistik---havs--och-vattenmiljo/kvalitetsdeklarationer-for-sotvatten-och-kust-och-hav.html.printable,Skriv ut,,kvalitetsdeklaration,,html,2026-10-05T18:46:52+00:00
havochvatten,Havs- och vattenmyndigheten,https://www.havochvatten.se/data-kartor-och-rapporter/data-och-statistik/officiell-statistik/officiell-statistik---havs--och-vattenmiljo/tillforsel-av-fosfor-till-kusten.html,Tillförsel av fosfor till kusten - Data och statistik - Statistik om miljötillstånd - Havs- och vattenmyndigheten,https://www.havochvatten.se/download/18.45d726f19aa200a17e39f7b/1763993090339/officiell-statistik-kvalitetsdeklaration-1995-2024.pdf,"Kvalitetsdeklaration - Tillförsel av kväve och fosfor till kusten pdf, 143.1 kB.",,kvalitetsdeklaration,2024,pdf,2026-10-05T18:46:56+00:00
kb,Kungliga biblioteket,https://www.kb.se/for-bibliotekssektorn/biblioteksstatistik/hamta-ut-biblioteksstatistik.html,Hämta ut biblioteksstatistik | Kungliga biblioteket – Sveriges nationalbibliotek,https://urn.kb.se/resolve?urn=urn:nbn:se:kb:publ-780,Kvalitetsdeklaration 2025 504 kB,,kvalitetsdeklaration,2025,pdf?,2026-10-05T18:46:21+00:00
kb,Kungliga biblioteket,https://www.kb.se/for-bibliotekssektorn/biblioteksstatistik/hamta-ut-skolbiblioteksstatistik.html,Hämta ut skolbiblioteksstatistik | Kungliga biblioteket – Sveriges nationalbibliotek,https://urn.kb.se/resolve?urn=urn:nbn:se:kb:publ-824,"Kvalitetsdeklaration, skolbiblioteksstatistik 2025 432 kB",,kvalitetsdeklaration,2025,pdf?,2026-10-05T18:46:23+00:00
konjunkturinstitutet,Konjunkturinstitutet,https://www.konj.se/statistik-och-data/sveriges-officiella-statistik/,Sveriges officiella statistik - Konjunkturinstitutet,https://ucmediastoragewelive.blob.core.windows.net/758b64c0-bc83-4dab-adbd-aa4d8b065d36/media/bkoph1px/kvalitetsdeklaration-foretag-2026-01-05.pdf,Konjunkturbarometern Företag,,kvalitetsdeklaration,2026,pdf,2026-10-05T18:47:00+00:00
konjunkturinstitutet,Konjunkturinstitutet,https://www.konj.se/statistik-och-data/sveriges-officiella-statistik/,Sveriges officiella statistik - Konjunkturinstitutet,https://ucmediastoragewelive.blob.core.windows.net/758b64c0-bc83-4dab-adbd-aa4d8b065d36/media/cjxcakge/kvalitetsdeklaration-hushall-2026-08-27.pdf,Konjunkturbarometern Hushåll,,kvalitetsdeklaration,2026,pdf,2026-10-05T18:47:00+00:00
mfof,Myndigheten för familjerätt och föräldraskapsstöd,https://mfof.se/statistik-och-data/officiell-statistik/officiell-statistik-om-familjeradgivning,Officiell statistik om familjerådgivning - MFoF,"https://mfof.se/download/18.6dece16119e8885dfdd223c/1781255946934/Kvalitetsdeklaration,%20familjer%C3%A5dgivning%202025.pdf","Kvalitetsdeklaration, statistik om familjerådgivning 2025 pdf, 223.8 kB.",,kvalitetsdeklaration,2025,pdf,2026-10-05T18:47:29+00:00
mfof,Myndigheten för familjerätt och föräldraskapsstöd,https://mfof.se/statistik-och-data/officiell-statistik/officiell-statistik-om-familjeradgivning,Officiell statistik om familjerådgivning - MFoF,"https://mfof.se/download/18.6dece16119e8885dfdd223a/1781255946873/Statistikens%20framst%C3%A4llning,%20familjer%C3%A5dgivning%202025.pdf","Statistikens framställning, familjerådgivning 2025 pdf, 172.4 kB.",,statistikens framställning,2025,pdf,2026-10-05T18:47:29+00:00
mfof,Myndigheten för familjerätt och föräldraskapsstöd,https://mfof.se/statistik-och-data/officiell-statistik/officiell-statistik-om-familjeradgivning,Officiell statistik om familjerådgivning - MFoF,"https://mfof.se/download/18.6dece16119e8885dfdd22f2/1781268941991/Kvalitetsdeklaration,%20statistik%20om%20familjer%C3%A5dgivning%202024.pdf","Kvalitetsdeklaration, statistik om familjerådgivning 2024 pdf, 158.9 kB.",,kvalitetsdeklaration,2024,pdf,2026-10-05T18:47:29+00:00
mfof,Myndigheten för familjerätt och föräldraskapsstöd,https://mfof.se/statistik-och-data/officiell-statistik/officiell-statistik-om-familjeradgivning,Officiell statistik om familjerådgivning - MFoF,"https://mfof.se/download/18.6dece16119e8885dfdd22e2/1781268627613/Kvalitetsdeklaration,%20statistik%20om%20familjer%C3%A5dgivning%202023.pdf","Kvalitetsdeklaration pdf, 157.5 kB.",,kvalitetsdeklaration,2023,pdf,2026-10-05T18:47:29+00:00
mfof,Myndigheten för familjerätt och föräldraskapsstöd,https://mfof.se/statistik-och-data/officiell-statistik/officiell-statistik-om-familjeradgivning,Officiell statistik om familjerådgivning - MFoF,https://mfof.se/download/18.6dece16119e8885dfdd22eb/1781268771117/Statistik%20familjer%C3%A5dgivning%202022_Kvalitetsdeklaration.pdf,"Kvalitetsdeklaration pdf, 165.1 kB.",,kvalitetsdeklaration,2022,pdf,2026-10-05T18:47:29+00:00
mfof,Myndigheten för familjerätt och föräldraskapsstöd,https://mfof.se/statistik-och-data/officiell-statistik/officiell-statistik-om-familjeradgivning,Officiell statistik om familjerådgivning - MFoF,https://mfof.se/download/18.6dece16119e8885dfdd22fa/1781269836222/Statistik%20familjer%C3%A5dgivning%202021_Kvalitetsdeklaration.pdf,"Kvalitetsdeklaration pdf, 165 kB.",,kvalitetsdeklaration,2021,pdf,2026-10-05T18:47:29+00:00
mfof,Myndigheten för familjerätt och föräldraskapsstöd,https://mfof.se/statistik-och-data/officiell-statistik/officiell-statistik-om-familjeradgivning,Officiell statistik om familjerådgivning - MFoF,https://mfof.se/download/18.6dece16119e8885dfdd2224/1781254156610/Statistik%20om%20kommunal%20familjer%C3%A5dgivning%202020_Kvalitetsdeklaration.pdf,"Kvalitetsdeklaration pdf, 190.6 kB.",,kvalitetsdeklaration,2020,pdf,2026-10-05T18:47:29+00:00
mfof,Myndigheten för familjerätt och föräldraskapsstöd,https://mfof.se/statistik-och-data/officiell-statistik/officiell-statistik-om-familjeratt,Officiell statistik om familjerätt - MFoF,"https://mfof.se/download/18.6dece16119e8885dfdd21eb/1781252745360/Statistikens%20framst%C3%A4llning,%20familjer%C3%A4tt%202025.pdf","Statistikens framställning familjerätt 2025 pdf, 150.2 kB.",,statistikens framställning,2025,pdf,2026-10-05T18:47:32+00:00
mfof,Myndigheten för familjerätt och föräldraskapsstöd,https://mfof.se/statistik-och-data/officiell-statistik/officiell-statistik-om-familjeratt,Officiell statistik om familjerätt - MFoF,"https://mfof.se/download/18.6dece16119e8885dfdd21ed/1781252745443/Kvalitetsdeklaration,%20familjer%C3%A4tt%202025.pdf","Kvalitetsdeklaration, statistik om familjerätt 2025 pdf, 207.4 kB.",,kvalitetsdeklaration,2025,pdf,2026-10-05T18:47:32+00:00
mfof,Myndigheten för familjerätt och föräldraskapsstöd,https://mfof.se/statistik-och-data/officiell-statistik/officiell-statistik-om-familjeratt,Officiell statistik om familjerätt - MFoF,"https://mfof.se/download/18.6dece16119e8885dfdd21f7/1781253010478/Kvalitetsdeklaration,%20statistik%20om%20familjer%C3%A4tt%202024.pdf","Kvalitetsdeklaration, statistik om familjerätt 2024 pdf, 168 kB.",,kvalitetsdeklaration,2024,pdf,2026-10-05T18:47:32+00:00
mfof,Myndigheten för familjerätt och föräldraskapsstöd,https://mfof.se/statistik-och-data/officiell-statistik/officiell-statistik-om-familjeratt,Officiell statistik om familjerätt - MFoF,"https://mfof.se/download/18.6dece16119e8885dfdd21fe/1781253203405/Kvalitetsdeklaration,%20statistik%20om%20familjer%C3%A4tt%202023.pdf","Kvalitetsdeklaration, statistik om familjerätt 2023 pdf, 170.7 kB.",,kvalitetsdeklaration,2023,pdf,2026-10-05T18:47:32+00:00
mfof,Myndigheten för familjerätt och föräldraskapsstöd,https://mfof.se/statistik-och-data/officiell-statistik/officiell-statistik-om-familjeratt,Officiell statistik om familjerätt - MFoF,https://mfof.se/download/18.6dece16119e8885dfdd2208/1781253378515/Statistik%20om%20familjer%C3%A4tt%202022_Kvalitetsdeklaration.pdf,"Kvalitetsdeklaration, statistik om familjerätt 2022 pdf, 157.8 kB.",,kvalitetsdeklaration,2022,pdf,2026-10-05T18:47:32+00:00
mfof,Myndigheten för familjerätt och föräldraskapsstöd,https://mfof.se/statistik-och-data/officiell-statistik/officiell-statistik-om-familjeratt,Officiell statistik om familjerätt - MFoF,https://mfof.se/download/18.6dece16119e8885dfdd2211/1781253706422/Statistik%20om%20familjer%C3%A4tt%202021_Kvalitetsdeklaration.pdf,"Kvalitetsdeklaration, statistik om familjerätt 2021 pdf, 226.9 kB.",,kvalitetsdeklaration,2021,pdf,2026-10-05T18:47:32+00:00
mfof,Myndigheten för familjerätt och föräldraskapsstöd,https://mfof.se/statistik-och-data/officiell-statistik/officiell-statistik-om-familjeratt,Officiell statistik om familjerätt - MFoF,https://mfof.se/download/18.6dece16119e8885dfdd2216/1781253833349/Statistik%20om%20familjer%C3%A4tt%202020_Kvalitetsdeklaration.pdf,"Kvalitetsdeklaration, statistik om familjerätt 2020 pdf, 191 kB.",,kvalitetsdeklaration,2020,pdf,2026-10-05T18:47:32+00:00
naturvardsverket,Naturvårdsverket,https://www.naturvardsverket.se/data-och-statistik/avfall/behandling-avfall-sverige/,,https://www.naturvardsverket.se/4a8195/globalassets/data-och-statistik/avfall/mi0305_kd_2026.pdf,Kvalitetsdeklaration avfallsstatistik 2024 (pdf),MI0305,kvalitetsdeklaration,2026,pdf,2026-10-05T18:46:30+00:00
naturvardsverket,Naturvårdsverket,https://www.naturvardsverket.se/data-och-statistik/producentansvar/atervinning-av-forpackningar/,,https://www.scb.se/contentassets/bfe765e440e340069570cc3fc3f39952/mi0307_kd_2024_v1_20251205.pdf,"Kvalitetsdeklaration (pdf, scb.se)",MI0307,kvalitetsdeklaration,2024,pdf,2026-10-05T18:46:32+00:00
naturvardsverket,Naturvårdsverket,https://www.naturvardsverket.se/data-och-statistik/luft/kvavedioxid-i-gaturum-antal-dygn-over-miljokvalitetsnormen/,,https://www.naturvardsverket.se/48cf21/globalassets/data-och-statistik/luft/kvalitetsdeklaration_mi0401-luftkvalitet-tillstand-i-miljon.pdf,Kvalitetsdeklaration MI0401 – Luftkvalitet Tillstånd i miljön (pdf),MI0401,kvalitetsdeklaration,,pdf,2026-10-05T18:46:33+00:00
naturvardsverket,Naturvårdsverket,https://www.naturvardsverket.se/data-och-statistik/avlopp/avsattning-av-avloppsslam/,,https://www.scb.se/contentassets/341c0ce5f3e541819b5e12938e32fe44/mi0106_kd_2022_cs_20250219.pdf,Kvalitetsdeklaration – Utsläpp till vatten och slamproduktion 2022 (scb.se),MI0106,kvalitetsdeklaration,2022,pdf,2026-10-05T18:46:41+00:00
naturvardsverket,Naturvårdsverket,https://www.naturvardsverket.se/data-och-statistik/luft/utslapp/ammoniak-utslapp-luft/,,https://www.naturvardsverket.se/4ae941/globalassets/data-och-statistik/luft/mi0108_kd_2025_ag_20251210.pdf,Kvalitetsdeklaration – Utsläpp av luftföroreningar (pdf),MI0108,kvalitetsdeklaration,2025,pdf,2026-10-05T18:46:45+00:00
naturvardsverket,Naturvårdsverket,https://www.naturvardsverket.se/data-och-statistik/klimat/vaxthusgaser-utslapp-fran-arbetsmaskiner/,,https://www.naturvardsverket.se/4af2c2/globalassets/data-och-statistik/klimat/mi0107_kd_2025_ag_251210.pdf,Kvalitetsdeklaration slutliga utsläpp och upptag av växthusgaser (pdf),MI0107,kvalitetsdeklaration,2025,pdf,2026-10-05T18:46:46+00:00
naturvardsverket,Naturvårdsverket,https://www.naturvardsverket.se/data-och-statistik/konsumtion/vaxthusgaser-konsumtionsbaserade-utslapp-i-sverige-och-andra-lander/,,https://www.scb.se/contentassets/f0d9c7eda5be4b8a96c5827e4bebf513/mi1301_kd_2020_20220927.pdf,"Kvalitetsdeklaration, Miljöräkenskaper – Miljöpåverkan från konsumtion (pdf på SCB:s webbplats)",MI1301,kvalitetsdeklaration,2020,pdf,2026-10-05T18:46:59+00:00
pensionsmyndigheten,Pensionsmyndigheten,https://www.pensionsmyndigheten.se/statistik-och-rapporter/statistik/sveriges-officiella-statistik,Sveriges officiella statistik | Pensionsmyndigheten,https://www.pensionsmyndigheten.se/content/dam/pensionsmyndigheten/blanketter---broschyrer---faktablad/statistik/officiell-statistik/Kvalitetsdeklaration_2026_SF0310.pdf,"Kvalitetsdeklaration 2026 (pdf, 222kB)",SF0310,kvalitetsdeklaration,2026,pdf,2026-10-05T18:47:19+00:00
pensionsmyndigheten,Pensionsmyndigheten,https://www.pensionsmyndigheten.se/statistik-och-rapporter/statistik/sveriges-officiella-statistik,Sveriges officiella statistik | Pensionsmyndigheten,https://www.pensionsmyndigheten.se/content/dam/pensionsmyndigheten/blanketter---broschyrer---faktablad/statistik/officiell-statistik/Kvalitetsdeklaration_2025_HE0501.pdf,"Kvalitetsdeklaration 2025 (pdf, 241kB)",HE0501,kvalitetsdeklaration,2025,pdf,2026-10-05T18:47:19+00:00
pensionsmyndigheten,Pensionsmyndigheten,https://www.pensionsmyndigheten.se/statistik-och-rapporter/statistik/sveriges-officiella-statistik,Sveriges officiella statistik | Pensionsmyndigheten,https://www.pensionsmyndigheten.se/content/dam/pensionsmyndigheten/blanketter---broschyrer---faktablad/statistik/officiell-statistik/Kvalitetsdeklaration_stat_2024_SF0310.pdf,"Kvalitetsdeklaration 2024 (pdf, 216kB)",SF0310,kvalitetsdeklaration,2024,pdf,2026-10-05T18:47:19+00:00
pensionsmyndigheten,Pensionsmyndigheten,https://www.pensionsmyndigheten.se/statistik-och-rapporter/statistik/sveriges-officiella-statistik,Sveriges officiella statistik | Pensionsmyndigheten,https://www.pensionsmyndigheten.se/content/dam/pensionsmyndigheten/blanketter---broschyrer---faktablad/statistik/officiell-statistik/Kvalitetsdeklaration_2023_SF0310.pdf,"Kvalitetsdeklaration 2023 (pdf, 196kB)",SF0310,kvalitetsdeklaration,2023,pdf,2026-10-05T18:47:19+00:00
pensionsmyndigheten,Pensionsmyndigheten,https://www.pensionsmyndigheten.se/statistik-och-rapporter/statistik/sveriges-officiella-statistik,Sveriges officiella statistik | Pensionsmyndigheten,https://www.pensionsmyndigheten.se/content/dam/pensionsmyndigheten/blanketter---broschyrer---faktablad/statistik/officiell-statistik/Kvalitetsdeklaration-2022-SF0310.pdf,"Kvalitetsdeklaration 2022 (pdf, 236kB)",SF0310,kvalitetsdeklaration,2022,pdf,2026-10-05T18:47:19+00:00
pensionsmyndigheten,Pensionsmyndigheten,https://www.pensionsmyndigheten.se/statistik-och-rapporter/statistik/sveriges-officiella-statistik,Sveriges officiella statistik | Pensionsmyndigheten,https://www.pensionsmyndigheten.se/content/dam/pensionsmyndigheten/blanketter---broschyrer---faktablad/statistik/officiell-statistik/Kvalitetsdeklaration_2021_SF0310.pdf,"Kvalitetsdeklaration 2021 (pdf, 214kB)",SF0310,kvalitetsdeklaration,2021,pdf,2026-10-05T18:47:19+00:00
pensionsmyndigheten,Pensionsmyndigheten,https://www.pensionsmyndigheten.se/statistik-och-rapporter/statistik/sveriges-officiella-statistik,Sveriges officiella statistik | Pensionsmyndigheten,https://www.pensionsmyndigheten.se/content/dam/pensionsmyndigheten/blanketter---broschyrer---faktablad/statistik/officiell-statistik/Kvalitetedeklaration_2020_SF0310.pdf,"Kvalitetsdeklaration 2020 (pdf, 387kB)",SF0310,kvalitetsdeklaration,2020,pdf,2026-10-05T18:47:19+00:00
pensionsmyndigheten,Pensionsmyndigheten,https://www.pensionsmyndigheten.se/statistik-och-rapporter/statistik/sveriges-officiella-statistik,Sveriges officiella statistik | Pensionsmyndigheten,https://www.pensionsmyndigheten.se/content/dam/pensionsmyndigheten/blanketter---broschyrer---faktablad/statistik/officiell-statistik/Statistikens_framstallning_2026_SF0310.pdf,"Statistikens framställning 2026 (pdf, 124kB)",SF0310,statistikens framställning,2026,pdf,2026-10-05T18:47:19+00:00
pensionsmyndigheten,Pensionsmyndigheten,https://www.pensionsmyndigheten.se/statistik-och-rapporter/statistik/sveriges-officiella-statistik,Sveriges officiella statistik | Pensionsmyndigheten,https://www.pensionsmyndigheten.se/content/dam/pensionsmyndigheten/blanketter---broschyrer---faktablad/statistik/officiell-statistik/Statistikens_framstallning_2025_SF0310.pdf,"Statistikens framställning 2025 (pdf, 110kB)",SF0310,statistikens framställning,2025,pdf,2026-10-05T18:47:19+00:00
pensionsmyndigheten,Pensionsmyndigheten,https://www.pensionsmyndigheten.se/statistik-och-rapporter/statistik/sveriges-officiella-statistik,Sveriges officiella statistik | Pensionsmyndigheten,https://www.pensionsmyndigheten.se/content/dam/pensionsmyndigheten/blanketter---broschyrer---faktablad/statistik/officiell-statistik/Statistikens_framstallning_stat-2024_SF0310.pdf,"Statistikens framställning 2024 (pdf, 129kB)",SF0310,statistikens framställning,2024,pdf,2026-10-05T18:47:19+00:00
pensionsmyndigheten,Pensionsmyndigheten,https://www.pensionsmyndigheten.se/statistik-och-rapporter/statistik/sveriges-officiella-statistik,Sveriges officiella statistik | Pensionsmyndigheten,https://www.pensionsmyndigheten.se/content/dam/pensionsmyndigheten/blanketter---broschyrer---faktablad/statistik/officiell-statistik/total-pension-kvalitetsdeklaration/Kvalitetsdeklaration_2026_HE0501.pdf,"Kvalitetsdeklaration 2026 – Total pension (pdf, 195kB)",HE0501,kvalitetsdeklaration,2026,pdf,2026-10-05T18:47:19+00:00
pensionsmyndigheten,Pensionsmyndigheten,https://www.pensionsmyndigheten.se/statistik-och-rapporter/statistik/sveriges-officiella-statistik,Sveriges officiella statistik | Pensionsmyndigheten,https://www.pensionsmyndigheten.se/content/dam/pensionsmyndigheten/blanketter---broschyrer---faktablad/statistik/officiell-statistik/total-pension-kvalitetsdeklaration/Kvalitetsdeklaration_2025_HE0501.pdf,"Kvalitetsdeklaration 2025 – Total pension (pdf, 176kB)",HE0501,kvalitetsdeklaration,2025,pdf,2026-10-05T18:47:19+00:00
pensionsmyndigheten,Pensionsmyndigheten,https://www.pensionsmyndigheten.se/statistik-och-rapporter/statistik/sveriges-officiella-statistik,Sveriges officiella statistik | Pensionsmyndigheten,https://www.pensionsmyndigheten.se/content/dam/pensionsmyndigheten/blanketter---broschyrer---faktablad/statistik/officiell-statistik/total-pension-statistikens-framst%C3%A4llning/Statistikens_framstallning_2025_HE0501.pdf,"Statistikens framställning 2026 – Total pension (pdf, 119kB)",HE0501,statistikens framställning,2025,pdf,2026-10-05T18:47:19+00:00
pensionsmyndigheten,Pensionsmyndigheten,https://www.pensionsmyndigheten.se/statistik-och-rapporter/statistik/sveriges-officiella-statistik,Sveriges officiella statistik | Pensionsmyndigheten,https://www.pensionsmyndigheten.se/content/dam/pensionsmyndigheten/blanketter---broschyrer---faktablad/statistik/officiell-statistik/total-pension-statistikens-framst%C3%A4llning/Statistikens_framstallning_2025_HE0501.pdf,"Statistikens framställning 2025 – Total pension (pdf, 119kB)",HE0501,statistikens framställning,2025,pdf,2026-10-05T18:47:19+00:00
riksgalden,Riksgälden,https://www.riksgalden.se/statistik/officiell-statistik/,Officiell statistik - Riksgälden.se,https://www.riksgalden.se/globalassets/dokument_sve/statistik/kvalitetsdeklaration---den-svenska-statsskulden-2026-v2.pdf,Kvalitetsdeklaration - Den svenska statsskulden,,kvalitetsdeklaration,2026,pdf,2026-10-05T18:47:18+00:00
riksgalden,Riksgälden,https://www.riksgalden.se/statistik/officiell-statistik/,Officiell statistik - Riksgälden.se,https://www.riksgalden.se/globalassets/dokument_sve/statistik/kvalitetsdeklaration---nettolanebehovet-2026v2.pdf,Kvalitetsdeklaration - Statens nettolånebehov,,kvalitetsdeklaration,2026,pdf,2026-10-05T18:47:18+00:00
slu,SLU,https://www.slu.se/om-slu/organisation/institutioner/skoglig-resurshushallning/miljoanalys/riksskogstaxeringen/vara-data/senaste-statistiken/,Senaste statistiken | slu.se,https://www.slu.se/globalassets/slu.se/om-slu/organisation/institutioner/skoglig-resurshushallning/riksskogstaxeringen/dokument/dokument/jo0801_bs.pdf,JO0801,JO0801,beskrivning av statistiken,,pdf,2026-10-05T18:46:15+00:00
slu,SLU,https://www.slu.se/om-slu/organisation/institutioner/skoglig-resurshushallning/miljoanalys/riksskogstaxeringen/vara-data/senaste-statistiken/,Senaste statistiken | slu.se,https://www.slu.se/globalassets/slu.se/om-slu/organisation/institutioner/skoglig-resurshushallning/riksskogstaxeringen/dokument/dokument/jo0802_bs.pdf,JO0802,JO0802,beskrivning av statistiken,,pdf,2026-10-05T18:46:15+00:00
slu,SLU,https://www.slu.se/om-slu/organisation/institutioner/skoglig-resurshushallning/miljoanalys/riksskogstaxeringen/vara-data/senaste-statistiken/,Senaste statistiken | slu.se,https://www.slu.se/globalassets/slu.se/om-slu/organisation/institutioner/skoglig-resurshushallning/riksskogstaxeringen/dokument/dokument/jo0803_bs.pdf,JO0803,JO0803,beskrivning av statistiken,,pdf,2026-10-05T18:46:15+00:00
slu,SLU,https://www.slu.se/om-slu/organisation/institutioner/skoglig-resurshushallning/miljoanalys/riksskogstaxeringen/vara-data/senaste-statistiken/,Senaste statistiken | slu.se,https://www.slu.se/globalassets/slu.se/om-slu/organisation/institutioner/skoglig-resurshushallning/riksskogstaxeringen/dokument/dokument/jo0804_bs.pdf,JO0804,JO0804,beskrivning av statistiken,,pdf,2026-10-05T18:46:15+00:00
slu,SLU,https://www.slu.se/om-slu/organisation/institutioner/skoglig-resurshushallning/miljoanalys/riksskogstaxeringen/vara-data/senaste-statistiken/,Senaste statistiken | slu.se,https://www.slu.se/globalassets/slu.se/om-slu/organisation/institutioner/skoglig-resurshushallning/riksskogstaxeringen/dokument/dokument/jo0805_bs.pdf,JO0805,JO0805,beskrivning av statistiken,,pdf,2026-10-05T18:46:15+00:00
slu,SLU,https://www.slu.se/om-slu/organisation/institutioner/skoglig-resurshushallning/miljoanalys/riksskogstaxeringen/vara-data/senaste-statistiken/,Senaste statistiken | slu.se,https://www.slu.se/globalassets/slu.se/om-slu/organisation/institutioner/skoglig-resurshushallning/riksskogstaxeringen/dokument/dokument/jo0806_bs.pdf,JO0806,JO0806,beskrivning av statistiken,,pdf,2026-10-05T18:46:15+00:00
socialstyrelsen,Socialstyrelsen,https://www.socialstyrelsen.se/statistik-och-data/statistik/alla-statistikamnen/hjartinfarkter/,Statistik om hjärtinfarkter - Socialstyrelsen,https://www.socialstyrelsen.se/globalassets/sharepoint-dokument/artikelkatalog/statistik/2000-0-100.pdf,Värdering av diagnoskvaliteten för akut hjärtinfarkt i patientregistret 1987 och 1995,,kvalitetsdeklaration,2000,pdf,2026-10-05T18:47:01+00:00
socialstyrelsen,Socialstyrelsen,https://www.socialstyrelsen.se/statistik-och-data/statistik/alla-statistikamnen/insatser-i-kommunal-halso-och-sjukvard/,Statistik om insatser i kommunal hälso- och sjukvård - Socialstyrelsen,https://www.socialstyrelsen.se/globalassets/sharepoint-dokument/artikelkatalog/ovrigt/2017-1-12.pdf,Kvalitetsregister inom hälso- och sjukvården,,kvalitetsdeklaration,2017,pdf,2026-10-05T18:47:08+00:00
socialstyrelsen,Socialstyrelsen,https://www.socialstyrelsen.se/statistik-och-data/statistik/alla-statistikamnen/socialtjanstinsatser-till-aldre/,Statistik om socialtjänstinsatser till äldre - Socialstyrelsen,https://www.socialstyrelsen.se/globalassets/sharepoint-dokument/artikelkatalog/ovrigt/2017-1-25.pdf,Kvalitetsregister i kommunal hälso- och sjukvård,,kvalitetsdeklaration,2017,pdf,2026-10-05T18:47:33+00:00
socialstyrelsen,Socialstyrelsen,https://www.socialstyrelsen.se/publikationer/statistik-om-akutmottagningar-vantetider-och-besok-2025-2026-6-10339/,"Statistik om akutmottagningar, väntetider och besök 2025 - Socialstyrelsen",https://www.socialstyrelsen.se/contentassets/0e2467f694e34bafb0e2a4325ae3e054/2026-6-10339-kvalitetsbeskrivning.pdf,"Bilaga – Kvalitetsbeskrivning – Statistik om akutmottagningar, väntetider och besök 2025",,kvalitetsdeklaration,2026,pdf,2026-10-05T18:47:54+00:00
socialstyrelsen,Socialstyrelsen,https://www.socialstyrelsen.se/publikationer/statistik-om-amning-2021-2023-9-8757/,Statistik om amning 2021 - Socialstyrelsen,https://www.socialstyrelsen.se/contentassets/75305c8f75734bd28e174041e9a70325/2023-9-8757-kvalitetsdeklaration.pdf,Bilaga – Kvalitetsdeklaration – Statistik om amning 2021,,kvalitetsdeklaration,2023,pdf,2026-10-05T18:47:57+00:00
socialstyrelsen,Socialstyrelsen,https://www.socialstyrelsen.se/publikationer/statistik-om-socialtjanstinsatser-till-barn-och-unga-2025-2026-9-10426/,Statistik om socialtjänstinsatser till barn och unga 2025 - Socialstyrelsen,https://www.socialstyrelsen.se/contentassets/41e2282a066c4646a5d3293f5305bb3b/2026-9-10426-kvalitetsdeklaration.pdf,Bilaga – Kvalitetsdeklaration – Statistik om socialtjänstinsatser till barn och unga 2025,,kvalitetsdeklaration,2026,pdf,2026-10-05T18:48:00+00:00
socialstyrelsen,Socialstyrelsen,https://www.socialstyrelsen.se/publikationer/statistik-om-insatser-till-vuxna-personer-med-missbruk-och-beroende-2019-2020-5-6764/,Statistik om insatser till vuxna personer med missbruk och beroende 2019 - Socialstyrelsen,https://www.socialstyrelsen.se/contentassets/1707091a38154adda9bf873c48fcba41/2020-5-6764-kvalitetsdeklaration.pdf,Bilaga – Kvalitetsdeklaration – Statistik om vuxna personer med missbruk och beroende 2019,,kvalitetsdeklaration,2020,pdf,2026-10-05T18:48:06+00:00
socialstyrelsen,Socialstyrelsen,https://www.socialstyrelsen.se/publikationer/statistik-om-nyupptackta-cancerfall-2024-2025-11-9874/,Statistik om nyupptäckta cancerfall 2024 - Socialstyrelsen,https://www.socialstyrelsen.se/contentassets/06ca5be116fc41f7a0326ef92a0715f1/2025-11-9874-kvalitetsdeklaration.pdf,Bilaga – Kvalitetsdeklaration – Statistik om nyupptäckta cancerfall 2024,,kvalitetsdeklaration,2025,pdf,2026-10-05T18:48:10+00:00
socialstyrelsen,Socialstyrelsen,https://www.socialstyrelsen.se/publikationer/statistik-om-ekonomiskt-bistand-2025-2026-6-10333/,Statistik om ekonomiskt bistånd 2025 - Socialstyrelsen,https://www.socialstyrelsen.se/contentassets/afd14eb11dd9457da4332c98026f0730/2026-6-10333-kvalitetsdeklaration.pdf,Bilaga – Kvalitetsdeklaration – Statistik om ekonomiskt bistånd 2025,,kvalitetsdeklaration,2026,pdf,2026-10-05T18:48:30+00:00
socialstyrelsen,Socialstyrelsen,https://www.socialstyrelsen.se/publikationer/statistik-om-kommunal-familjeradgivning-2016-2017-10-28/,Statistik om kommunal familjerådgivning 2016 - Socialstyrelsen,https://www.socialstyrelsen.se/contentassets/c621937392b941808b27d2579c068872/2017-10-28-kvalitetsdeklaration.pdf,Bilaga – Kvalitetsdeklaration – Kommunal familjerådgivning 2016,,kvalitetsdeklaration,2017,pdf,2026-10-05T18:48:33+00:00
socialstyrelsen,Socialstyrelsen,https://www.socialstyrelsen.se/publikationer/statistik-om-familjeratt-2016-2017-5-8/,Statistik om familjerätt 2016 - Socialstyrelsen,https://www.socialstyrelsen.se/contentassets/3c0891824c314530ada8db145af326e8/2017-5-8-kvalitetsdeklaration.pdf,Bilaga – Kvalitetsdeklaration – Familjerätt 2016,,kvalitetsdeklaration,2017,pdf,2026-10-05T18:48:37+00:00
socialstyrelsen,Socialstyrelsen,https://www.socialstyrelsen.se/publikationer/statistik-om-graviditeter-forlossningar-och-nyfodda-barn-2024-2025-12-9920/,"Statistik om graviditeter, förlossningar och nyfödda barn 2024 - Socialstyrelsen",https://www.socialstyrelsen.se/contentassets/4e1b788f29fe419cb8c5ae29cdbc36d9/2025-12-9920-kvalitetsdeklaration.pdf,"Bilaga – Kvalitetsdeklaration – Statistik om graviditeter, förlossningar och nyfödda barn 2024",,kvalitetsdeklaration,2025,pdf,2026-10-05T18:48:40+00:00
socialstyrelsen,Socialstyrelsen,https://www.socialstyrelsen.se/publikationer/statistik-om-hjartinfarkter-2024-2025-11-9911/,Statistik om hjärtinfarkter 2024 - Socialstyrelsen,https://www.socialstyrelsen.se/contentassets/e9c01356c1b849b8be495412f9a31403/2025-11-9911-kvalitetsdeklaration.pdf,Bilaga – Kvalitetsdeklaration – Statistik om hjärtinfarkter 2024,,kvalitetsdeklaration,2025,pdf,2026-10-05T18:48:47+00:00
socialstyrelsen,Socialstyrelsen,https://www.socialstyrelsen.se/publikationer/statistik-om-sjukdomar-behandlade-i-sluten-vard-2024-2025-10-9858/,Statistik om sjukdomar behandlade i sluten vård 2024 - Socialstyrelsen,https://www.socialstyrelsen.se/contentassets/0e8398c12745405db5ef49234e93a446/2025-10-9858-kvalitetsdeklaration.pdf,Bilaga – Kvalitetsdeklaration – Statistik om sjukdomar behandlade i sluten vård 2024,,kvalitetsdeklaration,2025,pdf,2026-10-05T18:48:50+00:00
socialstyrelsen,Socialstyrelsen,https://www.socialstyrelsen.se/publikationer/statistik-om-halso--och-sjukvardspersonal-med-legitimation-eller-yrkesbevis-2024-samt-arbetsmarknadsstatus-2023-2025-9-9756/,Statistik om hälso- och sjukvårdspersonal med legitimation eller yrkesbevis (2024) samt arbetsmarknadsstatus (2023) - Socialstyrelsen,https://www.socialstyrelsen.se/contentassets/64884c95823944cc9f505e65a41f6cce/2025-9-9756-kvalitetsdeklaration.pdf,Bilaga – Kvalitetsdeklaration – Statistik om hälso- och sjukvårdspersonal med legitimation eller yrkesbevis (2024) samt arbetsmarknadsstatus (2023),,kvalitetsdeklaration,2025,pdf,2026-10-05T18:48:53+00:00
socialstyrelsen,Socialstyrelsen,https://www.socialstyrelsen.se/publikationer/statistik-om-kommunala-halso--och-sjukvardsinsatser-2025-2026-6-10295/,Statistik om kommunala hälso- och sjukvårdsinsatser 2025 - Socialstyrelsen,https://www.socialstyrelsen.se/contentassets/d1deeebc6db94cf0938faeeb6b140094/2026-6-10295-kvalitetsdeklaration.pdf,Bilaga – Kvalitetsdeklaration – Statistik om kommunala hälso- och sjukvårdsinsatser 2025,,kvalitetsdeklaration,2026,pdf,2026-10-05T18:48:56+00:00
socialstyrelsen,Socialstyrelsen,https://www.socialstyrelsen.se/publikationer/statistik-om-lakemedel-2025-2026-4-10194/,Statistik om läkemedel 2025 - Socialstyrelsen,https://www.socialstyrelsen.se/contentassets/13ea78bb244f48a28500218c69d827a3/2026-4-10194-kvalitetsdeklaration.pdf,Bilaga – Kvalitetsdeklaration – Statistik om läkemedel 2025,,kvalitetsdeklaration,2026,pdf,2026-10-05T18:48:59+00:00
socialstyrelsen,Socialstyrelsen,https://www.socialstyrelsen.se/publikationer/statistik-om-spadbarnsforaldrars-rokvanor-2021-2023-9-8729/,Statistik om spädbarnsföräldrars rökvanor 2021 - Socialstyrelsen,https://www.socialstyrelsen.se/contentassets/ac93e0bd5ce24551bfe4cec2e13e14c7/2023-9-8729-kvalitetsdeklaration.pdf,Bilaga – Kvalitetsdeklaration – Statistik om spädbarnsföräldrars rökvanor 2021,,kvalitetsdeklaration,2023,pdf,2026-10-05T18:49:15+00:00
socialstyrelsen,Socialstyrelsen,https://www.socialstyrelsen.se/publikationer/statistik-om-insatser-till-vuxna-personer-med-skadligt-bruk-och-beroende-2025-2026-5-10239/,Statistik om insatser till vuxna personer med skadligt bruk och beroende 2025 - Socialstyrelsen,https://www.socialstyrelsen.se/contentassets/af2f3edbbc674dad96e39c9cabd992de/2026-5-10239-kvalitetsdeklaration.pdf,Bilaga – Kvalitetsdeklaration – Statistik om insatser till vuxna personer med skadligt bruk och beroende 2025,,kvalitetsdeklaration,2026,pdf,2026-10-05T18:49:19+00:00
socialstyrelsen,Socialstyrelsen,https://www.socialstyrelsen.se/publikationer/statistik-om-skador-och-forgiftningar-behandlade-i-sluten-vard-2024-2025-10-9839/,Statistik om skador och förgiftningar behandlade i sluten vård 2024 - Socialstyrelsen,https://www.socialstyrelsen.se/contentassets/fe205124e49e48608820dd55ffa785f8/2025-10-9839-kvalitetsdeklaration.pdf,Bilaga – Kvalitetsdeklaration – Statistik om skador och förgiftningar behandlade i sluten vård 2024,,kvalitetsdeklaration,2025,pdf,2026-10-05T18:49:22+00:00
socialstyrelsen,Socialstyrelsen,https://www.socialstyrelsen.se/publikationer/statistik-om-socialtjanstinsatser-till-personer-med-funktionsnedsattning-2025-2026-6-10316/,Statistik om socialtjänstinsatser till personer med funktionsnedsättning 2025 - Socialstyrelsen,https://www.socialstyrelsen.se/contentassets/d09eedc672124f9ca40e39d0f8815bb3/2026-6-10316-kvalitetsdeklaration.pdf,Bilaga – Kvalitetsdeklaration – Statistik om socialtjänstinsatser till personer med funktionsnedsättning 2025,,kvalitetsdeklaration,2026,pdf,2026-10-05T18:49:32+00:00
socialstyrelsen,Socialstyrelsen,https://www.socialstyrelsen.se/publikationer/statistik-om-socialtjanstinsatser-till-aldre-2025-2026-4-10218/,Statistik om socialtjänstinsatser till äldre 2025 - Socialstyrelsen,https://www.socialstyrelsen.se/contentassets/bd46266fbc174da1a472373a3e2671de/2026-4-10218-kvalitetsdeklaration.pdf,Bilaga – Kvalitetsdeklaration – Statistik om socialtjänstinsatser till äldre 2025,,kvalitetsdeklaration,2026,pdf,2026-10-05T18:49:35+00:00
socialstyrelsen,Socialstyrelsen,https://www.socialstyrelsen.se/publikationer/statistik-om-aldre-och-personer-med-funktionsnedsattning-efter-regiform-2021-2022-3-7784/,Statistik om äldre och personer med funktionsnedsättning efter regiform 2021 - Socialstyrelsen,https://www.socialstyrelsen.se/contentassets/44dc313759bc463d805987c9b829ca70/2022-3-7784-kvalitetsdeklaration.pdf,Bilaga – Kvalitetsdeklaration – Statistik om äldre och personer med funktionsnedsättning efter regiform 2021,,kvalitetsdeklaration,2022,pdf,2026-10-05T18:49:38+00:00
socialstyrelsen,Socialstyrelsen,https://www.socialstyrelsen.se/publikationer/statistik-om-stroke-2024-2025-11-9883/,Statistik om Stroke 2024 - Socialstyrelsen,https://www.socialstyrelsen.se/contentassets/8984a80057994a3090c3d8b62cc23ca9/2025-11-9883-kvalitetsdeklaration.pdf,Bilaga – Kvalitetsdeklaration – Statistik om stroke 2024,,kvalitetsdeklaration,2025,pdf,2026-10-05T18:49:41+00:00
socialstyrelsen,Socialstyrelsen,https://www.socialstyrelsen.se/publikationer/statistik-om-insatser-enligt-lagen-om-stod-och-service-till-vissa-funktionshindrade-2025-2026-4-10180/,Statistik om insatser enligt lagen om stöd och service till vissa funktionshindrade 2025 - Socialstyrelsen,https://www.socialstyrelsen.se/contentassets/9fb599e7bbe04a879ec0050131e92849/2026-4-10180-kvalitetsdeklaration.pdf,Bilaga – Kvalitetsdeklaration – Statistik om insatser enligt lagen om stöd och service till vissa funktionshindrade 2025,,kvalitetsdeklaration,2026,pdf,2026-10-05T18:49:46+00:00
socialstyrelsen,Socialstyrelsen,https://www.socialstyrelsen.se/publikationer/statistik-om-tandhalsa-2025-2026-5-10290/,Statistik om tandhälsa 2025 - Socialstyrelsen,https://www.socialstyrelsen.se/contentassets/d4efeed233aa482fa6eaeafd5cd42f96/2026-5-10290-kvalitetsdeklaration.pdf,Bilaga – Kvalitetsdeklaration – Statistik om tandhälsa 2025,,kvalitetsdeklaration,2026,pdf,2026-10-05T18:49:49+00:00
trafikanalys,Trafikanalys,https://www.trafa.se/vagtrafik/fordon/,Fordon på väg,https://www.trafa.se/globalassets/statistik/vagtrafik/fordon/manad/kvalitetsdeklaration-nyregistrerade-fordon-2026.pdf,» Ladda ned kvalitetsdeklaration,,kvalitetsdeklaration,2026,pdf,2026-10-05T18:46:17+00:00
trafikanalys,Trafikanalys,https://www.trafa.se/vagtrafik/fordon/,Fordon på väg,https://www.trafa.se/globalassets/statistik/vagtrafik/fordon/2026/kvalitetsdeklaration-fordon-2025.pdf,"Ladda ner Kvalitetsdeklaration Fordon 2025, PDF",,kvalitetsdeklaration,2025,pdf,2026-10-05T18:46:17+00:00
trafikanalys,Trafikanalys,https://www.trafa.se/vagtrafik/fordon/,Fordon på väg,https://www.trafa.se/globalassets/statistik/vagtrafik/fordon/2026/kvalitetsdeklaration-fordon-i-lan-och-kommuner-2025.pdf,"Ladda ner Kvalitetsdeklaration Fordon i län och kommuner 2025, PDF",,kvalitetsdeklaration,2025,pdf,2026-10-05T18:46:17+00:00
trafikanalys,Trafikanalys,https://www.trafa.se/vagtrafik/fordon/,Fordon på väg,https://www.trafa.se/globalassets/statistik/vagtrafik/fordon/2025/kvalitetsdeklaration-fordon-2024.pdf,"Ladda ner Kvalitetsdeklaration Fordon 2024, PDF",,kvalitetsdeklaration,2024,pdf,2026-10-05T18:46:17+00:00
trafikanalys,Trafikanalys,https://www.trafa.se/vagtrafik/fordon/,Fordon på väg,https://www.trafa.se/globalassets/statistik/vagtrafik/fordon/2025/kvalitetsdeklaration-fordon-i-lan-och-kommuner-2024.pdf,"Ladda ner Kvalitetsdeklaration Fordon i län och kommuner 2024, PDF",,kvalitetsdeklaration,2024,pdf,2026-10-05T18:46:17+00:00
trafikanalys,Trafikanalys,https://www.trafa.se/vagtrafik/fordon/,Fordon på väg,https://www.trafa.se/globalassets/statistik/vagtrafik/fordon/2024/kvalitetsdeklaration-fordon-20232.pdf,"Ladda ner Kvalitetsdeklaration Fordon 2023, PDF",,kvalitetsdeklaration,2023,pdf,2026-10-05T18:46:17+00:00
trafikanalys,Trafikanalys,https://www.trafa.se/vagtrafik/lastbilstrafik/,Lastbilstrafik,https://www.trafa.se/globalassets/statistik/vagtrafik/lastbilstrafik/2026/kvalitetsdeklaration-lastbilstrafik-2026-kvartal-2.pdf,» Gå till dokumentationen,,kvalitetsdeklaration,2026,pdf,2026-10-05T18:46:18+00:00
trafikanalys,Trafikanalys,https://www.trafa.se/vagtrafik/lastbilstrafik/,Lastbilstrafik,https://www.trafa.se/globalassets/statistik/vagtrafik/lastbilstrafik/2026/kvalitetsdeklaration-lastbilstrafik-2025.pdf,Dokumentation,,kvalitetsdeklaration,2025,pdf,2026-10-05T18:46:18+00:00
trafikanalys,Trafikanalys,https://www.trafa.se/vagtrafik/lastbilstrafik/,Lastbilstrafik,https://www.trafa.se/globalassets/statistik/vagtrafik/lastbilstrafik/2026/kvalitetsdeklaration-lastbilstrafik-2026-kvartal-2.pdf,"Ladda ner Lastbilstrafik 2026 kvartal 2, PDF",,kvalitetsdeklaration,2026,pdf,2026-10-05T18:46:18+00:00
trafikanalys,Trafikanalys,https://www.trafa.se/vagtrafik/lastbilstrafik/,Lastbilstrafik,https://www.trafa.se/globalassets/statistik/vagtrafik/lastbilstrafik/2026/kvalitetsdeklaration-lastbilstrafik-2026-kvartal-1.pdf,"Ladda ner Kvalitetsdeklaration Lastbilstrafik 2026 kvartal 1, PDF",,kvalitetsdeklaration,2026,pdf,2026-10-05T18:46:18+00:00
trafikanalys,Trafikanalys,https://www.trafa.se/vagtrafik/lastbilstrafik/,Lastbilstrafik,https://www.trafa.se/globalassets/statistik/vagtrafik/lastbilstrafik/2026/kvalitetsdeklaration-lastbilstrafik-2025.pdf,"Ladda ner Kvalitetsdeklaration Lastbilstrafik 2025, PDF",,kvalitetsdeklaration,2025,pdf,2026-10-05T18:46:18+00:00
trafikanalys,Trafikanalys,https://www.trafa.se/vagtrafik/lastbilstrafik/,Lastbilstrafik,https://www.trafa.se/globalassets/statistik/vagtrafik/lastbilstrafik/2026/kvalitetsdeklaration-lastbilstrafik-kvartal-4-2025.pdf,"Ladda ner Kvalitetsdeklaration Lastbilstrafik kvartal 4 2025, PDF",,kvalitetsdeklaration,2025,pdf,2026-10-05T18:46:18+00:00
trafikanalys,Trafikanalys,https://www.trafa.se/vagtrafik/vagtrafikskador/,Vägtrafikskador,https://www.trafa.se/globalassets/statistik/vagtrafik/vagtrafikskador/2025/kvalitetsdeklaration-vagtrafikskador-2025.pdf,"Ladda ner Kvalitetsdeklaration Vägtrafikskador 2025, PDF",,kvalitetsdeklaration,2025,pdf,2026-10-05T18:46:20+00:00
trafikanalys,Trafikanalys,https://www.trafa.se/vagtrafik/vagtrafikskador/,Vägtrafikskador,https://www.trafa.se/globalassets/statistik/vagtrafik/vagtrafikskador/2024/kvalitetsdeklaration-vagtrafikskador-2024.pdf,"Ladda ner Kvalitetsdeklaration Vägtrafikskador 2024, PDF",,kvalitetsdeklaration,2024,pdf,2026-10-05T18:46:20+00:00
trafikanalys,Trafikanalys,https://www.trafa.se/vagtrafik/vagtrafikskador/,Vägtrafikskador,https://www.trafa.se/globalassets/statistik/vagtrafik/vagtrafikskador/2023/kvalitetsdeklaration-vagtrafikskador-2023.pdf,"Ladda ner Kvalitetsdeklaration Vägtrafikskador 2023, PDF",,kvalitetsdeklaration,2023,pdf,2026-10-05T18:46:20+00:00
trafikanalys,Trafikanalys,https://www.trafa.se/vagtrafik/vagtrafikskador/,Vägtrafikskador,https://www.trafa.se/globalassets/statistik/vagtrafik/vagtrafikskador/2022/kvalitetsdeklaration-vagtrafikskador-2022.pdf,"Ladda ner Kvalitetsdeklaration Vägtrafikskador 2022, PDF",,kvalitetsdeklaration,2022,pdf,2026-10-05T18:46:20+00:00
trafikanalys,Trafikanalys,https://www.trafa.se/vagtrafik/vagtrafikskador/,Vägtrafikskador,https://www.trafa.se/globalassets/statistik/vagtrafik/vagtrafikskador/2021/kvalitetsdeklaration-vagtrafikskador-2021.pdf,"Ladda ner Kvalitetsdeklaration Vägtrafikskador 2021, PDF",,kvalitetsdeklaration,2021,pdf,2026-10-05T18:46:20+00:00
trafikanalys,Trafikanalys,https://www.trafa.se/vagtrafik/vagtrafikskadade-inom-sjukvarden/,Vägtrafikskador i sjukvården,https://www.trafa.se/globalassets/statistik/vagtrafik/vagtrafikskador/2009-2015/2014/beskrivning-av-statistiken-2014.pdf,"Ladda ner Beskrivning av statistiken Vägtrafikskadade i sjukvården 2014, PDF",,beskrivning av statistiken,2014,pdf,2026-10-05T18:46:20+00:00
trafikanalys,Trafikanalys,https://www.trafa.se/vagtrafik/korstrackor/,Körsträckor,https://www.trafa.se/globalassets/statistik/vagtrafik/korstrackor/2025/kvalitetsdeklaration-korstrackor-2025.pdf,"Ladda ner Kvalitetsdeklaration Körsträckor 2025, PDF",,kvalitetsdeklaration,2025,pdf,2026-10-05T18:46:23+00:00
trafikanalys,Trafikanalys,https://www.trafa.se/vagtrafik/korstrackor/,Körsträckor,https://www.trafa.se/globalassets/statistik/vagtrafik/korstrackor/2024/kvalitetsdeklaration-korstrackor-2024.pdf,"Ladda ner Kvalitetsdeklaration Körsträckor 2024, PDF",,kvalitetsdeklaration,2024,pdf,2026-10-05T18:46:23+00:00
trafikanalys,Trafikanalys,https://www.trafa.se/vagtrafik/korstrackor/,Körsträckor,https://www.trafa.se/globalassets/statistik/vagtrafik/korstrackor/2023/kvalitetsdeklaration---korstrackor-2023.pdf,"Ladda ner Kvalitetsdeklaration Körsträckor 2023, PDF",,kvalitetsdeklaration,2023,pdf,2026-10-05T18:46:23+00:00
trafikanalys,Trafikanalys,https://www.trafa.se/vagtrafik/korstrackor/,Körsträckor,https://www.trafa.se/globalassets/statistik/vagtrafik/korstrackor/2022/kvalitetsdeklaration-korstrackor-2022.pdf,"Ladda ner Kvalitetsdeklaration Körsträckor 2022, PDF",,kvalitetsdeklaration,2022,pdf,2026-10-05T18:46:23+00:00
trafikanalys,Trafikanalys,https://www.trafa.se/vagtrafik/korstrackor/,Körsträckor,https://www.trafa.se/globalassets/statistik/vagtrafik/korstrackor/2021/kvalitetsdeklaration-korstrackor-2021.pdf,"Ladda ner Kvalitetsdeklaration Körsträckor 2021, PDF",,kvalitetsdeklaration,2021,pdf,2026-10-05T18:46:23+00:00
trafikanalys,Trafikanalys,https://www.trafa.se/bantrafik/bantrafik/,Bantrafik,https://www.trafa.se/globalassets/statistik/bantrafik/bantrafik/2025/kvalitetsdeklaration-bantrafik-2025.pdf,"Ladda ner Kvalitetsdeklaration Bantrafik 2025, PDF",,kvalitetsdeklaration,2025,pdf,2026-10-05T18:46:26+00:00
trafikanalys,Trafikanalys,https://www.trafa.se/bantrafik/bantrafik/,Bantrafik,https://www.trafa.se/globalassets/statistik/bantrafik/bantrafik/2024/kvalitetsdeklaration-bantrafik-2024.pdf,"Ladda ner , PDF",,kvalitetsdeklaration,2024,pdf,2026-10-05T18:46:26+00:00
trafikanalys,Trafikanalys,https://www.trafa.se/bantrafik/bantrafik/,Bantrafik,https://www.trafa.se/globalassets/statistik/bantrafik/bantrafik/2023/kvalitetsdeklaration-bantrafik-2023.pdf,"Ladda ner Kvalitetsdeklaration Bantrafik 2023, PDF",,kvalitetsdeklaration,2023,pdf,2026-10-05T18:46:26+00:00
trafikanalys,Trafikanalys,https://www.trafa.se/bantrafik/bantrafik/,Bantrafik,https://www.trafa.se/globalassets/statistik/bantrafik/bantrafik/2022/kvalitetsdeklaration-bantrafik-2022.pdf,"Ladda ner Kvalitetsdeklaration Bantrafik 2022, PDF",,kvalitetsdeklaration,2022,pdf,2026-10-05T18:46:26+00:00
trafikanalys,Trafikanalys,https://www.trafa.se/bantrafik/bantrafik/,Bantrafik,https://www.trafa.se/globalassets/statistik/bantrafik/bantrafik/2021/kvalitetsdeklaration-bantrafik-2021.pdf,"Ladda ner Kvalitetsdeklaration Bantrafik 2021, PDF",,kvalitetsdeklaration,2021,pdf,2026-10-05T18:46:26+00:00
trafikanalys,Trafikanalys,https://www.trafa.se/bantrafik/jarnvagstransporter/,Järnvägstransporter,https://www.trafa.se/globalassets/statistik/bantrafik/jarnvagstransporter/2026/kvalitetsdeklaration-jarnvagstransporter-2026-kvartal-2.pdf,"Ladda ner Kvalitetsdeklaration Järnvägstransporter 2026 kvartal 2, PDF",,kvalitetsdeklaration,2026,pdf,2026-10-05T18:46:26+00:00
trafikanalys,Trafikanalys,https://www.trafa.se/bantrafik/jarnvagstransporter/,Järnvägstransporter,https://www.trafa.se/globalassets/statistik/bantrafik/jarnvagstransporter/2026/kvalitetsdeklaration-jarnvagstransporter-2026-kvartal-1.pdf,"Ladda ner Kvalitetsdeklaration Järnvägstransporter 2026 kvartal 1, PDF",,kvalitetsdeklaration,2026,pdf,2026-10-05T18:46:26+00:00
trafikanalys,Trafikanalys,https://www.trafa.se/bantrafik/jarnvagstransporter/,Järnvägstransporter,https://www.trafa.se/globalassets/statistik/bantrafik/jarnvagstransporter/2026/kvalitetsdeklaration-jarnvagstransporter-2025-kvartal-4.pdf,"Ladda ner Järnvägstransporter 2025 kvartal 4, PDF",,kvalitetsdeklaration,2025,pdf,2026-10-05T18:46:26+00:00
trafikanalys,Trafikanalys,https://www.trafa.se/bantrafik/jarnvagstransporter/,Järnvägstransporter,https://www.trafa.se/globalassets/statistik/bantrafik/jarnvagstransporter/2025/kvalitetsdeklaration-jarnvagstransporter-2025-kvartal-3.pdf,"Ladda ner Kvalitetsdeklaration Järnvägstransporter 2025 kvartal 3, PDF",,kvalitetsdeklaration,2025,pdf,2026-10-05T18:46:26+00:00
trafikanalys,Trafikanalys,https://www.trafa.se/bantrafik/jarnvagstransporter/,Järnvägstransporter,https://www.trafa.se/globalassets/statistik/bantrafik/jarnvagstransporter/2025/kvalitetsdeklaration-jarnvagstransporter-2025-kvartal-2.pdf,"Ladda ner Kvalitetsdeklaration Järnvägstransporter 2025 kvartal 2, PDF",,kvalitetsdeklaration,2025,pdf,2026-10-05T18:46:26+00:00
trafikanalys,Trafikanalys,https://www.trafa.se/bantrafik/bantrafikskador/,Bantrafikskador,https://www.trafa.se/globalassets/statistik/bantrafik/bantrafiksskador/2025/kvalitetsdeklaration-bantrafikskador-2025.pdf,» Läs mer,,kvalitetsdeklaration,2025,pdf,2026-10-05T18:46:27+00:00
trafikanalys,Trafikanalys,https://www.trafa.se/bantrafik/bantrafikskador/,Bantrafikskador,https://www.trafa.se/globalassets/statistik/bantrafik/bantrafiksskador/2025/kvalitetsdeklaration-bantrafikskador-2025.pdf,"Ladda ner Kvalitetsdeklaration Bantrafikskador 2025, PDF",,kvalitetsdeklaration,2025,pdf,2026-10-05T18:46:27+00:00
trafikanalys,Trafikanalys,https://www.trafa.se/bantrafik/bantrafikskador/,Bantrafikskador,https://www.trafa.se/globalassets/statistik/bantrafik/bantrafiksskador/2024/kvalitetsdeklaration-bantrafikskador-2024.pdf,"Ladda ner Kvalitetsdeklaration Bantrafikskador 2024, PDF",,kvalitetsdeklaration,2024,pdf,2026-10-05T18:46:27+00:00
trafikanalys,Trafikanalys,https://www.trafa.se/bantrafik/bantrafikskador/,Bantrafikskador,https://www.trafa.se/globalassets/statistik/bantrafik/bantrafiksskador/2023/kvalitetsdeklaration-bantrafikskador-2023---2024-06-10.pdf,"Ladda ner Kvalitetsdeklaration Bantrafikskador 2023, PDF",,kvalitetsdeklaration,2024,pdf,2026-10-05T18:46:27+00:00
trafikanalys,Trafikanalys,https://www.trafa.se/bantrafik/bantrafikskador/,Bantrafikskador,https://www.trafa.se/globalassets/statistik/bantrafik/bantrafiksskador/2022/kvalitetsdeklaration-bantrafikskador-2022---2022-06-09-inlaga.pdf,"Ladda ner Kvalitetsdeklaration Bantrafikskador 2022 , PDF",,kvalitetsdeklaration,2022,pdf,2026-10-05T18:46:27+00:00
trafikanalys,Trafikanalys,https://www.trafa.se/bantrafik/bantrafikskador/,Bantrafikskador,https://www.trafa.se/globalassets/statistik/bantrafik/bantrafiksskador/2021/kvalitetsdeklaration-bantrafikskador-2021---2022-06-10.pdf,"Ladda ner Kvalitetsdeklaration Bantrafikskador 2021, PDF",,kvalitetsdeklaration,2022,pdf,2026-10-05T18:46:27+00:00
trafikanalys,Trafikanalys,https://www.trafa.se/bantrafik/punktlighet-pa-jarnvag/,Punktlighet på järnväg,https://www.trafa.se/globalassets/statistik/bantrafik/punktlighet-pa-jarnvag/2026/kvalitetsdeklaration-punktlighet-pa-jarnvag-2026-kvartal-2.pdf,» Gå till deklarationen,,kvalitetsdeklaration,2026,pdf,2026-10-05T18:46:28+00:00
trafikanalys,Trafikanalys,https://www.trafa.se/bantrafik/punktlighet-pa-jarnvag/,Punktlighet på järnväg,https://www.trafa.se/globalassets/statistik/bantrafik/punktlighet-pa-jarnvag/2026/kvalitetsdeklaration-punktlighet-pa-jarnvag-2025.pdf,Dokumentation,,kvalitetsdeklaration,2025,pdf,2026-10-05T18:46:28+00:00
trafikanalys,Trafikanalys,https://www.trafa.se/bantrafik/punktlighet-pa-jarnvag/,Punktlighet på järnväg,https://www.trafa.se/globalassets/statistik/bantrafik/punktlighet-pa-jarnvag/2026/kvalitetsdeklaration-punktlighet-pa-jarnvag-2026-kvartal-2.pdf,"Ladda ner Kvalitetsdeklaration Punktlighet på järnväg 2026 kvartal 2, PDF",,kvalitetsdeklaration,2026,pdf,2026-10-05T18:46:28+00:00
trafikanalys,Trafikanalys,https://www.trafa.se/bantrafik/punktlighet-pa-jarnvag/,Punktlighet på järnväg,https://www.trafa.se/globalassets/statistik/bantrafik/punktlighet-pa-jarnvag/2026/kvalitetsdeklaration-punktlighet-pa-jarnvag-2026-kvartal-1.pdf,"Ladda ner Kvalitetsdeklaration Punktlighet på järnväg 2026 kvartal 1, PDF",,kvalitetsdeklaration,2026,pdf,2026-10-05T18:46:28+00:00
trafikanalys,Trafikanalys,https://www.trafa.se/bantrafik/punktlighet-pa-jarnvag/,Punktlighet på järnväg,https://www.trafa.se/globalassets/statistik/bantrafik/punktlighet-pa-jarnvag/2026/kvalitetsdeklaration-punktlighet-pa-jarnvag-2025.pdf,"Ladda ner Kvalitetsdeklaration Punktlighet på järnväg 2025, PDF",,kvalitetsdeklaration,2025,pdf,2026-10-05T18:46:28+00:00
trafikanalys,Trafikanalys,https://www.trafa.se/bantrafik/punktlighet-pa-jarnvag/,Punktlighet på järnväg,https://www.trafa.se/globalassets/statistik/bantrafik/punktlighet-pa-jarnvag/2026/kvalitetsdeklaration-punktlighet-pa-jarnvag-2025-kvartal-4.pdf,"Ladda ner Kvalitetsdeklaration Punktlighet på järnväg 2025 kvartal 4, PDF",,kvalitetsdeklaration,2025,pdf,2026-10-05T18:46:28+00:00
trafikanalys,Trafikanalys,https://www.trafa.se/kollektivtrafik/kollektivtrafik/,Regional linjetrafik,https://www.trafa.se/globalassets/statistik/kollektivtrafik/kollektivtrafik/2025/kvalitetsdeklaration-regional-linjetrafik-2025.pdf,» Gå till dokumentationen,,kvalitetsdeklaration,2025,pdf,2026-10-05T18:46:30+00:00
trafikanalys,Trafikanalys,https://www.trafa.se/kollektivtrafik/kollektivtrafik/,Regional linjetrafik,https://www.trafa.se/globalassets/statistik/kollektivtrafik/kollektivtrafik/2025/kvalitetsdeklaration-regional-linjetrafik-2025.pdf,"Ladda ner Kvalitetsdeklaration Regional linjetrafik 2025, PDF",,kvalitetsdeklaration,2025,pdf,2026-10-05T18:46:30+00:00
trafikanalys,Trafikanalys,https://www.trafa.se/kollektivtrafik/kollektivtrafik/,Regional linjetrafik,https://www.trafa.se/globalassets/statistik/kollektivtrafik/kollektivtrafik/2024/kvalitetsdeklaration-regional-linjetrafik-2024.pdf,"Ladda ner Kvalitetsdeklaration Regional linjetrafik 2024, PDF",,kvalitetsdeklaration,2024,pdf,2026-10-05T18:46:30+00:00
trafikanalys,Trafikanalys,https://www.trafa.se/kollektivtrafik/kollektivtrafik/,Regional linjetrafik,https://www.trafa.se/globalassets/statistik/kollektivtrafik/kollektivtrafik/2023/kvalitetsdeklaration-regional-linjetrafik-2023.pdf,"Ladda ner Kvalitetsdeklaration Regional linjetrafik 2023, PDF",,kvalitetsdeklaration,2023,pdf,2026-10-05T18:46:30+00:00
trafikanalys,Trafikanalys,https://www.trafa.se/kollektivtrafik/kollektivtrafik/,Regional linjetrafik,https://www.trafa.se/globalassets/statistik/kollektivtrafik/kollektivtrafik/2022/kvalitetsdeklaration-regional-linjetrafik-2022.pdf,"Ladda ner Kvalitetsdeklaration Regional linjetrafik 2022, PDF",,kvalitetsdeklaration,2022,pdf,2026-10-05T18:46:30+00:00
trafikanalys,Trafikanalys,https://www.trafa.se/kollektivtrafik/linjetrafik-pa-vag/,Linjetrafik på väg,https://www.trafa.se/globalassets/statistik/kollektivtrafik/kommersiell-linjetrafik/2025/kvalitetsdeklaration-kommersiell-linjetrafik-pa-vag-2025.pdf,"Ladda ner Kvalitetsdeklaration Kommersiell linjetrafik på väg 2025, PDF",,kvalitetsdeklaration,2025,pdf,2026-10-05T18:46:31+00:00
trafikanalys,Trafikanalys,https://www.trafa.se/kollektivtrafik/linjetrafik-pa-vag/,Linjetrafik på väg,https://www.trafa.se/globalassets/statistik/kollektivtrafik/kommersiell-linjetrafik/2024/kvalitetsdeklaration-kommersiell-linjetrafik-pa-vag-2024.pdf,"Ladda ner Kvalitetsdeklaration Kommersiell linjetrafik på väg 2024, PDF",,kvalitetsdeklaration,2024,pdf,2026-10-05T18:46:31+00:00
trafikanalys,Trafikanalys,https://www.trafa.se/kollektivtrafik/linjetrafik-pa-vag/,Linjetrafik på väg,https://www.trafa.se/globalassets/statistik/kollektivtrafik/kommersiell-linjetrafik/2023/kvalitetsdeklaration-kommersiell-linjetrafik-pa-vag-2023.pdf,"Ladda ner Kvalitetsdeklaration Kommersiell linjetrafik på väg 2023, PDF",,kvalitetsdeklaration,2023,pdf,2026-10-05T18:46:31+00:00
trafikanalys,Trafikanalys,https://www.trafa.se/kollektivtrafik/linjetrafik-pa-vag/,Linjetrafik på väg,https://www.trafa.se/globalassets/statistik/kollektivtrafik/kommersiell-linjetrafik/2022/kvalitetsdeklaration-kommersiell-linjetrafik-pa-vag-2022.pdf,"Ladda ner Kvalitetsdeklaration Kommersiell linjetrafik på väg 2022, PDF",,kvalitetsdeklaration,2022,pdf,2026-10-05T18:46:31+00:00
trafikanalys,Trafikanalys,https://www.trafa.se/kollektivtrafik/linjetrafik-pa-vag/,Linjetrafik på väg,https://www.trafa.se/globalassets/statistik/kollektivtrafik/kommersiell-linjetrafik/2021/kvalitetsdeklaration-kommersiell-linjetrafik-pa-vag-2021.pdf,"Ladda ner Kvalitetsdeklaration Kommersiell linjetrafik på väg 2021, PDF",,kvalitetsdeklaration,2021,pdf,2026-10-05T18:46:31+00:00
trafikanalys,Trafikanalys,https://www.trafa.se/kollektivtrafik/linjetrafik-pa-vatten/,Linjetrafik på vatten,https://www.trafa.se/globalassets/statistik/kollektivtrafik/kommersiell-linjetrafik/2025/kvalitetsdeklaration-regional-linjetrafik-2025.pdf,"Ladda ner Kvalitetsdeklaration Regional linjetrafik 2025, PDF",,kvalitetsdeklaration,2025,pdf,2026-10-05T18:46:32+00:00
trafikanalys,Trafikanalys,https://www.trafa.se/kollektivtrafik/linjetrafik-pa-vatten/,Linjetrafik på vatten,https://www.trafa.se/globalassets/statistik/kollektivtrafik/kommersiell-linjetrafik/2023/kvalitetsdeklaration-regional-linjetrafik-2023.pdf,"Ladda ner Kvalitetsdeklaration Regional linjetrafik 2023, PDF",,kvalitetsdeklaration,2023,pdf,2026-10-05T18:46:32+00:00
trafikanalys,Trafikanalys,https://www.trafa.se/kollektivtrafik/fardtjanst/,Färdtjänst,https://www.trafa.se/globalassets/statistik/kollektivtrafik/fardtjanst/2025/kvalitetsdeklaration-fardtjanst-och-riksfardtjanst-2025.pdf,» Gå till dokumentation,,kvalitetsdeklaration,2025,pdf,2026-10-05T18:46:32+00:00
trafikanalys,Trafikanalys,https://www.trafa.se/kollektivtrafik/fardtjanst/,Färdtjänst,https://www.trafa.se/globalassets/statistik/kollektivtrafik/fardtjanst/2025/kvalitetsdeklaration-fardtjanst-och-riksfardtjanst-2025.pdf,"Ladda ner Kvalitetsdeklaration Färdtjänst och riksfärdtjänst 2025, PDF",,kvalitetsdeklaration,2025,pdf,2026-10-05T18:46:32+00:00
trafikanalys,Trafikanalys,https://www.trafa.se/kollektivtrafik/fardtjanst/,Färdtjänst,https://www.trafa.se/globalassets/statistik/kollektivtrafik/fardtjanst/2024/kvalitetsdeklaration-fardtjanst-och-riksfardtjanst-2024.pdf,"Ladda ner Kvalitetsdeklaration färdtjänst och riksfärdtjänst 2024, PDF",,kvalitetsdeklaration,2024,pdf,2026-10-05T18:46:32+00:00
trafikanalys,Trafikanalys,https://www.trafa.se/kollektivtrafik/fardtjanst/,Färdtjänst,https://www.trafa.se/globalassets/statistik/kollektivtrafik/fardtjanst/2023/kvalitetsdeklaration-fardtjanst-och-riksfardtjanst-2023.pdf,"Ladda ner Kvalitetsdeklaration färdtjänst och riksfärdtjänst 2023, PDF",,kvalitetsdeklaration,2023,pdf,2026-10-05T18:46:32+00:00
trafikanalys,Trafikanalys,https://www.trafa.se/transportmonster/RVU-Sverige/,Resvanor,https://www.trafa.se/globalassets/statistik/resvanor/2026/kvalitetsdeklaration-resvanor-i-sverige-2025.pdf,» Gå till kvalitetsdeklarationen,,kvalitetsdeklaration,2025,pdf,2026-10-05T18:46:34+00:00
trafikanalys,Trafikanalys,https://www.trafa.se/transportmonster/RVU-Sverige/,Resvanor,https://www.trafa.se/globalassets/statistik/resvanor/2026/kvalitetsdeklaration-resvanor-i-sverige-2025.pdf,"Ladda ner Kvalitetsdeklaration Resvanor i Sverige 2025, PDF",,kvalitetsdeklaration,2025,pdf,2026-10-05T18:46:34+00:00
trafikanalys,Trafikanalys,https://www.trafa.se/transportmonster/RVU-Sverige/,Resvanor,https://www.trafa.se/globalassets/statistik/resvanor/2025/kvalitetsdeklaration-resvanor-i-sverige-2024.pdf,"Ladda ner Kvalitetsdeklaration Resvanor i Sverige 2024, PDF",,kvalitetsdeklaration,2024,pdf,2026-10-05T18:46:34+00:00
trafikanalys,Trafikanalys,https://www.trafa.se/transportmonster/RVU-Sverige/,Resvanor,https://www.trafa.se/globalassets/statistik/resvanor/2023/kvalitetsdeklaration-resvanor-i-sverige-2023.pdf,"Ladda ner Kvalitetsdeklaration Resvanor i Sverige 2023, PDF",,kvalitetsdeklaration,2023,pdf,2026-10-05T18:46:34+00:00
trafikanalys,Trafikanalys,https://www.trafa.se/transportmonster/varufloden/,Varuflöden,https://www.trafa.se/globalassets/statistik/varufloden/2025/kvalitetsdeklaration-vfu-2025.pdf,» Gå till kvalitetsdeklarationen,,kvalitetsdeklaration,2025,pdf,2026-10-05T18:46:36+00:00
trafikanalys,Trafikanalys,https://www.trafa.se/transportmonster/varufloden/,Varuflöden,https://www.trafa.se/globalassets/statistik/varufloden/2025/kvalitetsdeklaration-vfu-2025.pdf,"Ladda ner Kvalitetsdeklaration Varuflödesundersökningen 2025, PDF",,kvalitetsdeklaration,2025,pdf,2026-10-05T18:46:36+00:00
trafikanalys,Trafikanalys,https://www.trafa.se/transportmonster/varufloden/,Varuflöden,https://www.trafa.se/globalassets/statistik/varufloden/kvalitetsdeklaration-varuflodesundersokningen-2021.pdf,"Ladda ner Kvalitetsdeklaration Varuflödesundersökningen 2021, PDF",,kvalitetsdeklaration,2021,pdf,2026-10-05T18:46:36+00:00
trafikanalys,Trafikanalys,https://www.trafa.se/transportmonster/varufloden/,Varuflöden,https://www.trafa.se/globalassets/statistik/varufloden/kvalitetsdeklaration-varuflodesundersokningen-2016.pdf,"Ladda ner Kvalitetsdeklaration Varuflödesundersökningen 2016, PDF",,kvalitetsdeklaration,2016,pdf,2026-10-05T18:46:36+00:00
trafikanalys,Trafikanalys,https://www.trafa.se/sjofart/sjotrafik/,Sjötrafik,https://www.trafa.se/globalassets/statistik/sjotrafik/sjotrafik/2026/kvalitetsdeklaration-sjotrafik-2026-kvartal-2.pdf,"Ladda ner Kvalitetsdeklaration Sjötrafik 2026 kvartal 2, PDF",,kvalitetsdeklaration,2026,pdf,2026-10-05T18:46:38+00:00
trafikanalys,Trafikanalys,https://www.trafa.se/sjofart/sjotrafik/,Sjötrafik,https://www.trafa.se/globalassets/statistik/sjotrafik/sjotrafik/2026/kvalitetsdeklaration-sjotrafik-2026-kvartal-1.pdf,"Ladda ner Kvalitetsdeklaration Sjötrafik 2026 kvartal 1, PDF",,kvalitetsdeklaration,2026,pdf,2026-10-05T18:46:38+00:00
trafikanalys,Trafikanalys,https://www.trafa.se/sjofart/sjotrafik/,Sjötrafik,https://www.trafa.se/globalassets/statistik/sjotrafik/sjotrafik/2026/kvalitetsdeklaration-sjotrafik-2025.pdf,"Ladda ner Kvalitetsdeklaration Sjötrafik 2025, PDF",,kvalitetsdeklaration,2025,pdf,2026-10-05T18:46:38+00:00
trafikanalys,Trafikanalys,https://www.trafa.se/sjofart/sjotrafik/,Sjötrafik,https://www.trafa.se/globalassets/statistik/sjotrafik/sjotrafik/2026/kvalitetsdeklaration-sjotrafik-2025-kvartal-4.pdf,"Ladda ner Kvalitetsdeklaration Sjötrafik 2025 kvartal 4, PDF",,kvalitetsdeklaration,2025,pdf,2026-10-05T18:46:38+00:00
trafikanalys,Trafikanalys,https://www.trafa.se/sjofart/sjotrafik/,Sjötrafik,https://www.trafa.se/globalassets/statistik/sjotrafik/sjotrafik/2025/kvalitetsdeklaration-sjotrafik-2025-kvartal-3.pdf,"Ladda ner Kvalitetsdeklaration Sjötrafik 2025 kvartal 3, PDF",,kvalitetsdeklaration,2025,pdf,2026-10-05T18:46:38+00:00
trafikanalys,Trafikanalys,https://www.trafa.se/sjofart/fartyg/,Fartyg,https://www.trafa.se/globalassets/statistik/sjotrafik/fartyg/2025/kvalitetsdeklaration-fartyg-2025---svenska-och-utlandska-fartyg-i-svensk-regi.pdf,"Ladda ner Kvalitetsdeklaration Fartyg 2025 - svenska och utländska fartyg i svensk regi, PDF",,kvalitetsdeklaration,2025,pdf,2026-10-05T18:46:38+00:00
trafikanalys,Trafikanalys,https://www.trafa.se/sjofart/fartyg/,Fartyg,https://www.trafa.se/globalassets/statistik/sjotrafik/fartyg/2024/kvalitetsdeklaration-fartyg-2024---svenska-och-utlandska-fartyg-i-svensk-regi.pdf,"Ladda ner Kvalitetsdeklaration Fartyg 2024 - svenska och utländska fartyg i svensk regi, PDF",,kvalitetsdeklaration,2024,pdf,2026-10-05T18:46:38+00:00
trafikanalys,Trafikanalys,https://www.trafa.se/sjofart/fartyg/,Fartyg,https://www.trafa.se/globalassets/statistik/sjotrafik/fartyg/2023/kvalitetsdeklaration-fartyg-2023---svenska-och-utlandska-fartyg-i-svensk-regi.pdf,"Ladda ner Kvalitetsdeklaration Fartyg 2023 - svenska och utländska fartyg i svensk regi, PDF",,kvalitetsdeklaration,2023,pdf,2026-10-05T18:46:38+00:00
trafikanalys,Trafikanalys,https://www.trafa.se/sjofart/fartyg/,Fartyg,https://www.trafa.se/globalassets/statistik/sjotrafik/fartyg/2022/kvalitetsdeklaration-fartyg-2022.pdf,"Ladda ner Kvalitetsdeklaration Fartyg 2022, PDF",,kvalitetsdeklaration,2022,pdf,2026-10-05T18:46:38+00:00
trafikanalys,Trafikanalys,https://www.trafa.se/sjofart/fartyg/,Fartyg,https://www.trafa.se/globalassets/statistik/sjotrafik/fartyg/2021/kvalitetsdeklaration-fartyg-2021.pdf,"Ladda ner Kvalitetsdeklaration Fartyg 2021, PDF",,kvalitetsdeklaration,2021,pdf,2026-10-05T18:46:38+00:00
trafikanalys,Trafikanalys,https://www.trafa.se/brev-och-paketdistribution/postverksamhet/,Postverksamhet,https://www.trafa.se/globalassets/statistik/postverksamhet/2025/kvalitetsdeklaration-postverksamhet-2025.pdf,"Ladda ner Kvalitetsdeklaration Postverksamhet 2025, PDF",,kvalitetsdeklaration,2025,pdf,2026-10-05T18:46:40+00:00
trafikanalys,Trafikanalys,https://www.trafa.se/brev-och-paketdistribution/postverksamhet/,Postverksamhet,https://www.trafa.se/globalassets/statistik/postverksamhet/2024/kvalitetsdeklaration-postverksamhet-2024.pdf,"Ladda ner Kvalitetsdeklaration Postverksamhet 2024, PDF",,kvalitetsdeklaration,2024,pdf,2026-10-05T18:46:40+00:00
trafikanalys,Trafikanalys,https://www.trafa.se/brev-och-paketdistribution/postverksamhet/,Postverksamhet,https://www.trafa.se/globalassets/statistik/postverksamhet/2023/postverksamhet-2023---kvalitetsdeklaration.pdf,"Ladda ner Kvalitetsdeklaration Postverksamhet 2023, PDF",,kvalitetsdeklaration,2023,pdf,2026-10-05T18:46:40+00:00
trafikanalys,Trafikanalys,https://www.trafa.se/brev-och-paketdistribution/postverksamhet/,Postverksamhet,https://www.trafa.se/globalassets/statistik/postverksamhet/2022/kvalitetsdeklaration-postverksamhet-2022.pdf,"Ladda ner Kvalitetsdeklaration Postverksamhet 2022, PDF",,kvalitetsdeklaration,2022,pdf,2026-10-05T18:46:40+00:00
trafikanalys,Trafikanalys,https://www.trafa.se/brev-och-paketdistribution/postverksamhet/,Postverksamhet,https://www.trafa.se/globalassets/statistik/postverksamhet/2021/kvalitetsdeklaration-postverksamhet-2021.pdf,"Ladda ner Kvalitetsdeklaration Postverksamhet 2021, PDF",,kvalitetsdeklaration,2021,pdf,2026-10-05T18:46:40+00:00
trafikanalys,Trafikanalys,https://www.trafa.se/elektronisk-kommunikation/televerksamhet/,Televerksamhet,https://www.trafa.se/globalassets/statistik/televerksamhet/2025/televerksamhet-2025---kvalitetsdeklaration.pdf,"Ladda ner Kvalitetsdeklaration Televerksamhet 2025, PDF",,kvalitetsdeklaration,2025,pdf,2026-10-05T18:46:42+00:00
trafikanalys,Trafikanalys,https://www.trafa.se/elektronisk-kommunikation/televerksamhet/,Televerksamhet,https://www.trafa.se/globalassets/statistik/televerksamhet/2024/televerksamhet-2024---kvalitetsdeklaration.pdf,"Ladda ner Televerksamhet 2024, PDF",,kvalitetsdeklaration,2024,pdf,2026-10-05T18:46:42+00:00
trafikanalys,Trafikanalys,https://www.trafa.se/elektronisk-kommunikation/televerksamhet/,Televerksamhet,https://www.trafa.se/globalassets/statistik/televerksamhet/2023/kvalitetsdeklaration---televerksamhet-2023.pdf,"Ladda ner Televerksamhet 2023, PDF",,kvalitetsdeklaration,2023,pdf,2026-10-05T18:46:42+00:00
trafikanalys,Trafikanalys,https://www.trafa.se/elektronisk-kommunikation/televerksamhet/,Televerksamhet,https://www.trafa.se/globalassets/statistik/televerksamhet/2022/televerksamhet-2022---kvalitetsdeklaration.pdf,"Ladda ner Televerksamhet 2022, PDF",,kvalitetsdeklaration,2022,pdf,2026-10-05T18:46:42+00:00
trafikanalys,Trafikanalys,https://www.trafa.se/elektronisk-kommunikation/televerksamhet/,Televerksamhet,https://www.trafa.se/globalassets/statistik/televerksamhet/2021/kvalitetsdeklaration-televerksamhet-2021.pdf,"Ladda ner Kvalitetsdeklaration Televerksamhet 2021, PDF",,kvalitetsdeklaration,2021,pdf,2026-10-05T18:46:42+00:00
trafikanalys,Trafikanalys,https://www.trafa.se/luftfart2/luftfart/,Luftfart,https://www.trafa.se/globalassets/statistik/luftfart/2025/kvalitetsdeklaration-luftfart-2025.pdf,"Ladda ner Kvalitetsdeklaration Luftfart 2025, PDF",,kvalitetsdeklaration,2025,pdf,2026-10-05T18:46:44+00:00
trafikanalys,Trafikanalys,https://www.trafa.se/luftfart2/luftfart/,Luftfart,https://www.trafa.se/globalassets/statistik/luftfart/2024/kvalitetsdeklaration-luftfart-2024.pdf,"Ladda ner Kvalitetsdeklaration Luftfart 2024, PDF",,kvalitetsdeklaration,2024,pdf,2026-10-05T18:46:44+00:00
trafikanalys,Trafikanalys,https://www.trafa.se/luftfart2/luftfart/,Luftfart,https://www.trafa.se/globalassets/statistik/luftfart/2023/kvalitetsdeklaration-luftfart-2023.pdf,"Ladda ner Kvalitetsdeklaration Luftfart 2023, PDF",,kvalitetsdeklaration,2023,pdf,2026-10-05T18:46:44+00:00
trafikanalys,Trafikanalys,https://www.trafa.se/luftfart2/luftfart/,Luftfart,https://www.trafa.se/globalassets/statistik/luftfart/2022/kvalitetsdeklaration-luftfart-2022.pdf,"Ladda ner Kvalitetsdeklaration Luftfart 2022, PDF",,kvalitetsdeklaration,2022,pdf,2026-10-05T18:46:44+00:00
trafikanalys,Trafikanalys,https://www.trafa.se/luftfart2/luftfart/,Luftfart,https://www.trafa.se/globalassets/statistik/luftfart/2021/kvalitetsdeklaration-luftfart-2021.pdf,"Ladda ner Kvalitetsdeklaration Luftfart 2021, PDF",,kvalitetsdeklaration,2021,pdf,2026-10-05T18:46:44+00:00
trafikanalys,Trafikanalys,https://www.trafa.se/ovrig/sjofartsforetag/,Sjöfartsföretag,https://www.trafa.se/globalassets/statistik/sjotrafik/sjofartsforetag/2016/kvalitetsdeklaration-sjofartsforetag-2016.pdf,"Ladda ner Kvalitetsdeklaration Sjöfartsföretag 2016, PDF",,kvalitetsdeklaration,2016,pdf,2026-10-05T18:46:46+00:00
trafikanalys,Trafikanalys,https://www.trafa.se/ovrig/sjofartsforetag/,Sjöfartsföretag,https://www.trafa.se/globalassets/statistik/sjotrafik/sjofartsforetag/2009-2015/kvalitetsdeklaration-sjofartsforetag-2015.pdf,"Ladda ner Kvalitetsdeklaration Sjöfartsföretag 2015, PDF",,kvalitetsdeklaration,2015,pdf,2026-10-05T18:46:46+00:00
trafikanalys,Trafikanalys,https://www.trafa.se/ovrig/sjofartsforetag/,Sjöfartsföretag,https://www.trafa.se/globalassets/statistik/sjotrafik/sjofartsforetag/2009-2015/beskrivning-av-statistiken-sjofartsforetag-2014.pdf,"Ladda ner Beskrivning av statistiken Sjöfartsföretag 2014, PDF",,beskrivning av statistiken,2014,pdf,2026-10-05T18:46:46+00:00
trafikanalys,Trafikanalys,https://www.trafa.se/ovrig/sjofartsforetag/,Sjöfartsföretag,https://www.trafa.se/globalassets/statistik/sjotrafik/sjofartsforetag/2009-2015/beskrivning-av-statistiken-sjofartsforetag-2013.pdf,"Ladda ner Beskrivning av statistiken Sjöfartsföretag 2013, PDF",,beskrivning av statistiken,2013,pdf,2026-10-05T18:46:46+00:00
trafikanalys,Trafikanalys,https://www.trafa.se/ovrig/sjofartsforetag/,Sjöfartsföretag,https://www.trafa.se/globalassets/statistik/sjotrafik/sjofartsforetag/2009-2015/beskrivning_av_statistiken_sjoefartsfoeretag_2012.pdf,"Ladda ner Beskrivning av statistiken Sjöfartsföretag 2012, PDF",,beskrivning av statistiken,2012,pdf,2026-10-05T18:46:46+00:00
trafikanalys,Trafikanalys,https://www.trafa.se/publikationer/,Trafikanalys publikationer,https://www.trafa.se/globalassets/rapporter/2025/rapport-2025-10-kvalitetsgranskning-av-trafikverkets-forslag-till-nationell-plan-for-transportinfrastrukturen-20262037.pdf,Kvalitetsgranskning av Trafikverkets förslag till nationell plan för transportinfrastrukturen 2026–2037,,kvalitetsdeklaration,2025,pdf,2026-10-05T18:46:48+00:00
trafikanalys,Trafikanalys,https://www.trafa.se/publikationer/,Trafikanalys publikationer,https://www.trafa.se/globalassets/remissvar/2023/kn2023_00745-trafikanalys.pdf,Omarbetat direktiv om luftkvalitet och renare luft i Europa – förslag från Europeiska kommissionen,KN2023,kvalitetsdeklaration,2023,pdf,2026-10-05T18:46:48+00:00
trafikanalys,Trafikanalys,https://www.trafa.se/publikationer/,Trafikanalys publikationer,https://www.trafa.se/globalassets/rapporter/2022/rapport-2022_7-kvalitetsgranskning-av-trafikverkets-forslag-till-nationell-plan-for-transportinfrastrukturen-2022-2033.pdf,Kvalitetsgranskning av Trafikverkets förslag till nationell plan för transportinfrastrukturen 2022-2033,,kvalitetsdeklaration,2033,pdf,2026-10-05T18:46:48+00:00
trafikanalys,Trafikanalys,https://www.trafa.se/publikationer/,Trafikanalys publikationer,https://www.trafa.se/globalassets/remissvar/2020/m2020_00276_ki-trafikanalys.pdf,Yttrande över Naturvårdsverkets och Statskontorets rapporter ”Översyn av åtgärdsprogram för luftkvalitet”,,kvalitetsdeklaration,2020,pdf,2026-10-05T18:46:48+00:00
trafikanalys,Trafikanalys,https://www.trafa.se/publikationer/,Trafikanalys publikationer,https://www.trafa.se/globalassets/remissvar/2018/2018_0785-trafikanalys.pdf,Remiss angående utvärderingen av den officiella statistikens kvalitet,,kvalitetsdeklaration,2018,pdf,2026-10-05T18:46:48+00:00
trafikanalys,Trafikanalys,https://www.trafa.se/publikationer/,Trafikanalys publikationer,https://www.trafa.se/globalassets/rapporter/2018/rapport-2018_4-kvalitetsgranskning-av-forslag-till-planer-for-transportsystemet-20182029--slutredovisning.pdf,Rapport 2018:4 Kvalitetsgranskning av förslag till planer för transportsystemet 2018–2029 – slutredovisning,,kvalitetsdeklaration,2018,pdf,2026-10-05T18:46:48+00:00
trafikanalys,Trafikanalys,https://www.trafa.se/publikationer/,Trafikanalys publikationer,https://www.trafa.se/globalassets/rapporter/2017/rapport-2017_22-kvalitetsgranskning-av-trafikverkets-forslag-till-nationell-plan-for-transportsystemet-2018-2029---delredovisning.pdf,Rapport 2017:22 Kvalitetsgranskning av Trafikverkets förslag till nationell plan för transportsystemet 2018-2029 - delredovisning,,kvalitetsdeklaration,2029,pdf,2026-10-05T18:46:48+00:00
trafikanalys,Trafikanalys,https://www.trafa.se/publikationer/,Trafikanalys publikationer,https://www.trafa.se/globalassets/rapporter/2017/rapport_2017_14_effekter-av_seca_pa_sjofart.pdf,Rapport 2017:14 Effekter av SECA på sjöfartens bränsleanvändning efterlevnad och kustnära luftkvalitet,,kvalitetsdeklaration,2017,pdf,2026-10-05T18:46:48+00:00
trafikanalys,Trafikanalys,https://www.trafa.se/publikationer/,Trafikanalys publikationer,https://www.trafa.se/globalassets/remissvar/2017/remiss-20170224.pdf,"Svar på remiss angående ""Statistiska centralbyråns föreskrifter (SCB-FS 2017:X) om utvärdering av den officiella statistikens kvalitet""",,kvalitetsdeklaration,2017,pdf,2026-10-05T18:46:48+00:00
trafikanalys,Trafikanalys,https://www.trafa.se/publikationer/,Trafikanalys publikationer,https://www.trafa.se/globalassets/remissvar/2010-2015/2015/remiss_20151218_2.pdf,Mått på livskvalitet (SOU 2015:56),,kvalitetsdeklaration,2015,pdf,2026-10-05T18:46:48+00:00
trafikanalys,Trafikanalys,https://www.trafa.se/publikationer/,Trafikanalys publikationer,https://www.trafa.se/globalassets/rapporter/2010-2015/2013/rapport_2013_11_kvalitetsgranskning_av_trafikverkets_foerslag_till_nationell_plan_foer_transportsystemet_2014-2025.pdf,Rapport 2013:11 Kvalitetsgranskning av Trafikverkets förslag till nationell plan för transportsystemet 2014-2025,,kvalitetsdeklaration,2025,pdf,2026-10-05T18:46:48+00:00
trafikanalys,Trafikanalys,https://www.trafa.se/publikationer/,Trafikanalys publikationer,https://www.trafa.se/globalassets/styrdokument/regeringsuppdrag/2010-2015/2013/kvalitetsgranska_aatgaerdsplanering_2013-05-30.pdf,Uppdrag att kvalitetsgranska förslag inom åtgärdsplaneringen,,kvalitetsdeklaration,2013,pdf,2026-10-05T18:46:48+00:00
trafikanalys,Trafikanalys,https://www.trafa.se/publikationer/,Trafikanalys publikationer,https://www.trafa.se/globalassets/rapporter/2010-2015/2012/rapport_2012_6_kvalitetssaekring_och_kostnadskontroll_i_de_nordiska_laenderna.pdf,Rapport 2012:6 Kvalitetssäkring och kostnadskontroll i de nordiska länderna,,kvalitetsdeklaration,2012,pdf,2026-10-05T18:46:48+00:00
